"Артикул";"Ozon Product ID";"SKU";"Штрихкод (Серийный номер / EAN)";"Название товара";"Контент-рейтинг";"Бренд";"Статус товара";"Метки";"Отзывы";"Рейтинг";"Причины скрытия";"Дата создания";"Категория";"Тип";"Объем товара, л";"Объемный вес, кг";"Доступно к продаже по схеме FBO, шт.";"Зарезервировано, шт";"Доступно к продаже по схеме FBS, шт.";"Доступно к продаже по схеме realFBS, шт.";"Зарезервировано на моих складах, шт";"Текущая цена с учетом скидки, ₽";"Цена до скидки (перечеркнутая цена), ₽";"Цена Premium, ₽";"Размер НДС, %";"Ошибки";"Предупреждения"
"голубой 54 54";"999100155";"1528346277";"2095202895514";"Жилет City Classic голубой 54 54";"'47";"City Classic";"Готов к продаже";;"0";"'0.00";;"2024-04-05 07:57:47";"Одежда";"Жилет";"'5.40";"'1.1";"0";"0";"0";"0";"0";"9750,00";"0,00";;"5%";;
"светло-зеленый 50 50";"999100160";"1528346169";"2095202895736";"Жилет City Classic светло-зеленый 50 50";"'47";"City Classic";"Готов к продаже";;"0";"'0.00";;"2024-04-05 07:57:47";"Одежда";"Жилет";"'5.40";"'1.1";"0";"0";"0";"0";"0";"9750,00";"0,00";;"5%";;
"светло-зеленый 46 46";"999100173";"1528346790";"2095202895712";"Жилет City Classic светло-зеленый 46 46";"'47";"City Classic";"Готов к продаже";;"0";"'0.00";;"2024-04-05 07:57:47";"Одежда";"Жилет";"'5.40";"'1.1";"0";"0";"0";"0";"0";"9750,00";"0,00";;"5%";;
"темно-синий 60 60";"999100182";"1528346285";"2095202895934";"Жилет City Classic темно-синий 60 60";"'47";"City Classic";"Готов к продаже";;"0";"'0.00";;"2024-04-05 07:57:48";"Одежда";"Жилет";"'5.40";"'1.1";"0";"0";"0";"0";"0";"10800,00";"0,00";;"5%";;
"светло-зеленый 52 52";"999100183";"1528347564";"2095202895743";"Жилет City Classic светло-зеленый 52 52";"'47";"City Classic";"Готов к продаже";;"0";"'0.00";;"2024-04-05 07:57:48";"Одежда";"Жилет";"'7.80";"'1.6";"0";"0";"0";"0";"0";"9750,00";"0,00";;"5%";;
"светло-зеленый 48 48";"999100188";"1528346805";"2095202895729";"Жилет City Classic светло-зеленый 48 48";"'47";"City Classic";"Готов к продаже";;"0";"'0.00";;"2024-04-05 07:57:48";"Одежда";"Жилет";"'7.80";"'1.6";"0";"0";"0";"0";"0";"9750,00";"0,00";;"5%";;
"темно-синий 52 52";"999100191";"1528345654";"2095202895422";"Жилет City Classic темно-синий 52 52";"'47";"City Classic";"Готов к продаже";;"0";"'0.00";;"2024-04-05 07:57:48";"Одежда";"Жилет";"'7.80";"'1.6";"0";"0";"0";"0";"0";"9750,00";"0,00";;"5%";;
"голубой 50 50";"999100195";"1528345663";"2095202895491";"Жилет City Classic голубой 50 50";"'47";"City Classic";"Готов к продаже";;"0";"'0.00";;"2024-04-05 07:57:48";"Одежда";"Жилет";"'7.80";"'1.6";"0";"0";"0";"0";"0";"9750,00";"0,00";;"5%";;
"голубой 58 58";"999100198";"1528345990";"2095202895538";"Жилет City Classic голубой 58 58";"'47";"City Classic";"Готов к продаже";;"0";"'0.00";;"2024-04-05 07:57:48";"Одежда";"Жилет";"'7.80";"'1.6";"0";"0";"0";"0";"0";"9750,00";"0,00";;"5%";;
"светло-бежевый 60 60";"999100199";"1528345397";"2095202895873";"Жилет City Classic светло-бежевый 60 60";"'47";"City Classic";"Готов к продаже";;"0";"'0.00";;"2024-04-05 07:57:48";"Одежда";"Жилет";"'7.80";"'1.6";"0";"0";"0";"0";"0";"10800,00";"0,00";;"5%";;
"031820N11CJ 99 56";"999100200";"1528348249";"04610279152179";"Жилетка утепленная стеганая City Classic";"'82";"City Classic";"Продается";;"7";"'5.00";;"2024-04-05 07:57:48";"Одежда";"Жилет";"'17.48";"'3.5";"4";"0";"0";"0";"0";"11920,00";"19550,00";;"5%";;
"темно-синий 48 48";"999100202";"1528345408";"2095202895408";"Жилет City Classic темно-синий 48 48";"'47";"City Classic";"Готов к продаже";;"0";"'0.00";;"2024-04-05 07:57:48";"Одежда";"Жилет";"'7.80";"'1.6";"0";"0";"0";"0";"0";"9750,00";"0,00";;"5%";;
"бирюзовый 50 50";"999100205";"1528345053";"2095202895651";"Жилет City Classic бирюзовый 50 50";"'47";"City Classic";"Готов к продаже";;"0";"'0.00";;"2024-04-05 07:57:48";"Одежда";"Жилет";"'7.80";"'1.6";"0";"0";"0";"0";"0";"9750,00";"0,00";;"5%";;
"светло-зеленый 44 44";"999100211";"1528345335";"2095202895705";"Жилет City Classic светло-зеленый 44 44";"'47";"City Classic";"Готов к продаже";;"0";"'0.00";;"2024-04-05 07:57:48";"Одежда";"Жилет";"'7.80";"'1.6";"0";"0";"0";"0";"0";"9750,00";"0,00";;"5%";;
"светло-бежевый 58 58";"999100212";"1528345520";"2095202895378";"Жилет City Classic светло-бежевый 58 58";"'47";"City Classic";"Готов к продаже";;"0";"'0.00";;"2024-04-05 07:57:48";"Одежда";"Жилет";"'7.80";"'1.6";"0";"0";"0";"0";"0";"9750,00";"0,00";;"5%";;
"светло-бежевый 48 48";"999100214";"1528346010";"2095202895323";"Жилет City Classic светло-бежевый 48 48";"'47";"City Classic";"Готов к продаже";;"0";"'0.00";;"2024-04-05 07:57:48";"Одежда";"Жилет";"'7.80";"'1.6";"0";"0";"0";"0";"0";"9750,00";"0,00";;"5%";;
"темно-синий 54 54";"999100216";"1528345931";"2095202895439";"Жилет City Classic темно-синий 54 54";"'47";"City Classic";"Готов к продаже";;"0";"'0.00";;"2024-04-05 07:57:48";"Одежда";"Жилет";"'7.80";"'1.6";"0";"0";"0";"0";"0";"9750,00";"0,00";;"5%";;
"голубой 46 46";"999100218";"1528346826";"2095202895477";"Жилет City Classic голубой 46 46";"'47";"City Classic";"Готов к продаже";;"0";"'0.00";;"2024-04-05 07:57:48";"Одежда";"Жилет";"'7.80";"'1.6";"0";"0";"0";"0";"0";"9750,00";"0,00";;"5%";;
"бирюзовый 56 56";"999100222";"1528346139";"2095202895682";"Жилет City Classic бирюзовый 56 56";"'47";"City Classic";"Готов к продаже";;"0";"'0.00";;"2024-04-05 07:57:48";"Одежда";"Жилет";"'7.80";"'1.6";"0";"0";"0";"0";"0";"9750,00";"0,00";;"5%";;
"голубой 48 48";"999100223";"1528346017";"2095202895484";"Жилет City Classic голубой 48 48";"'47";"City Classic";"Готов к продаже";;"0";"'0.00";;"2024-04-05 07:57:48";"Одежда";"Жилет";"'7.80";"'1.6";"0";"0";"0";"0";"0";"9750,00";"0,00";;"5%";;
"светло-бежевый 46 46";"999100224";"1528347109";"2095202895316";"Жилет City Classic светло-бежевый 46 46";"'47";"City Classic";"Готов к продаже";;"0";"'0.00";;"2024-04-05 07:57:48";"Одежда";"Жилет";"'7.80";"'1.6";"0";"0";"0";"0";"0";"9750,00";"0,00";;"5%";;
"светло-розовый 56 56";"999100226";"1528347701";"2095202895842";"Жилет City Classic светло-розовый 56 56";"'47";"City Classic";"Готов к продаже";;"0";"'0.00";;"2024-04-05 07:57:48";"Одежда";"Жилет";"'7.80";"'1.6";"0";"0";"0";"0";"0";"9750,00";"0,00";;"5%";;
"светло-зеленый 62 62";"999100228";"1528346201";"2095202971119";"Жилет City Classic светло-зеленый 62 62";"'47";"City Classic";"Готов к продаже";;"0";"'0.00";;"2024-04-05 07:57:48";"Одежда";"Жилет";"'7.80";"'1.6";"0";"0";"0";"0";"0";"21500,00";"0,00";;"5%";;
"светло-розовый 44 44";"999100229";"1528345817";"2095202895781";"Жилет City Classic светло-розовый 44 44";"'47";"City Classic";"Готов к продаже";;"0";"'0.00";;"2024-04-05 07:57:48";"Одежда";"Жилет";"'7.80";"'1.6";"0";"0";"0";"0";"0";"9750,00";"0,00";;"5%";;
"светло-розовый 48 48";"999100240";"1528346595";"2095202895804";"Жилет City Classic светло-розовый 48 48";"'47";"City Classic";"Готов к продаже";;"0";"'0.00";;"2024-04-05 07:57:48";"Одежда";"Жилет";"'7.80";"'1.6";"0";"0";"0";"0";"0";"9750,00";"0,00";;"5%";;
"бирюзовый 58 58";"999100251";"1528347144";"2095202895699";"Жилет City Classic бирюзовый 58 58";"'47";"City Classic";"Готов к продаже";;"0";"'0.00";;"2024-04-05 07:57:48";"Одежда";"Жилет";"'7.80";"'1.6";"0";"0";"0";"0";"0";"9750,00";"0,00";;"5%";;
"светло-зеленый 56 56";"999100256";"1528346148";"2095202895767";"Жилет City Classic светло-зеленый 56 56";"'47";"City Classic";"Готов к продаже";;"0";"'0.00";;"2024-04-05 07:57:49";"Одежда";"Жилет";"'7.80";"'1.6";"0";"0";"0";"0";"0";"9750,00";"0,00";;"5%";;
"светло-зеленый 64 64";"999100259";"1528346047";"2095202971126";"Жилет City Classic светло-зеленый 64 64";"'47";"City Classic";"Готов к продаже";;"0";"'0.00";;"2024-04-05 07:57:49";"Одежда";"Жилет";"'7.80";"'1.6";"0";"0";"0";"0";"0";"21500,00";"0,00";;"5%";;
"бирюзовый 54 54";"999100261";"1528346089";"2095202895675";"Жилет City Classic бирюзовый 54 54";"'47";"City Classic";"Готов к продаже";;"0";"'0.00";;"2024-04-05 07:57:49";"Одежда";"Жилет";"'7.80";"'1.6";"0";"0";"0";"0";"0";"9750,00";"0,00";;"5%";;
"светло-зеленый 58 58";"999100263";"1528347160";"2095202895774";"Жилет City Classic светло-зеленый 58 58";"'47";"City Classic";"Готов к продаже";;"0";"'0.00";;"2024-04-05 07:57:49";"Одежда";"Жилет";"'7.80";"'1.6";"0";"0";"0";"0";"0";"9750,00";"0,00";;"5%";;
"темно-синий 62 62";"999100266";"1528345152";"2095202895941";"Жилет City Classic темно-синий 62 62";"'47";"City Classic";"Готов к продаже";;"0";"'0.00";;"2024-04-05 07:57:49";"Одежда";"Жилет";"'7.80";"'1.6";"0";"0";"0";"0";"0";"10800,00";"0,00";;"5%";;
"голубой 56 56";"999100271";"1528347180";"2095202895521";"Жилет City Classic голубой 56 56";"'47";"City Classic";"Готов к продаже";;"0";"'0.00";;"2024-04-05 07:57:49";"Одежда";"Жилет";"'7.80";"'1.6";"0";"0";"0";"0";"0";"9750,00";"0,00";;"5%";;
"голубой 44 44";"999100272";"1528345568";"2095202895460";"Жилет City Classic голубой 44 44";"'47";"City Classic";"Готов к продаже";;"0";"'0.00";;"2024-04-05 07:57:49";"Одежда";"Жилет";"'7.80";"'1.6";"0";"0";"0";"0";"0";"9750,00";"0,00";;"5%";;
"светло-бежевый 50 50";"999100276";"1528345163";"2095202895330";"Жилет City Classic светло-бежевый 50 50";"'47";"City Classic";"Готов к продаже";;"0";"'0.00";;"2024-04-05 07:57:49";"Одежда";"Жилет";"'7.80";"'1.6";"0";"0";"0";"0";"0";"9750,00";"0,00";;"5%";;
"бирюзовый 64 64";"999100284";"1528345557";"2095202971089";"Жилет City Classic бирюзовый 64 64";"'47";"City Classic";"Готов к продаже";;"0";"'0.00";;"2024-04-05 07:57:49";"Одежда";"Жилет";"'7.80";"'1.6";"0";"0";"0";"0";"0";"21500,00";"0,00";;"5%";;
"бирюзовый 62 62";"999100289";"1528346615";"2095202971072";"Жилет City Classic бирюзовый 62 62";"'47";"City Classic";"Готов к продаже";;"0";"'0.00";;"2024-04-05 07:57:49";"Одежда";"Жилет";"'7.80";"'1.6";"0";"0";"0";"0";"0";"21500,00";"0,00";;"5%";;
"бирюзовый 44 44";"999100292";"1528346860";"2095202895620";"Жилет City Classic бирюзовый 44 44";"'47";"City Classic";"Готов к продаже";;"0";"'0.00";;"2024-04-05 07:57:49";"Одежда";"Жилет";"'7.80";"'1.6";"0";"0";"0";"0";"0";"9750,00";"0,00";;"5%";;
"бирюзовый 60 60";"999100296";"1528349044";"2095202971065";"Жилет City Classic бирюзовый 60 60";"'47";"City Classic";"Готов к продаже";;"0";"'0.00";;"2024-04-05 07:57:49";"Одежда";"Жилет";"'7.80";"'1.6";"0";"0";"0";"0";"0";"21500,00";"0,00";;"5%";;
"светло-зеленый 54 54";"999100305";"1528346099";"2095202895750";"Жилет City Classic светло-зеленый 54 54";"'47";"City Classic";"Готов к продаже";;"0";"'0.00";;"2024-04-05 07:57:49";"Одежда";"Жилет";"'7.80";"'1.6";"0";"0";"0";"0";"0";"9750,00";"0,00";;"5%";;
"темно-синий 64 64";"999100308";"1528345518";"2095202895958";"Жилет City Classic темно-синий 64 64";"'47";"City Classic";"Готов к продаже";;"0";"'0.00";;"2024-04-05 07:57:49";"Одежда";"Жилет";"'7.80";"'1.6";"0";"0";"0";"0";"0";"10800,00";"0,00";;"5%";;
"бирюзовый 48 48";"999100309";"1528345945";"2095202895644";"Жилет City Classic бирюзовый 48 48";"'47";"City Classic";"Готов к продаже";;"0";"'0.00";;"2024-04-05 07:57:49";"Одежда";"Жилет";"'7.80";"'1.6";"0";"0";"0";"0";"0";"9750,00";"0,00";;"5%";;
"темно-синий 58 58";"999100311";"1528347254";"2095202895453";"Жилет City Classic темно-синий 58 58";"'47";"City Classic";"Готов к продаже";;"0";"'0.00";;"2024-04-05 07:57:49";"Одежда";"Жилет";"'7.80";"'1.6";"0";"0";"0";"0";"0";"9750,00";"0,00";;"5%";;
"светло-розовый 54 54";"999100312";"1528347266";"2095202895835";"Жилет City Classic светло-розовый 54 54";"'47";"City Classic";"Готов к продаже";;"0";"'0.00";;"2024-04-05 07:57:50";"Одежда";"Жилет";"'7.80";"'1.6";"0";"0";"0";"0";"0";"9750,00";"0,00";;"5%";;
"светло-розовый 46 46";"999100314";"1528345678";"2095202895798";"Жилет City Classic светло-розовый 46 46";"'47";"City Classic";"Готов к продаже";;"0";"'0.00";;"2024-04-05 07:57:50";"Одежда";"Жилет";"'5.40";"'1.1";"0";"0";"0";"0";"0";"9750,00";"0,00";;"5%";;
"бирюзовый 46 46";"999100316";"1528347138";"2095202895637";"Жилет City Classic бирюзовый 46 46";"'47";"City Classic";"Готов к продаже";;"0";"'0.00";;"2024-04-05 07:57:50";"Одежда";"Жилет";"'7.80";"'1.6";"0";"0";"0";"0";"0";"9750,00";"0,00";;"5%";;
"бирюзовый 52 52";"999100317";"1528346630";"2095202895668";"Жилет City Classic бирюзовый 52 52";"'47";"City Classic";"Готов к продаже";;"0";"'0.00";;"2024-04-05 07:57:50";"Одежда";"Жилет";"'7.80";"'1.6";"0";"0";"0";"0";"0";"9750,00";"0,00";;"5%";;
"светло-розовый 50 50";"999100321";"1528346454";"2095202895811";"Жилет City Classic светло-розовый 50 50";"'47";"City Classic";"Готов к продаже";;"0";"'0.00";;"2024-04-05 07:57:50";"Одежда";"Жилет";"'7.80";"'1.6";"0";"0";"0";"0";"0";"9750,00";"0,00";;"5%";;
"светло-розовый 58 58";"999100322";"1528346873";"2095202895859";"Жилет City Classic светло-розовый 58 58";"'47";"City Classic";"Готов к продаже";;"0";"'0.00";;"2024-04-05 07:57:50";"Одежда";"Жилет";"'7.80";"'1.6";"0";"0";"0";"0";"0";"9750,00";"0,00";;"5%";;
"красный 44 44";"999100325";"1528345920";"2095202895545";"Жилет City Classic красный 44 44";"'54.5";"City Classic";"Готов к продаже";;"0";"'0.00";;"2024-04-05 07:57:50";"Одежда";"Жилет";"'5.85";"'1.2";"0";"0";"0";"0";"0";"21500,00";"0,00";;"5%";;
"темно-синий 44 44";"999100341";"1528345904";"2095202895385";"Жилет City Classic темно-синий 44 44";"'47";"City Classic";"Готов к продаже";;"0";"'0.00";;"2024-04-05 07:57:50";"Одежда";"Жилет";"'7.80";"'1.6";"0";"0";"0";"0";"0";"9750,00";"0,00";;"5%";;
"темно-синий 46 46";"999100415";"1528348366";"2095202895392";"Жилет City Classic темно-синий 46 46";"'47";"City Classic";"Готов к продаже";;"0";"'0.00";;"2024-04-05 07:57:50";"Одежда";"Жилет";"'7.80";"'1.6";"0";"0";"0";"0";"0";"9750,00";"0,00";;"5%";;
"светло-бежевый 54 54";"999100417";"1528346646";"2095202895354";"Жилет City Classic светло-бежевый 54 54";"'47";"City Classic";"Готов к продаже";;"0";"'0.00";;"2024-04-05 07:57:50";"Одежда";"Жилет";"'7.80";"'1.6";"0";"0";"0";"0";"0";"9750,00";"0,00";;"5%";;
"светло-бежевый 44 44";"999100419";"1528348405";"2095202895309";"Жилет City Classic светло-бежевый 44 44";"'47";"City Classic";"Готов к продаже";;"0";"'0.00";;"2024-04-05 07:57:50";"Одежда";"Жилет";"'7.80";"'1.6";"0";"0";"0";"0";"0";"9750,00";"0,00";;"5%";;
"светло-бежевый 62 62";"999100422";"1528346287";"2095202895880";"Жилет City Classic светло-бежевый 62 62";"'47";"City Classic";"Готов к продаже";;"0";"'0.00";;"2024-04-05 07:57:50";"Одежда";"Жилет";"'7.80";"'1.6";"0";"0";"0";"0";"0";"10800,00";"0,00";;"5%";;
"светло-розовый 52 52";"999100425";"1528346437";"2095202895828";"Жилет City Classic светло-розовый 52 52";"'47";"City Classic";"Готов к продаже";;"0";"'0.00";;"2024-04-05 07:57:50";"Одежда";"Жилет";"'7.80";"'1.6";"0";"0";"0";"0";"0";"9750,00";"0,00";;"5%";;
"светло-бежевый 64 64";"999100428";"1528344916";"2095202895897";"Жилет City Classic светло-бежевый 64 64";"'47";"City Classic";"Готов к продаже";;"0";"'0.00";;"2024-04-05 07:57:50";"Одежда";"Жилет";"'7.80";"'1.6";"0";"0";"0";"0";"0";"10800,00";"0,00";;"5%";;
"темно-синий 50 50";"999100439";"1528345708";"2095202895415";"Жилет City Classic темно-синий 50 50";"'47";"City Classic";"Готов к продаже";;"0";"'0.00";;"2024-04-05 07:57:50";"Одежда";"Жилет";"'7.80";"'1.6";"0";"0";"0";"0";"0";"9750,00";"0,00";;"5%";;
"светло-бежевый 56 56";"999100445";"1528346485";"2095202895361";"Жилет City Classic светло-бежевый 56 56";"'47";"City Classic";"Готов к продаже";;"0";"'0.00";;"2024-04-05 07:57:51";"Одежда";"Жилет";"'7.80";"'1.6";"0";"0";"0";"0";"0";"9750,00";"0,00";;"5%";;
"голубой 52 52";"999100452";"1528345733";"2095202895507";"Жилет City Classic голубой 52 52";"'47";"City Classic";"Готов к продаже";;"0";"'0.00";;"2024-04-05 07:57:51";"Одежда";"Жилет";"'7.80";"'1.6";"0";"0";"0";"0";"0";"9750,00";"0,00";;"5%";;
"031820N11CJ FS 52";"999100456";"1528347361";"04660426040781";"Жилетка утепленная стеганая City Classic";"'82";"City Classic";"Продается";;"6";"'5.00";;"2024-04-05 07:57:51";"Одежда";"Жилет";"'20.40";"'4.1";"9";"0";"0";"0";"0";"11920,00";"19550,00";;"5%";;
"светло-зеленый 60 60";"999100458";"1528345620";"2095202971102";"Жилет City Classic светло-зеленый 60 60";"'47";"City Classic";"Готов к продаже";;"0";"'0.00";;"2024-04-05 07:57:51";"Одежда";"Жилет";"'7.80";"'1.6";"0";"0";"0";"0";"0";"21500,00";"0,00";;"5%";;
"031820N11CJ 99 54";"999396829";"1528621656";"04610279152162";"Жилетка утепленная стеганая City Classic";"'82";"City Classic";"Продается";;"8";"'5.00";;"2024-04-05 09:11:41";"Одежда";"Жилет";"'17.48";"'3.5";"2";"0";"0";"0";"0";"11920,00";"19550,00";;"5%";;
"031820N11CJ 99 48";"999427281";"1528634794";"04610279152131";"Жилетка утепленная стеганая City Classic";"'82";"City Classic";"Продается";;"9";"'5.00";;"2024-04-05 09:18:46";"Одежда";"Жилет";"'17.48";"'3.5";"7";"0";"0";"0";"0";"11920,00";"19550,00";;"5%";;
"031820N11CJ 99 50";"999451287";"1528671849";"04610279152148";"Жилетка утепленная стеганая City Classic";"'82";"City Classic";"Продается";;"7";"'5.00";;"2024-04-05 09:24:25";"Одежда";"Жилет";"'17.48";"'3.5";"4";"0";"0";"0";"0";"11920,00";"19550,00";;"5%";;
"031820N11CJ 99 52";"999767136";"1528945076";"04610279152155";"Жилетка утепленная стеганая City Classic";"'82";"City Classic";"Продается";;"10";"'5.00";;"2024-04-05 11:35:38";"Одежда";"Жилет";"'17.48";"'3.5";"3";"0";"0";"0";"0";"11920,00";"19550,00";;"5%";;
"011820N10C-1 FS 48";"999872247";"1529115442";"04610279149254";"Куртка City Classic кремовый 48";"'54.5";"City Classic";"Готов к продаже";;"2";"'5.00";;"2024-04-05 12:27:40";"Одежда";"Куртка";"'8.40";"'1.7";"0";"0";"0";"0";"0";"12700,00";"19800,00";;"5%";;
"011820N10C-1 FS 52";"999872261";"1529113368";"04610279149278";"Куртка City Classic кремовый 52";"'54.5";"City Classic";"Готов к продаже";;"6";"'5.00";;"2024-04-05 12:27:41";"Одежда";"Куртка";"'8.40";"'1.7";"0";"0";"0";"0";"0";"12700,00";"19800,00";;"5%";;
"011820N10C-1 FS 50";"999872437";"1529099608";"04610279149261";"Куртка City Classic кремовый 50";"'54.5";"City Classic";"Готов к продаже";;"3";"'5.00";;"2024-04-05 12:27:43";"Одежда";"Куртка";"'8.40";"'1.7";"0";"0";"0";"0";"0";"12700,00";"19800,00";;"5%";;
"011820N10C-1 FS 54";"999872451";"1529098012";"04610279149285";"Куртка City Classic кремовый 54";"'54.5";"City Classic";"Готов к продаже";;"4";"'5.00";;"2024-04-05 12:27:43";"Одежда";"Куртка";"'8.40";"'1.7";"0";"0";"0";"0";"0";"12700,00";"19800,00";;"5%";;
"011820N10C-1 FS 56";"999872466";"1529090513";"04610279149292";"Куртка City Classic кремовый 56";"'54.5";"City Classic";"Готов к продаже";;"3";"'5.00";;"2024-04-05 12:27:43";"Одежда";"Куртка";"'8.40";"'1.7";"0";"0";"0";"0";"0";"12700,00";"19800,00";;"5%";;
"011820N10C-1 FS 44";"999872787";"1529070859";;"Куртка City Classic кремовый 44";"'54.5";"City Classic";"Готов к продаже";;"0";"'0.00";;"2024-04-05 12:27:44";"Одежда";"Куртка";"'9.80";"'2.0";"0";"0";"0";"0";"0";"12700,00";"19800,00";;"5%";;
"701821N01N 73 54";"1000000752";"1542936455";"04610279105601";"Куртка NortFolk хаки 54";"'54.5";"NortFolk";"Готов к продаже";;"0";"'4.70";;"2024-04-05 13:30:16";"Одежда";"Куртка";"'8.40";"'1.7";"0";"0";"0";"0";"0";"9990,00";"19900,00";;"5%";;
"701821N01N 20 52";"1000000753";"1542937880";"04610279105809";"Куртка NortFolk бежевый 52";"'54.5";"NortFolk";"Готов к продаже";;"1";"'4.70";;"2024-04-05 13:30:16";"Одежда";"Куртка";"'8.40";"'1.7";"0";"0";"0";"0";"0";"9990,00";"19900,00";;"5%";;
"701821N01N 106 54";"1000000771";"1542942098";"04610279105670";"Куртка NortFolk коричневый 54";"'54.5";"NortFolk";"Готов к продаже";;"1";"'4.70";;"2024-04-05 13:30:17";"Одежда";"Куртка";"'8.40";"'1.7";"0";"0";"0";"0";"0";"9990,00";"19900,00";;"5%";;
"701821N01N 20 56";"1000000786";"1542954312";"04610279105823";"Куртка NortFolk бежевый 56";"'54.5";"NortFolk";"Готов к продаже";;"3";"'4.70";;"2024-04-05 13:30:17";"Одежда";"Куртка";"'8.40";"'1.7";"0";"0";"0";"0";"0";"9990,00";"19900,00";;"5%";;
"701821N01N 73 50";"1000000789";"1542946867";"04610279105588";"Куртка NortFolk хаки 50";"'54.5";"NortFolk";"Готов к продаже";;"3";"'4.70";;"2024-04-05 13:30:17";"Одежда";"Куртка";"'8.40";"'1.7";"0";"0";"0";"0";"0";"9990,00";"19900,00";;"5%";;
"701821N01N 20 54";"1000000811";"1529379895";"04610279105816";"Куртка NortFolk бежевый 54";"'54.5";"NortFolk";"Готов к продаже";;"2";"'4.70";;"2024-04-05 13:30:18";"Одежда";"Куртка";"'8.40";"'1.7";"0";"0";"0";"0";"0";"9990,00";"19900,00";;"5%";;
"701821N01N 73 52";"1000000826";"1542958421";"04610279105595";"Куртка NortFolk хаки 52";"'54.5";"NortFolk";"Готов к продаже";;"3";"'4.70";;"2024-04-05 13:30:19";"Одежда";"Куртка";"'8.40";"'1.7";"0";"0";"0";"0";"0";"9990,00";"19900,00";;"5%";;
"701821N01N 106 46";"1000000864";"1542955344";"04610279105632";"Куртка демисезонная Nortfolk";"'30";"NortFolk";"Готов к продаже";;"0";"'4.70";;"2024-04-05 13:30:19";"Одежда";"Куртка";"'13.00";"'2.6";"0";"0";"0";"0";"0";"9990,00";"19900,00";;"5%";;
"701821N01N 106 50";"1000000896";"1542952140";"04610279105656";"Куртка NortFolk коричневый 50";"'54.5";"NortFolk";"Готов к продаже";;"3";"'4.70";;"2024-04-05 13:30:19";"Одежда";"Куртка";"'8.40";"'1.7";"0";"0";"0";"0";"0";"9990,00";"19900,00";;"5%";;
"701821N01N 20 50";"1000000917";"1542950622";"04610279105793";"Куртка NortFolk бежевый 50";"'54.5";"NortFolk";"Готов к продаже";;"1";"'4.70";;"2024-04-05 13:30:19";"Одежда";"Куртка";"'8.40";"'1.7";"0";"0";"0";"0";"0";"9990,00";"19900,00";;"5%";;
"701821N01N 73 56";"1000000930";"1542949613";"04610279105618";"Куртка NortFolk хаки 56";"'54.5";"NortFolk";"Готов к продаже";;"3";"'4.70";;"2024-04-05 13:30:19";"Одежда";"Куртка";"'8.40";"'1.7";"0";"0";"0";"0";"0";"9990,00";"19900,00";;"5%";;
"701821N01N 20 48";"1000000962";"1542934846";"04610279105786";"Куртка NortFolk бежевый 48";"'54.5";"NortFolk";"Готов к продаже";;"2";"'4.70";;"2024-04-05 13:30:20";"Одежда";"Куртка";"'8.40";"'1.7";"0";"0";"0";"0";"0";"9990,00";"19900,00";;"5%";;
"701821N01N 20 46";"1000000984";"1542933262";"04610279105779";"Куртка NortFolk бежевый 46";"'54.5";"NortFolk";"Готов к продаже";;"1";"'4.70";;"2024-04-05 13:30:20";"Одежда";"Куртка";"'8.40";"'1.7";"0";"0";"0";"0";"0";"9990,00";"19900,00";;"5%";;
"701821N01N 20 58";"1000000994";"1542930456";"04610279105830";"Куртка NortFolk бежевый 58";"'54.5";"NortFolk";"Готов к продаже";;"2";"'4.70";;"2024-04-05 13:30:20";"Одежда";"Куртка";"'8.40";"'1.7";"0";"0";"0";"0";"0";"9990,00";"19900,00";;"5%";;
"701821N01N 106 52";"1000000995";"1542931401";"04610279105663";"Куртка NortFolk коричневый 52";"'54.5";"NortFolk";"Готов к продаже";;"2";"'4.70";;"2024-04-05 13:30:20";"Одежда";"Куртка";"'8.40";"'1.7";"0";"0";"0";"0";"0";"9990,00";"19900,00";;"5%";;
"701821N01N 73 46";"1000001006";"1542924892";"04610279105564";"Куртка NortFolk хаки 46";"'54.5";"NortFolk";"Готов к продаже";;"3";"'4.70";;"2024-04-05 13:30:20";"Одежда";"Куртка";"'8.40";"'1.7";"0";"0";"0";"0";"0";"9990,00";"19900,00";;"5%";;
"701821N01N 73 48";"1000001035";"1542922311";"04610279105571";"Куртка NortFolk хаки 48";"'54.5";"NortFolk";"Готов к продаже";;"1";"'4.70";;"2024-04-05 13:30:20";"Одежда";"Куртка";"'8.40";"'1.7";"0";"0";"0";"0";"0";"9990,00";"19900,00";;"5%";;
"701821N01N 106 48";"1000001069";"1542922231";"04610279105649";"Куртка NortFolk коричневый 48";"'54.5";"NortFolk";"Готов к продаже";;"1";"'4.70";;"2024-04-05 13:30:21";"Одежда";"Куртка";"'8.40";"'1.7";"0";"0";"0";"0";"0";"9990,00";"19900,00";;"5%";;
"701821N01N 73 58";"1000001158";"1533485864";"04610279105625";"Куртка NortFolk хаки 58";"'54.5";"NortFolk";"Готов к продаже";;"2";"'4.70";;"2024-04-05 13:30:23";"Одежда";"Куртка";"'8.40";"'1.7";"0";"0";"0";"0";"0";"9990,00";"19900,00";;"5%";;
"802950N10N-1 157 52";"1002668336";"1531460769";"04680351552777";"Куртка женская демисезонная стеганая удлиненная NortFolk";"'54.5";"NortFolk";"Готов к продаже";;"6";"'4.50";;"2024-04-06 13:40:28";"Одежда";"Куртка";"'17.55";"'3.5";"0";"0";"0";"0";"0";"13150,00";"25900,00";;"5%";;
"802950N10N-1 100 54";"1002668342";"1531460852";"04680351552623";"Куртка женская демисезонная стеганая удлиненная NortFolk";"'50";"NortFolk";"Готов к продаже";;"3";"'4.50";;"2024-04-06 13:40:28";"Одежда";"Куртка";"'17.55";"'3.5";"0";"0";"0";"0";"0";"13150,00";"25900,00";;"5%";;
"802950N10N-1 157 56";"1002668344";"1531461011";"04680351552791";"Куртка женская демисезонная стеганая удлиненная NortFolk";"'54.5";"NortFolk";"Готов к продаже";;"5";"'4.50";;"2024-04-06 13:40:28";"Одежда";"Куртка";"'17.55";"'3.5";"0";"0";"0";"0";"0";"13150,00";"25900,00";;"5%";;
"802950N10N-1 157 50";"1002668345";"1531460940";"04680351552760";"Куртка женская демисезонная стеганая удлиненная NortFolk";"'54.5";"NortFolk";"Готов к продаже";;"6";"'4.50";;"2024-04-06 13:40:28";"Одежда";"Куртка";"'17.55";"'3.5";"0";"0";"0";"0";"0";"13150,00";"25900,00";;"5%";;
"802950N10N-1 100 52";"1002668346";"1531460853";"04680351552616";"Куртка женская демисезонная стеганая удлиненная NortFolk";"'50";"NortFolk";"Готов к продаже";;"1";"'4.50";;"2024-04-06 13:40:28";"Одежда";"Куртка";"'17.55";"'3.5";"0";"0";"0";"0";"0";"13150,00";"25900,00";;"5%";;
"802950N10N-1 255 44";"1002668347";"1531460983";"04680351552654";"Куртка женская демисезонная стеганая удлиненная NortFolk";"'54.5";"NortFolk";"Готов к продаже";;"3";"'4.50";;"2024-04-06 13:40:28";"Одежда";"Куртка";"'17.55";"'3.5";"0";"0";"0";"0";"0";"13150,00";"25900,00";;"5%";;
"802950N10N-1 255 50";"1002668352";"1531461113";"04680351552685";"Куртка женская демисезонная стеганая удлиненная NortFolk";"'54.5";"NortFolk";"Готов к продаже";;"6";"'4.50";;"2024-04-06 13:40:31";"Одежда";"Куртка";"'17.55";"'3.5";"0";"0";"0";"0";"0";"13150,00";"25900,00";;"5%";;
"802950N10N-1  100 48";"1002668353";"1531460964";;"Куртка NortFolk черный 48 48";"'50";"NortFolk";"Готов к продаже";;"0";"'0.00";;"2024-04-06 13:40:31";"Одежда";"Куртка";"'6.83";"'1.4";"0";"0";"0";"0";"0";"13150,00";"25900,00";;"5%";;
"802950N10N-1 157 44";"1002668354";"1531461018";"04680351552739";"Куртка женская демисезонная стеганая удлиненная NortFolk";"'54.5";"NortFolk";"Готов к продаже";;"2";"'4.50";;"2024-04-06 13:40:31";"Одежда";"Куртка";"'17.55";"'3.5";"0";"0";"0";"0";"0";"13150,00";"25900,00";;"5%";;
"802950N10N-1 157 58";"1002668357";"1531460969";"04680351552807";"Куртка женская демисезонная стеганая удлиненная NortFolk";"'54.5";"NortFolk";"Готов к продаже";;"2";"'0.00";;"2024-04-06 13:40:32";"Одежда";"Куртка";"'17.55";"'3.5";"0";"0";"0";"0";"0";"13150,00";"25900,00";;"5%";;
"802950N10N-1 255 56";"1002668359";"1531460976";"04680351552715";"Куртка женская демисезонная стеганая удлиненная NortFolk";"'54.5";"NortFolk";"Готов к продаже";;"3";"'4.50";;"2024-04-06 13:40:32";"Одежда";"Куртка";"'17.55";"'3.5";"0";"0";"0";"0";"0";"13150,00";"25900,00";;"5%";;
"802950N10N-1 157 46";"1002668360";"1531460921";"04680351552746";"Куртка женская демисезонная стеганая удлиненная NortFolk";"'54.5";"NortFolk";"Готов к продаже";;"2";"'4.50";;"2024-04-06 13:40:32";"Одежда";"Куртка";"'17.55";"'3.5";"0";"0";"0";"0";"0";"13150,00";"25900,00";;"5%";;
"802950N10N-1 255 52";"1002668362";"1531460885";"04680351552692";"Куртка женская демисезонная стеганая удлиненная NortFolk";"'54.5";"NortFolk";"Готов к продаже";;"4";"'4.50";;"2024-04-06 13:40:32";"Одежда";"Куртка";"'17.55";"'3.5";"0";"0";"0";"0";"0";"13150,00";"25900,00";;"5%";;
"802950N10N-1 157 48";"1002668365";"1531460949";"04680351552753";"Куртка женская демисезонная стеганая удлиненная NortFolk";"'54.5";"NortFolk";"Готов к продаже";;"4";"'4.50";;"2024-04-06 13:40:32";"Одежда";"Куртка";"'17.55";"'3.5";"0";"0";"0";"0";"0";"13150,00";"25900,00";;"5%";;
"802950N10N-1 255 48";"1002668366";"1531461129";"04680351552678";"Куртка женская демисезонная стеганая удлиненная NortFolk";"'54.5";"NortFolk";"Готов к продаже";;"1";"'4.50";;"2024-04-06 13:40:32";"Одежда";"Куртка";"'17.55";"'3.5";"0";"0";"0";"0";"0";"13150,00";"25900,00";;"5%";;
"802950N10N-1 255 58";"1002668369";"1531460780";"04680351552722";"Куртка женская демисезонная стеганая удлиненная NortFolk";"'54.5";"NortFolk";"Готов к продаже";;"2";"'4.50";;"2024-04-06 13:40:33";"Одежда";"Куртка";"'17.55";"'3.5";"0";"0";"0";"0";"0";"13150,00";"25900,00";;"5%";;
"802950N10N-1 100 56";"1002668372";"1531460992";"04680351552630";"Куртка женская демисезонная стеганая удлиненная NortFolk";"'50";"NortFolk";"Готов к продаже";;"2";"'4.50";;"2024-04-06 13:40:33";"Одежда";"Куртка";"'17.55";"'3.5";"0";"0";"0";"0";"0";"13150,00";"25900,00";;"5%";;
"802950N10N-1 157 54";"1002668374";"1531461101";"04680351552784";"Куртка женская демисезонная стеганая удлиненная NortFolk";"'54.5";"NortFolk";"Готов к продаже";;"3";"'4.50";;"2024-04-06 13:40:34";"Одежда";"Куртка";"'17.55";"'3.5";"0";"0";"0";"0";"0";"13150,00";"25900,00";;"5%";;
"802950N10N-1 255 54";"1002668375";"1531460993";"04680351552708";"Куртка женская демисезонная стеганая удлиненная NortFolk";"'54.5";"NortFolk";"Готов к продаже";;"5";"'4.50";;"2024-04-06 13:40:34";"Одежда";"Куртка";"'17.55";"'3.5";"0";"0";"0";"0";"0";"13150,00";"25900,00";;"5%";;
"802950N10N-1 255 46";"1002668379";"1531460967";"04680351552661";"Куртка женская демисезонная стеганая удлиненная NortFolk";"'54.5";"NortFolk";"Готов к продаже";;"2";"'4.50";;"2024-04-06 13:40:36";"Одежда";"Куртка";"'17.55";"'3.5";"0";"0";"0";"0";"0";"13150,00";"25900,00";;"5%";;
"802950N10N-1 100 50";"1002668380";"1531460950";"04680351552609";"Куртка женская демисезонная стеганая удлиненная NortFolk";"'50";"NortFolk";"Готов к продаже";;"2";"'4.50";;"2024-04-06 13:40:36";"Одежда";"Куртка";"'17.55";"'3.5";"0";"0";"0";"0";"0";"13150,00";"25900,00";;"5%";;
"802950N10N-1 100 46";"1002668384";"1531461177";;"Куртка NortFolk черный 46 46";"'50";"NortFolk";"Готов к продаже";;"0";"'0.00";;"2024-04-06 13:40:36";"Одежда";"Куртка";"'6.83";"'1.4";"0";"0";"0";"0";"0";"13150,00";"25900,00";;"5%";;
"802950N10N-1 100 44";"1002668393";"1531461257";;"Куртка NortFolk черный 44 44";"'50";"NortFolk";"Готов к продаже";;"0";"'0.00";;"2024-04-06 13:40:36";"Одежда";"Куртка";"'6.83";"'1.4";"0";"0";"0";"0";"0";"13150,00";"25900,00";;"5%";;
"802950N10N-1 100 58";"1002668396";"1531461180";"04680351552647";"Куртка женская демисезонная стеганая удлиненная NortFolk";"'50";"NortFolk";"Готов к продаже";;"2";"'4.50";;"2024-04-06 13:40:37";"Одежда";"Куртка";"'17.55";"'3.5";"0";"0";"0";"0";"0";"13150,00";"25900,00";;"5%";;
"780951N11NJ 90 54";"1002871335";"1533485976";"04610279088072";"Жилет утепленный NortFolk";"'65";"NortFolk";"Продается";;"11";"'4.90";;"2024-04-06 15:43:10";"Одежда";"Жилет";"'10.50";"'2.1";"1";"0";"0";"0";"0";"11350,00";"20150,00";;"5%";;
"780951N11NJ 90 60";"1002871349";"1533504770";"04610279088102";"Жилет утепленный NortFolk";"'65";"NortFolk";"Готов к продаже";;"8";"'4.90";;"2024-04-06 15:43:12";"Одежда";"Жилет";"'39.15";"'7.8";"0";"0";"0";"0";"0";"11350,00";"20150,00";;"5%";;"Изменить габариты и вес нельзя: мы уже замерили их и закрепили за карточкой товара. Если заметили неточность, напишите в поддержку — всё проверим и исправим."
"780951N11NJ 99 58";"1002871364";"1533504998";"04610279088171";"Жилет утепленный NortFolk";"'69.5";"NortFolk";"Готов к продаже";;"6";"'4.90";;"2024-04-06 15:43:12";"Одежда";"Жилет";"'33.97";"'6.8";"0";"0";"0";"0";"0";"11350,00";"20150,00";;"5%";;"Изменить габариты и вес нельзя: мы уже замерили их и закрепили за карточкой товара. Если заметили неточность, напишите в поддержку — всё проверим и исправим."
"780951N11NJ 90 58";"1002871369";"1533457389";"04610279088096";"Жилет утепленный NortFolk";"'83";"NortFolk";"Продается";;"1";"'5.00";;"2024-04-06 15:43:14";"Одежда";"Жилет";"'10.50";"'2.1";"6";"0";"0";"0";"0";"11350,00";"20150,00";;"5%";;
"780951N11NJ 99 54";"1002871376";"1533480148";"04610279088157";"Жилет утепленный NortFolk";"'69.5";"NortFolk";"Продается";;"4";"'4.50";;"2024-04-06 15:43:16";"Одежда";"Жилет";"'10.50";"'2.1";"8";"0";"0";"0";"0";"11350,00";"20150,00";;"5%";;
"780951N11NJ 99 52";"1002871388";"1533493726";"04610279088140";"Жилет утепленный NortFolk";"'87.5";"NortFolk";"Продается";;"6";"'4.60";;"2024-04-06 15:43:18";"Одежда";"Жилет";"'10.50";"'2.1";"7";"0";"0";"0";"0";"11350,00";"20150,00";;"5%";;
"780951N11NJ 90 56";"1002871398";"1533504954";"04610279088089";"Жилет утепленный NortFolk";"'83";"NortFolk";"Продается";;"10";"'4.90";;"2024-04-06 15:43:18";"Одежда";"Жилет";"'10.50";"'2.1";"5";"0";"0";"0";"0";"11350,00";"20150,00";;"5%";;
"780951N11NJ 99 60";"1002871399";"1533472584";"04610279088188";"Жилет утепленный NortFolk";"'69.5";"NortFolk";"Продается";;"8";"'4.90";;"2024-04-06 15:43:18";"Одежда";"Жилет";"'40.37";"'8.1";"1";"0";"0";"0";"0";"11350,00";"20150,00";;"5%";;"Изменить габариты и вес нельзя: мы уже замерили их и закрепили за карточкой товара. Если заметили неточность, напишите в поддержку — всё проверим и исправим."
"780951N11NJ 206 60";"1002871420";"1533502680";"04610279088256";"Жилет утепленный NortFolk";"'65";"NortFolk";"Продается";;"6";"'4.90";;"2024-04-06 15:43:20";"Одежда";"Жилет";"'28.36";"'5.7";"1";"0";"0";"0";"0";"11350,00";"20150,00";;"5%";;"Изменить габариты и вес нельзя: мы уже замерили их и закрепили за карточкой товара. Если заметили неточность, напишите в поддержку — всё проверим и исправим."
"780951N11NJ 99 56";"1002871424";"1533457404";"04610279088164";"Жилет утепленный NortFolk";"'87.5";"NortFolk";"Продается";;"9";"'4.90";;"2024-04-06 15:43:20";"Одежда";"Жилет";"'34.34";"'6.9";"4";"0";"0";"0";"0";"11350,00";"20150,00";;"5%";;"Изменить габариты и вес нельзя: мы уже замерили их и закрепили за карточкой товара. Если заметили неточность, напишите в поддержку — всё проверим и исправим."
"780951N11NJ 99 48";"1002871430";"1533472864";"04610279088126";"Жилет утепленный NortFolk";"'69.5";"NortFolk";"Продается";;"0";"'4.90";;"2024-04-06 15:43:22";"Одежда";"Жилет";"'10.50";"'2.1";"4";"0";"0";"0";"0";"11350,00";"20150,00";;"5%";;
"780951N11NJ 90 48";"1002871435";"1533407390";"04610279088041";"Жилет утепленный NortFolk";"'83";"NortFolk";"Продается";;"4";"'4.90";;"2024-04-06 15:43:22";"Одежда";"Жилет";"'22.16";"'4.4";"5";"0";"0";"0";"0";"11350,00";"20150,00";;"5%";;"Изменить габариты и вес нельзя: мы уже замерили их и закрепили за карточкой товара. Если заметили неточность, напишите в поддержку — всё проверим и исправим."
"780951N11NJ 90 52";"1002871443";"1533502823";"04610279088065";"Жилет утепленный NortFolk";"'65";"NortFolk";"Готов к продаже";;"10";"'4.90";;"2024-04-06 15:43:23";"Одежда";"Жилет";"'10.50";"'2.1";"0";"0";"0";"0";"0";"11350,00";"20150,00";;"5%";;
"780951N11NJ 90 50";"1002871461";"1533480098";"04610279088058";"Жилет утепленный NortFolk";"'65";"NortFolk";"Готов к продаже";;"10";"'4.90";;"2024-04-06 15:43:26";"Одежда";"Жилет";"'25.32";"'5.1";"0";"0";"0";"0";"0";"11350,00";"20150,00";;"5%";;"Изменить габариты и вес нельзя: мы уже замерили их и закрепили за карточкой товара. Если заметили неточность, напишите в поддержку — всё проверим и исправим."
"031820N11CJ 3-2 54";"1016400324";"1543031042";"04610279152483";"Жилетка утепленная стеганая City Classic";"'82";"City Classic";"Готов к продаже";;"4";"'5.00";;"2024-04-12 08:44:39";"Одежда";"Жилет";"'17.48";"'3.5";"0";"0";"0";"0";"0";"11920,00";"19550,00";;"5%";;
"031820N11CJ 71 50";"1016400376";"1543030266";"04610279152308";"Жилетка утепленная стеганая City Classic";"'82";"City Classic";"Продается";;"8";"'5.00";;"2024-04-12 08:44:40";"Одежда";"Жилет";"'17.48";"'3.5";"5";"0";"0";"0";"0";"11920,00";"19550,00";;"5%";;
"031820N11CJ 3-2 52";"1016400398";"1543030012";"04610279152476";"Жилетка утепленная стеганая City Classic";"'82";"City Classic";"Продается";;"3";"'5.00";;"2024-04-12 08:44:40";"Одежда";"Жилет";"'17.48";"'3.5";"2";"0";"0";"0";"0";"11920,00";"19550,00";;"5%";;
"031820N11CJ 71 54";"1016400462";"1543030320";"04610279152322";"Жилетка утепленная стеганая City Classic";"'82";"City Classic";"Готов к продаже";;"7";"'5.00";;"2024-04-12 08:44:40";"Одежда";"Жилет";"'17.48";"'3.5";"0";"0";"0";"0";"0";"11920,00";"19550,00";;"5%";;
"031820N11CJ 3-2 50";"1016400488";"1543030311";"04610279152469";"Жилетка утепленная стеганая City Classic";"'82";"City Classic";"Готов к продаже";;"8";"'5.00";;"2024-04-12 08:44:41";"Одежда";"Жилет";"'17.48";"'3.5";"0";"0";"0";"0";"0";"11920,00";"19550,00";;"5%";;
"031820N11CJ 102 54";"1016400532";"1543030643";"04610279152407";"Жилетка утепленная стеганая City Classic";"'82";"City Classic";"Готов к продаже";;"3";"'4.80";;"2024-04-12 08:44:41";"Одежда";"Жилет";"'17.48";"'3.5";"0";"0";"0";"0";"0";"11920,00";"19550,00";;"5%";;
"031820N11CJ 102 52";"1016400553";"1543030488";"04610279152391";"Жилетка утепленная стеганая City Classic";"'82";"City Classic";"Продается";;"3";"'4.80";;"2024-04-12 08:44:41";"Одежда";"Жилет";"'17.48";"'3.5";"1";"0";"0";"0";"0";"11920,00";"19550,00";;"5%";;
"031820N11CJ 102 48";"1016400565";"1543030315";"04610279152377";"Жилетка утепленная стеганая City Classic";"'82";"City Classic";"Продается";;"0";"'4.80";;"2024-04-12 08:44:41";"Одежда";"Жилет";"'17.48";"'3.5";"2";"0";"0";"0";"0";"11920,00";"19550,00";;"5%";;
"031820N11CJ 102 50";"1016400589";"1543030653";"04610279152384";"Жилетка утепленная стеганая City Classic";"'82";"City Classic";"Продается";;"4";"'4.80";;"2024-04-12 08:44:41";"Одежда";"Жилет";"'17.48";"'3.5";"6";"0";"0";"0";"0";"11920,00";"19550,00";;"5%";;
"031820N11CJ 71 52";"1016400685";"1543030251";"04610279152315";"Жилетка утепленная стеганая City Classic";"'82";"City Classic";"Продается";;"6";"'5.00";;"2024-04-12 08:44:42";"Одежда";"Жилет";"'17.48";"'3.5";"4";"0";"0";"0";"0";"11920,00";"19550,00";;"5%";;
"011820N10C-1 99 48";"1016479684";"1543084270";"04610279149414";"Куртка City Classic темно-синий 48 48";"'54.5";"City Classic";"Готов к продаже";;"2";"'5.00";;"2024-04-12 09:12:47";"Одежда";"Куртка";"'8.40";"'1.7";"0";"0";"0";"0";"0";"12700,00";"19800,00";;"5%";;
"011820N10C-1 99 50";"1016479896";"1543085638";"04610279149421";"Куртка City Classic темно-синий 50 50";"'54.5";"City Classic";"Готов к продаже";;"3";"'5.00";;"2024-04-12 09:12:51";"Одежда";"Куртка";"'8.40";"'1.7";"0";"0";"0";"0";"0";"12700,00";"19800,00";;"5%";;
"011820N10C-1 36 54";"1016480262";"1543086615";"04610279148967";"Куртка City Classic красный 54";"'54.5";"City Classic";"Готов к продаже";;"2";"'5.00";;"2024-04-12 09:12:56";"Одежда";"Куртка";"'8.40";"'1.7";"0";"0";"0";"0";"0";"12700,00";"19800,00";;"5%";;
"011820N10C-1 3-1 54";"1016480289";"1543085616";"04610279149209";"Куртка City Classic светло-зеленый 54";"'54.5";"City Classic";"Готов к продаже";;"0";"'5.00";;"2024-04-12 09:12:56";"Одежда";"Куртка";"'8.40";"'1.7";"0";"0";"0";"0";"0";"12700,00";"19800,00";;"5%";;
"011820N10C-1 99 44";"1016480292";"1543084470";;"Куртка City Classic темно-синий 44 44";"'54.5";"City Classic";"Готов к продаже";;"0";"'0.00";;"2024-04-12 09:12:56";"Одежда";"Куртка";"'9.80";"'2.0";"0";"0";"0";"0";"0";"12700,00";"19800,00";;"5%";;
"011820N10C-1 99 58";"1016480359";"1543084498";;"Куртка City Classic темно-синий 58 58";"'54.5";"City Classic";"Готов к продаже";;"0";"'0.00";;"2024-04-12 09:12:57";"Одежда";"Куртка";"'9.80";"'2.0";"0";"0";"0";"0";"0";"12700,00";"19800,00";;"5%";;
"011820N10C-1 99 54";"1016480485";"1543085943";"04610279149445";"Куртка City Classic темно-синий 54 54";"'54.5";"City Classic";"Готов к продаже";;"3";"'5.00";;"2024-04-12 09:12:59";"Одежда";"Куртка";"'8.40";"'1.7";"0";"0";"0";"0";"0";"12700,00";"19800,00";;"5%";;
"011820N10C-1 2061 46";"1016480491";"1543086472";"2085302901406";"Куртка City Classic светло-синий 46";"'54.5";"City Classic";"Готов к продаже";;"0";"'0.00";;"2024-04-12 09:12:59";"Одежда";"Куртка";"'9.80";"'2.0";"0";"0";"0";"0";"0";"12700,00";"19800,00";;"5%";;
"011820N10C-1 36 44";"1016480508";"1543085730";;"Куртка City Classic красный 44";"'54.5";"City Classic";"Готов к продаже";;"0";"'0.00";;"2024-04-12 09:12:59";"Одежда";"Куртка";"'9.80";"'2.0";"0";"0";"0";"0";"0";"12700,00";"19800,00";;"5%";;
"011820N10C-1 2061 52";"1016481033";"1543086583";"04610279149353";"Куртка City Classic светло-синий 52";"'54.5";"City Classic";"Готов к продаже";;"2";"'5.00";;"2024-04-12 09:13:06";"Одежда";"Куртка";"'8.40";"'1.7";"0";"0";"0";"0";"0";"12700,00";"19800,00";;"5%";;
"011820N10C-1 2061 54";"1016481250";"1543086717";"04610279149360";"Куртка City Classic светло-синий 54";"'54.5";"City Classic";"Готов к продаже";;"2";"'5.00";;"2024-04-12 09:13:08";"Одежда";"Куртка";"'8.40";"'1.7";"0";"0";"0";"0";"0";"12700,00";"19800,00";;"5%";;
"011820N10C-1 3-1 52";"1016481453";"1543086650";"04610279149193";"Куртка City Classic светло-зеленый 52";"'54.5";"City Classic";"Готов к продаже";;"2";"'5.00";;"2024-04-12 09:13:11";"Одежда";"Куртка";"'8.40";"'1.7";"0";"0";"0";"0";"0";"12700,00";"19800,00";;"5%";;
"011820N10C-1 36 48";"1016481471";"1543086832";"04610279148936";"Куртка City Classic красный 48";"'54.5";"City Classic";"Готов к продаже";;"1";"'5.00";;"2024-04-12 09:13:12";"Одежда";"Куртка";"'8.40";"'1.7";"0";"0";"0";"0";"0";"12700,00";"19800,00";;"5%";;
"011820N10C-1 36 52";"1016481504";"1543087564";"04610279148950";"Куртка City Classic красный 52";"'54.5";"City Classic";"Готов к продаже";;"4";"'5.00";;"2024-04-12 09:13:12";"Одежда";"Куртка";"'8.40";"'1.7";"0";"0";"0";"0";"0";"12700,00";"19800,00";;"5%";;
"011820N10C-1 3-1 48";"1016481521";"1543084784";"04610279149179";"Куртка City Classic светло-зеленый 48";"'54.5";"City Classic";"Готов к продаже";;"2";"'5.00";;"2024-04-12 09:13:12";"Одежда";"Куртка";"'8.40";"'1.7";"0";"0";"0";"0";"0";"12700,00";"19800,00";;"5%";;
"011820N10C-1 99 52";"1016481611";"1543087539";"04610279149438";"Куртка City Classic темно-синий 52 52";"'54.5";"City Classic";"Готов к продаже";;"2";"'5.00";;"2024-04-12 09:13:14";"Одежда";"Куртка";"'8.40";"'1.7";"0";"0";"0";"0";"0";"12700,00";"19800,00";;"5%";;
"011820N10C-1 2061 56";"1016481665";"1543086843";"04610279149377";"Куртка City Classic светло-синий 56";"'54.5";"City Classic";"Продается";;"1";"'5.00";;"2024-04-12 09:13:14";"Одежда";"Куртка";"'8.40";"'1.7";"1";"0";"0";"0";"0";"12700,00";"19800,00";;"5%";;
"011820N10C-1 2061 48";"1016481682";"1543086366";"04610279149339";"Куртка City Classic светло-синий 48";"'54.5";"City Classic";"Готов к продаже";;"1";"'5.00";;"2024-04-12 09:13:15";"Одежда";"Куртка";"'8.40";"'1.7";"0";"0";"0";"0";"0";"12700,00";"19800,00";;"5%";;
"011820N10C-1 2061 44";"1016481848";"1543084958";;"Куртка City Classic светло-синий 44";"'54.5";"City Classic";"Готов к продаже";;"0";"'0.00";;"2024-04-12 09:13:17";"Одежда";"Куртка";"'9.80";"'2.0";"0";"0";"0";"0";"0";"12700,00";"19800,00";;"5%";;
"011820N10C-1 99 56";"1016481853";"1543086743";"04610279149452";"Куртка City Classic темно-синий 56 56";"'54.5";"City Classic";"Готов к продаже";;"1";"'5.00";;"2024-04-12 09:13:17";"Одежда";"Куртка";"'8.40";"'1.7";"0";"0";"0";"0";"0";"12700,00";"19800,00";;"5%";;
"011820N10C-1 36 46";"1016481876";"1543086680";"04610279148929";"Куртка City Classic красный 46";"'54.5";"City Classic";"Готов к продаже";;"1";"'5.00";;"2024-04-12 09:13:18";"Одежда";"Куртка";"'8.40";"'1.7";"0";"0";"0";"0";"0";"12700,00";"19800,00";;"5%";;
"011820N10C-1 3-1 56";"1016482062";"1543085133";"04610279149216";"Куртка City Classic светло-зеленый 56";"'54.5";"City Classic";"Готов к продаже";;"1";"'5.00";;"2024-04-12 09:13:20";"Одежда";"Куртка";"'8.40";"'1.7";"0";"0";"0";"0";"0";"12700,00";"19800,00";;"5%";;
"011820N10C-1 99 46";"1016482092";"1543087235";"04610279149407";"Куртка City Classic темно-синий 46 46";"'54.5";"City Classic";"Готов к продаже";;"0";"'5.00";;"2024-04-12 09:13:21";"Одежда";"Куртка";"'8.40";"'1.7";"0";"0";"0";"0";"0";"12700,00";"19800,00";;"5%";;
"011820N10C-1 36 56";"1016482131";"1543087258";"04610279148974";"Куртка City Classic красный 56";"'54.5";"City Classic";"Готов к продаже";;"0";"'5.00";;"2024-04-12 09:13:21";"Одежда";"Куртка";"'8.40";"'1.7";"0";"0";"0";"0";"0";"12700,00";"19800,00";;"5%";;
"011820N10C-1 2061 50";"1016482289";"1543087372";"04610279149346";"Куртка City Classic светло-синий 50";"'54.5";"City Classic";"Готов к продаже";;"1";"'5.00";;"2024-04-12 09:13:22";"Одежда";"Куртка";"'8.40";"'1.7";"0";"0";"0";"0";"0";"12700,00";"19800,00";;"5%";;
"011820N10C-1 36 58";"1016482305";"1543087441";"04610279148981";"Куртка City Classic красный 58";"'54.5";"City Classic";"Готов к продаже";;"1";"'5.00";;"2024-04-12 09:13:23";"Одежда";"Куртка";"'8.40";"'1.7";"0";"0";"0";"0";"0";"12700,00";"19800,00";;"5%";;
"011820N10C-1 36 50";"1016482448";"1543085159";;"Куртка City Classic красный 50";"'54.5";"City Classic";"Готов к продаже";;"0";"'0.00";;"2024-04-12 09:13:24";"Одежда";"Куртка";"'9.80";"'2.0";"0";"0";"0";"0";"0";"12700,00";"19800,00";;"5%";;
"011820N10C-1 2061 58";"1016482455";"1543087938";"04610279149384";"Куртка City Classic светло-синий 58";"'54.5";"City Classic";"Готов к продаже";;"0";"'5.00";;"2024-04-12 09:13:24";"Одежда";"Куртка";"'8.40";"'1.7";"0";"0";"0";"0";"0";"12700,00";"19800,00";;"5%";;
"011820N10C-1 3-1 50";"1016482457";"1543084898";"04610279149186";"Куртка City Classic светло-зеленый 50";"'54.5";"City Classic";"Готов к продаже";;"3";"'5.00";;"2024-04-12 09:13:24";"Одежда";"Куртка";"'8.40";"'1.7";"0";"0";"0";"0";"0";"12700,00";"19800,00";;"5%";;
"112481N22N 99 50";"1021874570";"1547884679";"04680351432710";"Куртка NortFolk темно-синий 50";"'54.5";"NortFolk";"Готов к продаже";;"5";"'5.00";;"2024-04-16 10:11:44";"Одежда";"Куртка";"'16.80";"'3.4";"0";"0";"0";"0";"0";"12450,00";"29900,00";;"5%";;
"112481N22N 100 46";"1021874583";"1547884819";"04680351432611";"Куртка NortFolk черный 46";"'54.5";"NortFolk";"Готов к продаже";;"3";"'5.00";;"2024-04-16 10:11:44";"Одежда";"Куртка";"'14.40";"'2.9";"0";"0";"0";"0";"0";"12450,00";"29900,00";;"5%";;
"112481N22N 99 54";"1021874634";"1547884669";"04680351432734";"Куртка NortFolk темно-синий 54";"'54.5";"NortFolk";"Готов к продаже";;"9";"'5.00";;"2024-04-16 10:11:45";"Одежда";"Куртка";"'16.80";"'3.4";"0";"0";"0";"0";"0";"12450,00";"29900,00";;"5%";;
"112481N22N 100 50";"1021875438";"1547884627";"04680351432635";"Куртка NortFolk черный 50";"'54.5";"NortFolk";"Готов к продаже";;"6";"'5.00";;"2024-04-16 10:11:51";"Одежда";"Куртка";"'16.80";"'3.4";"0";"0";"0";"0";"0";"12450,00";"29900,00";;"5%";;
"112481N22N 99 60";"1021875541";"1554612202";;"Куртка NortFolk темно-синий 60";"'54.5";"NortFolk";"Готов к продаже";;"0";"'5.00";;"2024-04-16 10:11:52";"Одежда";"Куртка";"'16.80";"'3.4";"0";"0";"0";"0";"0";"12450,00";"29900,00";;"5%";;
"112481N22N 100 54";"1021875617";"1547884788";"04680351432659";"Куртка NortFolk черный 54";"'54.5";"NortFolk";"Готов к продаже";;"10";"'5.00";;"2024-04-16 10:11:52";"Одежда";"Куртка";"'16.80";"'3.4";"0";"0";"0";"0";"0";"12450,00";"29900,00";;"5%";;
"112481N22N 99 52";"1021875638";"1547884648";"04680351432727";"Куртка NortFolk темно-синий 52";"'54.5";"NortFolk";"Готов к продаже";;"3";"'5.00";;"2024-04-16 10:11:52";"Одежда";"Куртка";"'16.80";"'3.4";"0";"0";"0";"0";"0";"12450,00";"29900,00";;"5%";;
"112481N22N 99 46";"1021875829";"1547884516";"04610279062539";"Куртка NortFolk темно-синий 46";"'54.5";"NortFolk";"Готов к продаже";;"2";"'5.00";;"2024-04-16 10:11:54";"Одежда";"Куртка";"'16.80";"'3.4";"0";"0";"0";"0";"0";"12450,00";"29900,00";;"5%";;
"112481N22N 100 52";"1021876288";"1547884542";"04680351432642";"Куртка NortFolk черный 52";"'54.5";"NortFolk";"Готов к продаже";;"6";"'5.00";;"2024-04-16 10:11:57";"Одежда";"Куртка";"'16.80";"'3.4";"0";"0";"0";"0";"0";"12450,00";"29900,00";;"5%";;
"112481N22N 100 48";"1021876312";"1547884638";"04610279062461";"Куртка NortFolk черный 48";"'54.5";"NortFolk";"Готов к продаже";;"1";"'5.00";;"2024-04-16 10:11:58";"Одежда";"Куртка";"'16.80";"'3.4";"0";"0";"0";"0";"0";"12450,00";"29900,00";;"5%";;
"112481N22N 100 60";"1021876319";"1547884635";"04610279062522";"Куртка NortFolk";"'34.5";"NortFolk";"Готов к продаже";;"0";"'5.00";;"2024-04-16 10:11:58";"Одежда";"Куртка";"'22.05";"'4.4";"0";"0";"0";"0";"0";"12450,00";"29900,00";;"5%";;
"112481N22N 100 56";"1021876367";"1547884593";"04680351432666";"Куртка NortFolk черный 56";"'54.5";"NortFolk";"Готов к продаже";;"10";"'5.00";;"2024-04-16 10:11:59";"Одежда";"Куртка";"'16.80";"'3.4";"0";"0";"0";"0";"0";"12450,00";"29900,00";;"5%";;
"112481N22N 100 58";"1021876393";"1547884737";"04680351432673";"Куртка NortFolk черный 58";"'54.5";"NortFolk";"Готов к продаже";;"3";"'5.00";;"2024-04-16 10:12:00";"Одежда";"Куртка";"'16.80";"'3.4";"0";"0";"0";"0";"0";"12450,00";"29900,00";;"5%";;
"112481N22N 99 48";"1021876463";"1547884672";"04610279062546";"Куртка NortFolk темно-синий 48";"'54.5";"NortFolk";"Готов к продаже";;"2";"'5.00";;"2024-04-16 10:12:02";"Одежда";"Куртка";"'16.80";"'3.4";"0";"0";"0";"0";"0";"12450,00";"29900,00";;"5%";;
"112481N22N 99 56";"1021876490";"1547884636";"04680351432741";"Куртка NortFolk темно-синий 56";"'54.5";"NortFolk";"Готов к продаже";;"10";"'5.00";;"2024-04-16 10:12:03";"Одежда";"Куртка";"'16.80";"'3.4";"0";"0";"0";"0";"0";"12450,00";"29900,00";;"5%";;
"112481N22N 99 58";"1021876494";"1554612014";"04680351432758";"Куртка NortFolk темно-синий 58";"'54.5";"NortFolk";"Готов к продаже";;"2";"'5.00";;"2024-04-16 10:12:03";"Одежда";"Куртка";"'16.80";"'3.4";"0";"0";"0";"0";"0";"12450,00";"29900,00";;"5%";;
"433590Y21N 18/18 58";"1021917318";"1583520601";;"Куртка NortFolk белый 58 58";"'47";"NortFolk";"Готов к продаже";;"0";"'0.00";;"2024-04-16 10:44:42";"Одежда";"Куртка";"'12.25";"'2.5";"0";"0";"0";"0";"0";"21990,00";"26900,00";;"5%";;
"433590Y21N FS/18 54";"1021917319";"1583520699";"04680654253524";"Куртка зимняя женская NortFolk";"'69.5";"NortFolk";"Готов к продаже";;"2";"'4.90";;"2024-04-16 10:44:42";"Одежда";"Куртка";"'12.25";"'2.5";"0";"0";"0";"0";"0";"21990,00";"26900,00";;"5%";;
"433590Y21N 99/99 50";"1021917322";"1583513636";"04680654253289";"Куртка зимняя женская NortFolk";"'69.5";"NortFolk";"Продается";;"18";"'4.90";;"2024-04-16 10:44:42";"Одежда";"Куртка";"'12.25";"'2.5";"5";"0";"0";"0";"0";"21990,00";"26900,00";;"5%";;
"433590Y21N 225/18 52";"1021917324";"1583513691";"04680654253364";"Куртка зимняя женская NortFolk";"'69.5";"NortFolk";"Продается";;"14";"'4.90";;"2024-04-16 10:44:42";"Одежда";"Куртка";"'12.25";"'2.5";"5";"0";"0";"0";"0";"21990,00";"26900,00";;"5%";;
"433590Y21NB 225/18 62";"1021917327";"1601338522";"04680654254248";"Куртка зимняя NortFolk большие размеры";"'69.5";"NortFolk";"Продается";;"4";"'4.90";;"2024-04-16 10:44:42";"Одежда";"Куртка";"'11.38";"'2.3";"4";"0";"0";"0";"0";"23990,00";"28900,00";;"5%";;
"433590Y21N FS/18 52";"1021917329";"1583520581";"04670126878447";"Куртка зимняя женская NortFolk";"'69.5";"NortFolk";"Готов к продаже";;"9";"'4.90";;"2024-04-16 10:44:42";"Одежда";"Куртка";"'12.25";"'2.5";"0";"0";"0";"0";"0";"21990,00";"26900,00";;"5%";;
"433590Y21NB 99/18 70";"1021917336";"1601452797";"04680654254224";"Куртка NortFolk темно-синий 70 70";"'69.5";"NortFolk";"Продается";;"2";"'4.90";;"2024-04-16 10:44:42";"Одежда";"Куртка";"'11.38";"'2.3";"3";"0";"0";"0";"0";"23990,00";"28900,00";;"5%";;
"433590Y21NB 99/99 60";"1021917337";"1583520737";"04670126878546";"Куртка зимняя женская NortFolk";"'69.5";"NortFolk";"Продается";;"16";"'4.90";;"2024-04-16 10:44:42";"Одежда";"Куртка";"'11.38";"'2.3";"6";"0";"0";"0";"0";"23990,00";"28900,00";;"5%";;
"433590Y21N 225/21 52";"1021917357";"1583513730";"04680654253722";"Куртка зимняя женская NortFolk";"'69.5";"NortFolk";"Продается";;"15";"'4.90";;"2024-04-16 10:44:43";"Одежда";"Куртка";"'12.25";"'2.5";"4";"0";"0";"0";"0";"21990,00";"26900,00";;"5%";;
"433590Y21N 18/18 46";"1021917364";"1583520589";"04680654253784";"Куртка зимняя женская NortFolk";"'69.5";"NortFolk";"Продается";;"2";"'4.90";;"2024-04-16 10:44:43";"Одежда";"Куртка";"'12.25";"'2.5";"3";"0";"0";"0";"0";"21990,00";"26900,00";;"5%";;
"433590Y21NB 225/18 68";"1021917366";"1601338372";"04680654254279";"Куртка зимняя NortFolk большие размеры";"'69.5";"NortFolk";"Продается";;"2";"'4.90";;"2024-04-16 10:44:43";"Одежда";"Куртка";"'11.38";"'2.3";"4";"0";"0";"0";"0";"23990,00";"28900,00";;"5%";;
"433590Y21N 36/18 42";"1021917367";"1555141840";"04680654253876";"Куртка зимняя женская NortFolk";"'69.5";"NortFolk";"Продается";;"1";"'4.90";;"2024-04-16 10:44:43";"Одежда";"Куртка";"'12.25";"'2.5";"1";"0";"0";"0";"0";"21990,00";"26900,00";;"5%";;
"433590Y21N 18/18 52";"1021917400";"1583520629";"04680654253814";"Куртка зимняя женская NortFolk";"'69.5";"NortFolk";"Готов к продаже";;"7";"'4.90";;"2024-04-16 10:44:44";"Одежда";"Куртка";"'12.25";"'2.5";"0";"0";"0";"0";"0";"21990,00";"26900,00";;"5%";;
"433590Y21N 225/18 56";"1021917401";"1583513606";"04680654253388";"Куртка зимняя женская NortFolk";"'69.5";"NortFolk";"Продается";;"8";"'4.90";;"2024-04-16 10:44:44";"Одежда";"Куртка";"'12.25";"'2.5";"5";"0";"0";"0";"0";"21990,00";"26900,00";;"5%";;
"433590Y21N 99/18 52";"1021917403";"1583520614";"04670126878362";"Куртка зимняя женская NortFolk";"'69.5";"NortFolk";"Продается";;"18";"'4.90";;"2024-04-16 10:44:44";"Одежда";"Куртка";"'12.25";"'2.5";"4";"0";"0";"0";"0";"21990,00";"26900,00";;"5%";;
"433590Y21N 18/18 54";"1021917406";"1583520658";"2085302762380";"Куртка NortFolk белый 54 54";"'47";"NortFolk";"Продается";;"0";"'0.00";;"2024-04-16 10:44:44";"Одежда";"Куртка";"'12.25";"'2.5";"3";"0";"0";"0";"0";"21990,00";"26900,00";;"5%";;
"433590Y21N 18/18 50";"1021917408";"1583520586";"04680654253807";"Куртка NortFolk белый 50 50";"'47";"NortFolk";"Продается";;"0";"'0.00";;"2024-04-16 10:44:44";"Одежда";"Куртка";"'12.25";"'2.5";"6";"0";"0";"0";"0";"21990,00";"26900,00";;"5%";;
"433590Y21N 225/18 58";"1021917409";"1583513770";"04680654253395";"Куртка зимняя женская NortFolk";"'69.5";"NortFolk";"Продается";;"4";"'4.90";;"2024-04-16 10:44:44";"Одежда";"Куртка";"'12.25";"'2.5";"5";"0";"0";"0";"0";"21990,00";"26900,00";;"5%";;
"433590Y21N 225/21 58";"1021917410";"1583513752";"04680654253753";"Куртка зимняя женская NortFolk";"'69.5";"NortFolk";"Продается";;"7";"'4.90";;"2024-04-16 10:44:44";"Одежда";"Куртка";"'12.25";"'2.5";"5";"0";"0";"0";"0";"21990,00";"26900,00";;"5%";;
"433590Y21NB 99/18 64";"1021917412";"1601452808";"04680654254194";"Куртка NortFolk темно-синий 64 64";"'69.5";"NortFolk";"Продается";;"2";"'4.90";;"2024-04-16 10:44:44";"Одежда";"Куртка";"'11.38";"'2.3";"3";"0";"0";"0";"0";"23990,00";"28900,00";;"5%";;
"433590Y21N 99/18 54";"1021917413";"1583520772";"04680654253623";"Куртка зимняя женская NortFolk";"'69.5";"NortFolk";"Продается";;"8";"'4.90";;"2024-04-16 10:44:44";"Одежда";"Куртка";"'12.25";"'2.5";"3";"0";"0";"0";"0";"21990,00";"26900,00";;"5%";;
"433590Y21N FS/18 58";"1021917415";"1583520711";"04680654253470";"Куртка зимняя женская NortFolk";"'69.5";"NortFolk";"Готов к продаже";;"7";"'4.90";;"2024-04-16 10:44:44";"Одежда";"Куртка";"'12.25";"'2.5";"0";"0";"0";"0";"0";"21990,00";"26900,00";;"5%";;
"433590Y21N 36/18 52";"1021917416";"1555141849";"04680598787604";"Куртка зимняя женская NortFolk";"'69.5";"NortFolk";"Готов к продаже";;"5";"'4.90";;"2024-04-16 10:44:44";"Одежда";"Куртка";"'12.25";"'2.5";"0";"0";"0";"0";"0";"21990,00";"26900,00";;"5%";;
"433590Y21N 225/18 54";"1021917418";"1583513627";"04680654253371";"Куртка зимняя женская NortFolk";"'69.5";"NortFolk";"Продается";;"7";"'4.90";;"2024-04-16 10:44:44";"Одежда";"Куртка";"'12.25";"'2.5";"5";"0";"0";"0";"0";"21990,00";"26900,00";;"5%";;
"433590Y21N 36/18 54";"1021917420";"1555141638";"04680598787611";"Куртка зимняя женская NortFolk";"'69.5";"NortFolk";"Готов к продаже";;"3";"'4.90";;"2024-04-16 10:44:44";"Одежда";"Куртка";"'12.25";"'2.5";"0";"0";"0";"0";"0";"21990,00";"26900,00";;"5%";;
"433590Y21N 99/18 50";"1021917422";"1583520603";"04670126878355";"Куртка зимняя женская NortFolk";"'69.5";"NortFolk";"Продается";;"19";"'4.90";;"2024-04-16 10:44:44";"Одежда";"Куртка";"'12.25";"'2.5";"5";"0";"0";"0";"0";"21990,00";"26900,00";;"5%";;
"433590Y21N 36/18 50";"1021917424";"1555141663";"04680598787598";"Куртка зимняя женская NortFolk";"'69.5";"NortFolk";"Продается";;"6";"'4.90";;"2024-04-16 10:44:44";"Одежда";"Куртка";"'12.25";"'2.5";"1";"0";"0";"0";"0";"21990,00";"26900,00";;"5%";;
"433590Y21N 99/99 44";"1021917427";"1648719213";"04680654253869";"Куртка NortFolk черно-серый 44 44";"'69.5";"NortFolk";"Продается";;"13";"'4.90";;"2024-04-16 10:44:45";"Одежда";"Куртка";"'12.25";"'2.5";"2";"0";"0";"0";"0";"21990,00";"26900,00";;"5%";;
"433590Y21N 99/18 48";"1021917428";"1583520610";"04680654253593";"Куртка зимняя женская NortFolk";"'69.5";"NortFolk";"Продается";;"11";"'4.90";;"2024-04-16 10:44:45";"Одежда";"Куртка";"'12.25";"'2.5";"5";"0";"0";"0";"0";"21990,00";"26900,00";;"5%";;
"433590Y21N 18/18 42";"1021917430";"1583520648";"04680654253760";"Куртка NortFolk белый 42 42";"'47";"NortFolk";"Продается";;"0";"'0.00";;"2024-04-16 10:44:45";"Одежда";"Куртка";"'12.25";"'2.5";"3";"0";"0";"0";"0";"21990,00";"26900,00";;"5%";;
"433590Y21N FS/18 44";"1021917431";"1585629709";"04680654253661";"Куртка зимняя женская NortFolk";"'69.5";"NortFolk";"Готов к продаже";;"2";"'4.90";;"2024-04-16 10:44:45";"Одежда";"Куртка";"'12.25";"'2.5";"0";"0";"0";"0";"0";"21990,00";"26900,00";;"5%";;
"433590Y21N 36/18 46";"1021917432";"1555141939";"04680598787574";"Куртка зимняя женская NortFolk";"'69.5";"NortFolk";"Готов к продаже";;"6";"'4.90";;"2024-04-16 10:44:45";"Одежда";"Куртка";"'12.25";"'2.5";"0";"0";"0";"0";"0";"21990,00";"26900,00";;"5%";;
"433590Y21N 18/18 56";"1021917442";"1555588864";"04680654253838";"Куртка зимняя женская NortFolk";"'69.5";"NortFolk";"Готов к продаже";;"2";"'4.90";;"2024-04-16 10:44:46";"Одежда";"Куртка";"'10.50";"'2.1";"0";"0";"0";"0";"0";"21990,00";"26900,00";;"5%";;
"433590Y21N 99/18 56";"1021917445";"1555588791";"04680654253630";"Куртка зимняя женская NortFolk";"'69.5";"NortFolk";"Продается";;"5";"'4.90";;"2024-04-16 10:44:46";"Одежда";"Куртка";"'10.50";"'2.1";"4";"0";"0";"0";"0";"21990,00";"26900,00";;"5%";;
"433590Y21NB 99/18 66";"1021917446";"1555588847";"04680654254200";"Куртка NortFolk темно-синий 66 66";"'69.5";"NortFolk";"Продается";;"4";"'4.90";;"2024-04-16 10:44:46";"Одежда";"Куртка";"'12.60";"'2.5";"3";"0";"0";"0";"0";"23990,00";"28900,00";;"5%";;
"433590Y21N 36/18 56";"1021917447";"1554663999";"04680598787628";"Куртка зимняя женская NortFolk";"'69.5";"NortFolk";"Готов к продаже";;"8";"'4.90";;"2024-04-16 10:44:46";"Одежда";"Куртка";"'10.50";"'2.1";"0";"0";"0";"0";"0";"21990,00";"26900,00";;"5%";;
"433590Y21NB 225/18 70";"1021917448";"1555588155";"04680654254286";"Куртка зимняя NortFolk большие размеры";"'69.5";"NortFolk";"Продается";;"3";"'4.90";;"2024-04-16 10:44:46";"Одежда";"Куртка";"'12.60";"'2.5";"3";"0";"0";"0";"0";"23990,00";"28900,00";;"5%";;
"433590Y21N 99/99 54";"1021917458";"1555588176";"04680654253302";"Куртка зимняя женская NortFolk";"'69.5";"NortFolk";"Продается";;"8";"'4.90";;"2024-04-16 10:44:50";"Одежда";"Куртка";"'10.50";"'2.1";"4";"0";"0";"0";"0";"21990,00";"26900,00";;"5%";;
"433590Y21N 225/21 42";"1021917460";"1555588267";"04680654253678";"Куртка зимняя женская NortFolk";"'69.5";"NortFolk";"Продается";;"6";"'4.90";;"2024-04-16 10:44:50";"Одежда";"Куртка";"'10.50";"'2.1";"5";"0";"0";"0";"0";"21990,00";"26900,00";;"5%";;
"433590Y21N 225/18 42";"1021917461";"1555588722";"04680654253548";"Куртка NortFolk хаки 42 42";"'69.5";"NortFolk";"Продается";;"4";"'4.90";;"2024-04-16 10:44:50";"Одежда";"Куртка";"'10.50";"'2.1";"5";"0";"0";"0";"0";"21990,00";"26900,00";;"5%";;
"433590Y21NB 225/18 60";"1021917462";"1555588776";"04680654254231";"Куртка зимняя NortFolk большие размеры";"'69.5";"NortFolk";"Продается";;"5";"'4.90";;"2024-04-16 10:44:50";"Одежда";"Куртка";"'12.60";"'2.5";"4";"0";"0";"0";"0";"23990,00";"28900,00";;"5%";;
"433590Y21N 225/18 60";"1021917465";"1555588728";;"Куртка зимняя женская NortFolk";"'69.5";"NortFolk";"Готов к продаже";;"0";"'0.00";;"2024-04-16 10:44:50";"Одежда";"Куртка";"'10.50";"'2.1";"0";"0";"0";"0";"0";"21990,00";"26900,00";;"5%";;
"433590Y21N FS/18 50";"1021917468";"1555588636";"04680654253500";"Куртка зимняя женская NortFolk";"'69.5";"NortFolk";"Готов к продаже";;"6";"'4.90";;"2024-04-16 10:44:50";"Одежда";"Куртка";"'10.50";"'2.1";"0";"0";"0";"0";"0";"21990,00";"26900,00";;"5%";;
"433590Y21N 99/18 44";"1021917469";"1555588724";"04660426875116";"Куртка зимняя женская NortFolk";"'69.5";"NortFolk";"Продается";;"5";"'4.90";;"2024-04-16 10:44:51";"Одежда";"Куртка";"'10.50";"'2.1";"5";"0";"0";"0";"0";"21990,00";"26900,00";;"5%";;
"433590Y21N 225/21 54";"1021917470";"1555588253";"04680654253739";"Куртка зимняя женская NortFolk";"'69.5";"NortFolk";"Продается";;"6";"'4.90";;"2024-04-16 10:44:51";"Одежда";"Куртка";"'10.50";"'2.1";"4";"0";"0";"0";"0";"21990,00";"26900,00";;"5%";;
"433590Y21NB 99/99 62";"1021917472";"1555588667";"04680654254064";"Куртка NortFolk черно-серый 62 62";"'69.5";"NortFolk";"Продается";;"6";"'4.90";;"2024-04-16 10:44:51";"Одежда";"Куртка";"'10.50";"'2.1";"7";"0";"0";"0";"0";"23990,00";"28900,00";;"5%";;
"433590Y21N 225/21 48";"1021917473";"1555588162";"04680654253708";"Куртка зимняя женская NortFolk";"'69.5";"NortFolk";"Продается";;"14";"'4.90";;"2024-04-16 10:44:51";"Одежда";"Куртка";"'10.50";"'2.1";"4";"0";"0";"0";"0";"21990,00";"26900,00";;"5%";;
"433590Y21N 99/99 46";"1021917474";"1555588241";"04680654253265";"Куртка зимняя женская NortFolk";"'69.5";"NortFolk";"Продается";;"16";"'4.90";;"2024-04-16 10:44:51";"Одежда";"Куртка";"'10.50";"'2.1";"1";"0";"0";"0";"0";"21990,00";"26900,00";;"5%";;
"433590Y21N FS/18 42";"1021917477";"1555588100";"04680654253654";"Куртка зимняя женская NortFolk";"'69.5";"NortFolk";"Продается";;"3";"'4.90";;"2024-04-16 10:44:51";"Одежда";"Куртка";"'10.50";"'2.1";"1";"0";"0";"0";"0";"21990,00";"26900,00";;"5%";;
"433590Y21N 18/18 44";"1021917479";"1555588587";"04680654253777";"Куртка зимняя женская NortFolk";"'69.5";"NortFolk";"Готов к продаже";;"2";"'4.90";;"2024-04-16 10:44:51";"Одежда";"Куртка";"'10.50";"'2.1";"0";"0";"0";"0";"0";"21990,00";"26900,00";;"5%";;
"433590Y21NB 99/99 68";"1021917483";"1555588820";"04680654254095";"Куртка зимняя женская NortFolk";"'69.5";"NortFolk";"Продается";;"6";"'4.90";;"2024-04-16 10:44:52";"Одежда";"Куртка";"'12.60";"'2.5";"7";"0";"0";"0";"0";"23990,00";"28900,00";;"5%";;
"433590Y21N 36/18 44";"1021917485";"1555141853";"04680654253883";"Куртка зимняя женская NortFolk";"'69.5";"NortFolk";"Продается";;"1";"'4.90";;"2024-04-16 10:44:52";"Одежда";"Куртка";"'12.60";"'2.5";"1";"0";"0";"0";"0";"21990,00";"26900,00";;"5%";;
"433590Y21N FS/18 46";"1021917489";"1555588675";"04680654253487";"Куртка зимняя женская NortFolk";"'69.5";"NortFolk";"Готов к продаже";;"5";"'4.90";;"2024-04-16 10:44:52";"Одежда";"Куртка";"'12.60";"'2.5";"0";"0";"0";"0";"0";"21990,00";"26900,00";;"5%";;
"433590Y21NB 225/18 66";"1021917491";"1555588375";"04680654254262";"Куртка зимняя женская NortFolk";"'69.5";"NortFolk";"Продается";;"3";"'4.90";;"2024-04-16 10:44:52";"Одежда";"Куртка";"'12.60";"'2.5";"4";"0";"0";"0";"0";"23990,00";"28900,00";;"5%";;
"433590Y21N 225/21 44";"1021917492";"1555588335";"04680654253685";"Куртка зимняя женская NortFolk";"'69.5";"NortFolk";"Продается";;"7";"'4.90";;"2024-04-16 10:44:53";"Одежда";"Куртка";"'12.60";"'2.5";"5";"0";"0";"0";"0";"21990,00";"26900,00";;"5%";;
"433590Y21N FS/18 56";"1021917493";"1555588622";"04680654253531";"Куртка зимняя женская NortFolk";"'69.5";"NortFolk";"Готов к продаже";;"7";"'4.90";;"2024-04-16 10:44:53";"Одежда";"Куртка";"'12.60";"'2.5";"0";"0";"0";"0";"0";"21990,00";"26900,00";;"5%";;
"433590Y21NB 99/99 64";"1021917494";"1555588612";"04680654254071";"Куртка зимняя женская NortFolk";"'69.5";"NortFolk";"Продается";;"3";"'4.90";;"2024-04-16 10:44:53";"Одежда";"Куртка";"'12.60";"'2.5";"9";"0";"0";"0";"0";"23990,00";"28900,00";;"5%";;
"433590Y21N 18/18 48";"1021917496";"1555588839";"04680654253791";"Куртка зимняя женская NortFolk";"'69.5";"NortFolk";"Продается";;"0";"'4.90";;"2024-04-16 10:44:53";"Одежда";"Куртка";"'12.60";"'2.5";"1";"0";"0";"0";"0";"21990,00";"26900,00";;"5%";;
"433590Y21N 225/18 44";"1021917499";"1555587999";"04680654253555";"Куртка зимняя женская NortFolk";"'69.5";"NortFolk";"Продается";;"7";"'4.90";;"2024-04-16 10:44:53";"Одежда";"Куртка";"'12.60";"'2.5";"5";"0";"0";"0";"0";"21990,00";"26900,00";;"5%";;
"433590Y21N 99/99 52";"1021917500";"1555588711";"04680654253296";"Куртка зимняя женская NortFolk";"'69.5";"NortFolk";"Продается";;"17";"'4.90";;"2024-04-16 10:44:53";"Одежда";"Куртка";"'12.60";"'2.5";"5";"0";"0";"0";"0";"21990,00";"26900,00";;"5%";;
"433590Y21N 225/18 50";"1021917501";"1555588830";"04680654253357";"Куртка зимняя женская NortFolk";"'69.5";"NortFolk";"Продается";;"17";"'4.90";;"2024-04-16 10:44:53";"Одежда";"Куртка";"'12.60";"'2.5";"5";"0";"0";"0";"0";"21990,00";"26900,00";;"5%";;
"433590Y21NB 99/18 68";"1021917502";"1555588090";"04680654254217";"Куртка зимняя женская NortFolk";"'69.5";"NortFolk";"Продается";;"5";"'4.90";;"2024-04-16 10:44:53";"Одежда";"Куртка";"'12.60";"'2.5";"4";"0";"0";"0";"0";"23990,00";"28900,00";;"5%";;
"433590Y21N 99/18 42";"1021917507";"1555588760";"04660426875109";"Куртка зимняя женская NortFolk";"'69.5";"NortFolk";"Продается";;"3";"'4.90";;"2024-04-16 10:44:53";"Одежда";"Куртка";"'12.60";"'2.5";"5";"0";"0";"0";"0";"21990,00";"26900,00";;"5%";;
"433590Y21N 99/99 42";"1021917510";"1555588201";"04680654253852";"Куртка зимняя женская NortFolk";"'69.5";"NortFolk";"Продается";;"8";"'4.90";;"2024-04-16 10:44:54";"Одежда";"Куртка";"'12.60";"'2.5";"4";"0";"0";"0";"0";"21990,00";"26900,00";;"5%";;
"433590Y21N 225/18 48";"1021917513";"1555588255";"04680654253340";"Куртка зимняя женская NortFolk";"'69.5";"NortFolk";"Продается";;"11";"'4.90";;"2024-04-16 10:44:54";"Одежда";"Куртка";"'12.60";"'2.5";"5";"0";"0";"0";"0";"21990,00";"26900,00";;"5%";;
"433590Y21N 225/21 50";"1021917514";"1555588822";"04680654253715";"Куртка зимняя женская NortFolk";"'69.5";"NortFolk";"Продается";;"16";"'4.90";;"2024-04-16 10:44:54";"Одежда";"Куртка";"'12.60";"'2.5";"5";"0";"0";"0";"0";"21990,00";"26900,00";;"5%";;
"433590Y21NB 99/99 70";"1021917517";"1555588411";"04680654254101";"Куртка зимняя женская NortFolk";"'69.5";"NortFolk";"Продается";;"6";"'4.90";;"2024-04-16 10:44:54";"Одежда";"Куртка";"'12.60";"'2.5";"4";"0";"0";"0";"0";"23990,00";"28900,00";;"5%";;
"433590Y21NB 99/18 62";"1021917518";"1555588888";"04610279068838";"Куртка зимняя женская NortFolk";"'69.5";"NortFolk";"Продается";;"3";"'4.90";;"2024-04-16 10:44:54";"Одежда";"Куртка";"'12.60";"'2.5";"4";"0";"0";"0";"0";"23990,00";"28900,00";;"5%";;
"433590Y21N 99/99 58";"1021917520";"1555588899";"04680654253326";"Куртка зимняя женская NortFolk";"'69.5";"NortFolk";"Продается";;"10";"'4.90";;"2024-04-16 10:44:54";"Одежда";"Куртка";"'12.60";"'2.5";"5";"0";"0";"0";"0";"21990,00";"26900,00";;"5%";;
"433590Y21N 36/18 58";"1021917528";"1554629878";"04680351469211";"Куртка зимняя женская NortFolk";"'69.5";"NortFolk";"Готов к продаже";;"3";"'4.90";;"2024-04-16 10:44:55";"Одежда";"Куртка";"'12.60";"'2.5";"0";"0";"0";"0";"0";"21990,00";"26900,00";;"5%";;
"433590Y21N 99/99 56";"1021917530";"1555588814";"04680654253319";"Куртка зимняя женская NortFolk";"'69.5";"NortFolk";"Продается";;"10";"'4.90";;"2024-04-16 10:44:55";"Одежда";"Куртка";"'12.60";"'2.5";"3";"0";"0";"0";"0";"21990,00";"26900,00";;"5%";;
"433590Y21N 225/21 56";"1021917531";"1555588692";"04680654253746";"Куртка зимняя женская NortFolk";"'69.5";"NortFolk";"Продается";;"3";"'4.90";;"2024-04-16 10:44:55";"Одежда";"Куртка";"'12.60";"'2.5";"5";"0";"0";"0";"0";"21990,00";"26900,00";;"5%";;
"433590Y21N 99/99 48";"1021917535";"1555588596";"04670126878263";"Куртка зимняя женская NortFolk";"'69.5";"NortFolk";"Продается";;"26";"'4.90";;"2024-04-16 10:44:55";"Одежда";"Куртка";"'12.60";"'2.5";"4";"0";"0";"0";"0";"21990,00";"26900,00";;"5%";;
"433590Y21NB 225/18 64";"1021917536";"1555588491";"04680654254255";"Куртка зимняя женская NortFolk";"'69.5";"NortFolk";"Продается";;"6";"'4.90";;"2024-04-16 10:44:56";"Одежда";"Куртка";"'12.60";"'2.5";"4";"0";"0";"0";"0";"23990,00";"28900,00";;"5%";;
"433590Y21NB 99/18 60";"1021917544";"1555588296";"04680654254170";"Куртка зимняя женская NortFolk";"'69.5";"NortFolk";"Продается";;"4";"'4.90";;"2024-04-16 10:44:56";"Одежда";"Куртка";"'12.60";"'2.5";"2";"0";"0";"0";"0";"23990,00";"28900,00";;"5%";;
"433590Y21NB 99/99 66";"1021917547";"1555588684";"04670126878577";"Куртка зимняя женская NortFolk";"'69.5";"NortFolk";"Продается";;"12";"'4.90";;"2024-04-16 10:44:56";"Одежда";"Куртка";"'12.60";"'2.5";"6";"0";"0";"0";"0";"23990,00";"28900,00";;"5%";;
"433590Y21N 225/18 46";"1021917550";"1555587829";"04670126878171";"Куртка зимняя женская NortFolk";"'69.5";"NortFolk";"Продается";;"8";"'4.90";;"2024-04-16 10:44:56";"Одежда";"Куртка";"'12.60";"'2.5";"5";"0";"0";"0";"0";"21990,00";"26900,00";;"5%";;
"433590Y21N 36/18 48";"1021917552";"1555142024";"04680598787581";"Куртка зимняя женская NortFolk";"'69.5";"NortFolk";"Готов к продаже";;"2";"'4.90";;"2024-04-16 10:44:56";"Одежда";"Куртка";"'12.60";"'2.5";"0";"0";"0";"0";"0";"21990,00";"26900,00";;"5%";;
"433590Y21N FS/18 48";"1021917553";"1555588310";"04680654253494";"Куртка зимняя женская NortFolk";"'69.5";"NortFolk";"Готов к продаже";;"5";"'4.90";;"2024-04-16 10:44:56";"Одежда";"Куртка";"'12.60";"'2.5";"0";"0";"0";"0";"0";"21990,00";"26900,00";;"5%";;
"433590Y21N 225/21 46";"1021917593";"1555587923";"04680654253692";"Куртка зимняя женская NortFolk";"'69.5";"NortFolk";"Продается";;"9";"'4.90";;"2024-04-16 10:44:57";"Одежда";"Куртка";"'12.60";"'2.5";"6";"0";"0";"0";"0";"21990,00";"26900,00";;"5%";;
"621280N20N 009 58";"1021923367";"1555606785";"2085302850728";"Куртка NortFolk бордовый 58 58";"'54.5";"NortFolk";"Готов к продаже";;"2";"'5.00";;"2024-04-16 10:51:35";"Одежда";"Пальто";"'13.00";"'2.6";"0";"0";"0";"0";"0";"18500,00";"29500,00";;"5%";;
"621280N20N 100 54";"1021923369";"1555606675";"04660426875697";"Куртка NortFolk черный 54 54";"'54.5";"NortFolk";"Готов к продаже";;"6";"'5.00";;"2024-04-16 10:51:35";"Одежда";"Пальто";"'13.00";"'2.6";"0";"0";"0";"0";"0";"18500,00";"29500,00";;"5%";;
"621280N20N 25 44";"1021923392";"1555606792";;"Куртка NortFolk оливковый 44 44";"'54.5";"NortFolk";"Готов к продаже";;"0";"'0.00";;"2024-04-16 10:51:36";"Одежда";"Пальто";"'13.00";"'2.6";"0";"0";"0";"0";"0";"18500,00";"29500,00";;"5%";;
"621280N20N 100 48";"1021923393";"1555606860";"04660426875666";"Куртка NortFolk черный 48 48";"'54.5";"NortFolk";"Готов к продаже";;"0";"'0.00";;"2024-04-16 10:51:36";"Одежда";"Пальто";"'13.00";"'2.6";"0";"0";"0";"0";"0";"18500,00";"29500,00";;"5%";;
"621280N20N 99 50";"1021923396";"1555606574";"04660426875420";"Куртка NortFolk темно-синий 50 50";"'54.5";"NortFolk";"Готов к продаже";;"5";"'4.80";;"2024-04-16 10:51:36";"Одежда";"Пальто";"'13.00";"'2.6";"0";"0";"0";"0";"0";"18500,00";"29500,00";;"5%";;
"621280N20N 009 56";"1021923397";"1555606390";"2085302850711";"Куртка NortFolk бордовый 56 56";"'54.5";"NortFolk";"Готов к продаже";;"4";"'5.00";;"2024-04-16 10:51:36";"Одежда";"Пальто";"'13.00";"'2.6";"0";"0";"0";"0";"0";"18500,00";"29500,00";;"5%";;
"621280N20N 100 46";"1021923400";"1555606818";"04660426875659";"Куртка NortFolk черный 46 46";"'54.5";"NortFolk";"Готов к продаже";;"1";"'5.00";;"2024-04-16 10:51:36";"Одежда";"Пальто";"'13.00";"'2.6";"0";"0";"0";"0";"0";"18500,00";"29500,00";;"5%";;
"621280N20N 25 46";"1021923402";"1555606481";"04660426875734";"Куртка NortFolk оливковый 46 46";"'54.5";"NortFolk";"Готов к продаже";;"2";"'5.00";;"2024-04-16 10:51:36";"Одежда";"Пальто";"'13.00";"'2.6";"0";"0";"0";"0";"0";"18500,00";"29500,00";;"5%";;
"621280N20N 78 56";"1021923408";"1554643682";"04680351477001";"Куртка NortFolk сиреневый 56";"'54.5";"NortFolk";"Готов к продаже";;"5";"'4.90";;"2024-04-16 10:51:36";"Одежда";"Пальто";"'13.00";"'2.6";"0";"0";"0";"0";"0";"18500,00";"29500,00";;"5%";;
"621280N20N 99 56";"1021923410";"1555606868";"04660426875451";"Куртка NortFolk темно-синий 56 56";"'54.5";"NortFolk";"Готов к продаже";;"5";"'5.00";;"2024-04-16 10:51:36";"Одежда";"Пальто";"'13.00";"'2.6";"0";"0";"0";"0";"0";"18500,00";"29500,00";;"5%";;
"621280N20N 009 52";"1021923411";"1555606701";"2085302850698";"Куртка NortFolk бордовый 52 52";"'54.5";"NortFolk";"Готов к продаже";;"3";"'5.00";;"2024-04-16 10:51:36";"Одежда";"Пальто";"'13.00";"'2.6";"0";"0";"0";"0";"0";"18500,00";"29500,00";;"5%";;
"621280N20N 78 54";"1021923414";"1554643931";"04610279064267";"Куртка NortFolk сиреневый 54";"'54.5";"NortFolk";"Готов к продаже";;"4";"'4.90";;"2024-04-16 10:51:36";"Одежда";"Пальто";"'13.00";"'2.6";"0";"0";"0";"0";"0";"18500,00";"29500,00";;"5%";;
"621280N20N 009 48";"1021923415";"1555606416";"2085302850674";"Куртка NortFolk бордовый 48 48";"'54.5";"NortFolk";"Готов к продаже";;"3";"'5.00";;"2024-04-16 10:51:36";"Одежда";"Пальто";"'13.00";"'2.6";"0";"0";"0";"0";"0";"18500,00";"29500,00";;"5%";;
"621280N20N 99 44";"1021923416";"1555606576";;"Куртка NortFolk темно-синий 44 44";"'54.5";"NortFolk";"Готов к продаже";;"0";"'0.00";;"2024-04-16 10:51:36";"Одежда";"Пальто";"'13.00";"'2.6";"0";"0";"0";"0";"0";"18500,00";"29500,00";;"5%";;
"621280N20N 25 50";"1021923418";"1555606641";"04660426875758";"Куртка NortFolk оливковый 50 50";"'54.5";"NortFolk";"Готов к продаже";;"6";"'5.00";;"2024-04-16 10:51:36";"Одежда";"Пальто";"'13.00";"'2.6";"0";"0";"0";"0";"0";"18500,00";"29500,00";;"5%";;
"621280N20N 225 52";"1021923419";"1555606872";"04660426875604";"Куртка NortFolk хаки 52 52";"'54.5";"NortFolk";"Готов к продаже";;"3";"'5.00";;"2024-04-16 10:51:36";"Одежда";"Пальто";"'13.00";"'2.6";"0";"0";"0";"0";"0";"18500,00";"29500,00";;"5%";;
"621280N20N 78 48";"1021923421";"1554643523";"04680351476967";"Куртка NortFolk сиреневый 48";"'54.5";"NortFolk";"Готов к продаже";;"4";"'4.90";;"2024-04-16 10:51:36";"Одежда";"Пальто";"'13.00";"'2.6";"0";"0";"0";"0";"0";"18500,00";"29500,00";;"5%";;
"621280N20N 009 44";"1021923422";"1555606784";;"Куртка NortFolk бордовый 44 44";"'54.5";"NortFolk";"Готов к продаже";;"0";"'0.00";;"2024-04-16 10:51:36";"Одежда";"Пальто";"'13.00";"'2.6";"0";"0";"0";"0";"0";"18500,00";"29500,00";;"5%";;
"621280N20N 225 46";"1021923423";"1555606682";"04660426875574";"Куртка NortFolk хаки 46 46";"'54.5";"NortFolk";"Готов к продаже";;"3";"'4.70";;"2024-04-16 10:51:36";"Одежда";"Пальто";"'13.00";"'2.6";"0";"0";"0";"0";"0";"18500,00";"29500,00";;"5%";;
"621280N20N 100 56";"1021923425";"1555606384";"04660426875703";"Куртка NortFolk черный 56 56";"'54.5";"NortFolk";"Готов к продаже";;"2";"'5.00";;"2024-04-16 10:51:36";"Одежда";"Пальто";"'13.00";"'2.6";"0";"0";"0";"0";"0";"18500,00";"29500,00";;"5%";;
"621280N20N 78 44";"1021923428";"1554643892";;"Куртка NortFolk сиреневый 44 44";"'54.5";"NortFolk";"Готов к продаже";;"0";"'0.00";;"2024-04-16 10:51:37";"Одежда";"Пальто";"'13.00";"'2.6";"0";"0";"0";"0";"0";"18500,00";"29500,00";;"5%";;
"621280N20N 009 54";"1021923429";"1555606352";"2085302850704";"Куртка NortFolk бордовый 54 54";"'54.5";"NortFolk";"Готов к продаже";;"0";"'0.00";;"2024-04-16 10:51:37";"Одежда";"Пальто";"'13.00";"'2.6";"0";"0";"0";"0";"0";"18500,00";"29500,00";;"5%";;
"621280N20N 225 50";"1021923434";"1555606884";"04660426875598";"Куртка NortFolk хаки 50 50";"'54.5";"NortFolk";"Готов к продаже";;"5";"'5.00";;"2024-04-16 10:51:37";"Одежда";"Пальто";"'13.00";"'2.6";"0";"0";"0";"0";"0";"18500,00";"29500,00";;"5%";;
"621280N20N 225 58";"1021923436";"1555606584";"04660426875635";"Куртка NortFolk хаки 58 58";"'54.5";"NortFolk";"Готов к продаже";;"3";"'4.60";;"2024-04-16 10:51:37";"Одежда";"Пальто";"'13.00";"'2.6";"0";"0";"0";"0";"0";"18500,00";"29500,00";;"5%";;
"621280N20N 25 56";"1021923437";"1555606740";"04660426875789";"Куртка NortFolk оливковый 56 56";"'54.5";"NortFolk";"Готов к продаже";;"3";"'5.00";;"2024-04-16 10:51:37";"Одежда";"Пальто";"'13.00";"'2.6";"0";"0";"0";"0";"0";"18500,00";"29500,00";;"5%";;
"621280N20N 009 50";"1021923438";"1555606793";"2085302850681";"Куртка NortFolk бордовый 50 50";"'54.5";"NortFolk";"Готов к продаже";;"2";"'5.00";;"2024-04-16 10:51:37";"Одежда";"Пальто";"'13.00";"'2.6";"0";"0";"0";"0";"0";"18500,00";"29500,00";;"5%";;
"621280N20N 25 52";"1021923439";"1555606863";"04660426875765";"Куртка NortFolk оливковый 52 52";"'54.5";"NortFolk";"Готов к продаже";;"6";"'5.00";;"2024-04-16 10:51:37";"Одежда";"Пальто";"'13.00";"'2.6";"0";"0";"0";"0";"0";"18500,00";"29500,00";;"5%";;
"621280N20N 78 58";"1021923442";"1554643824";"04610279064281";"Куртка NortFolk сиреневый 58";"'54.5";"NortFolk";"Готов к продаже";;"4";"'4.90";;"2024-04-16 10:51:37";"Одежда";"Пальто";"'13.00";"'2.6";"0";"0";"0";"0";"0";"18500,00";"29500,00";;"5%";;
"621280N20N 100 58";"1021923443";"1555606761";"04660426875710";"Куртка NortFolk черный 58 58";"'54.5";"NortFolk";"Готов к продаже";;"4";"'5.00";;"2024-04-16 10:51:37";"Одежда";"Пальто";"'13.00";"'2.6";"0";"0";"0";"0";"0";"18500,00";"29500,00";;"5%";;
"621280N20N 225 54";"1021923444";"1555606456";"04660426875611";"Куртка NortFolk хаки 54 54";"'54.5";"NortFolk";"Готов к продаже";;"4";"'4.70";;"2024-04-16 10:51:37";"Одежда";"Пальто";"'13.00";"'2.6";"0";"0";"0";"0";"0";"18500,00";"29500,00";;"5%";;
"621280N20N 99 46";"1021923445";"1555606658";"04660426875406";"Куртка NortFolk темно-синий 46 46";"'54.5";"NortFolk";"Готов к продаже";;"1";"'5.00";;"2024-04-16 10:51:37";"Одежда";"Пальто";"'13.00";"'2.6";"0";"0";"0";"0";"0";"18500,00";"29500,00";;"5%";;
"621280N20N 99 48";"1021923446";"1555606779";"04660426875413";"Куртка NortFolk темно-синий 48 48";"'54.5";"NortFolk";"Готов к продаже";;"4";"'5.00";;"2024-04-16 10:51:37";"Одежда";"Пальто";"'13.00";"'2.6";"0";"0";"0";"0";"0";"18500,00";"29500,00";;"5%";;
"621280N20N 99 58";"1021923447";"1555606772";"04660426875468";"Куртка NortFolk темно-синий 58 58";"'54.5";"NortFolk";"Готов к продаже";;"3";"'5.00";;"2024-04-16 10:51:38";"Одежда";"Пальто";"'13.00";"'2.6";"0";"0";"0";"0";"0";"18500,00";"29500,00";;"5%";;
"621280N20N 225 44";"1021923449";"1555606478";;"Куртка NortFolk хаки 44 44";"'54.5";"NortFolk";"Готов к продаже";;"0";"'0.00";;"2024-04-16 10:51:38";"Одежда";"Пальто";"'13.00";"'2.6";"0";"0";"0";"0";"0";"18500,00";"29500,00";;"5%";;
"621280N20N 225 48";"1021923453";"1555606667";"04660426875581";"Куртка NortFolk хаки 48 48";"'69.5";"NortFolk";"Готов к продаже";;"1";"'5.00";;"2024-04-16 10:51:38";"Одежда";"Пальто";"'13.00";"'2.6";"0";"0";"0";"0";"0";"18500,00";"29500,00";;"5%";;
"621280N20N 100 52";"1021923455";"1555606764";"04660426875680";"Куртка NortFolk черный 52 52";"'54.5";"NortFolk";"Готов к продаже";;"4";"'5.00";;"2024-04-16 10:51:38";"Одежда";"Пальто";"'13.00";"'2.6";"0";"0";"0";"0";"0";"18500,00";"29500,00";;"5%";;
"621280N20N 100 44";"1021923458";"1555606548";;"Куртка NortFolk черный 44 44";"'54.5";"NortFolk";"Готов к продаже";;"0";"'0.00";;"2024-04-16 10:51:38";"Одежда";"Пальто";"'13.00";"'2.6";"0";"0";"0";"0";"0";"18500,00";"29500,00";;"5%";;
"621280N20N 25 54";"1021923459";"1555606939";"04660426875772";"Куртка NortFolk оливковый 54 54";"'54.5";"NortFolk";"Готов к продаже";;"3";"'5.00";;"2024-04-16 10:51:38";"Одежда";"Пальто";"'13.00";"'2.6";"0";"0";"0";"0";"0";"18500,00";"29500,00";;"5%";;
"621280N20N 25 48";"1021923460";"1555606571";"04660426875741";"Куртка NortFolk оливковый 48 48";"'54.5";"NortFolk";"Готов к продаже";;"3";"'5.00";;"2024-04-16 10:51:38";"Одежда";"Пальто";"'13.00";"'2.6";"0";"0";"0";"0";"0";"18500,00";"29500,00";;"5%";;
"621280N20N 78 52";"1021923462";"1554643632";"04680351476981";"Куртка NortFolk сиреневый 52";"'54.5";"NortFolk";"Готов к продаже";;"4";"'4.90";;"2024-04-16 10:51:38";"Одежда";"Пальто";"'13.00";"'2.6";"0";"0";"0";"0";"0";"18500,00";"29500,00";;"5%";;
"621280N20N 99 54";"1021923463";"1555606646";"04660426875444";"Куртка NortFolk темно-синий 54 54";"'54.5";"NortFolk";"Готов к продаже";;"2";"'5.00";;"2024-04-16 10:51:38";"Одежда";"Пальто";"'13.00";"'2.6";"0";"0";"0";"0";"0";"18500,00";"29500,00";;"5%";;
"621280N20N 25 58";"1021923464";"1555606788";"04660426875796";"Куртка NortFolk оливковый 58 58";"'54.5";"NortFolk";"Готов к продаже";;"3";"'5.00";;"2024-04-16 10:51:38";"Одежда";"Пальто";"'13.00";"'2.6";"0";"0";"0";"0";"0";"18500,00";"29500,00";;"5%";;
"621280N20N 225 56";"1021923466";"1555606610";"04660426875628";"Куртка NortFolk хаки 56 56";"'54.5";"NortFolk";"Готов к продаже";;"3";"'5.00";;"2024-04-16 10:51:39";"Одежда";"Пальто";"'13.00";"'2.6";"0";"0";"0";"0";"0";"18500,00";"29500,00";;"5%";;
"621280N20N 78 50";"1021923471";"1554643888";"04680351476974";"Куртка NortFolk сиреневый 50";"'54.5";"NortFolk";"Готов к продаже";;"8";"'4.90";;"2024-04-16 10:51:39";"Одежда";"Пальто";"'13.00";"'2.6";"0";"0";"0";"0";"0";"18500,00";"29500,00";;"5%";;
"621280N20N 100 50";"1021923472";"1555606664";"04660426875673";"Куртка NortFolk черный 50 50";"'54.5";"NortFolk";"Готов к продаже";;"4";"'5.00";;"2024-04-16 10:51:39";"Одежда";"Пальто";"'13.00";"'2.6";"0";"0";"0";"0";"0";"18500,00";"29500,00";;"5%";;
"621280N20N 99 52";"1021923476";"1555606607";"04660426875437";"Куртка NortFolk темно-синий 52 52";"'54.5";"NortFolk";"Готов к продаже";;"4";"'4.70";;"2024-04-16 10:51:39";"Одежда";"Пальто";"'13.00";"'2.6";"0";"0";"0";"0";"0";"18500,00";"29500,00";;"5%";;
"621280N20N 009 46";"1021923477";"1555606577";"2085302850667";"Куртка NortFolk бордовый 46 46";"'54.5";"NortFolk";"Готов к продаже";;"4";"'5.00";;"2024-04-16 10:51:40";"Одежда";"Пальто";"'13.00";"'2.6";"0";"0";"0";"0";"0";"18500,00";"29500,00";;"5%";;
"621280N20N 78 46";"1021923478";"1554643700";"04610279064229";"Куртка NortFolk сиреневый 46";"'54.5";"NortFolk";"Готов к продаже";;"6";"'4.90";;"2024-04-16 10:51:40";"Одежда";"Пальто";"'13.00";"'2.6";"0";"0";"0";"0";"0";"18500,00";"29500,00";;"5%";;
"00000802950N10N-1 000000255 46";"1029918699";"1554672067";;"Куртка NortFolk оливковый 46";"'32";"Нет бренда";"Готов к продаже";;"0";"'0.00";;"2024-04-22 08:45:28";"Одежда";"Куртка";"'6.83";"'1.4";"0";"0";"0";"0";"0";"21800,00";"25900,00";;"5%";;
"0000000802950N10N-1 0000255 58000";"1029918708";"1554671442";;"Куртка NortFolk оливковый 58";"'32";"Нет бренда";"Готов к продаже";;"0";"'0.00";;"2024-04-22 08:45:28";"Одежда";"Куртка";"'6.83";"'1.4";"0";"0";"0";"0";"0";"21800,00";"25900,00";;"5%";;
"00000802950N10N-1 255 5600000000";"1029918752";"1554671559";;"Куртка NortFolk оливковый 56";"'32";"Нет бренда";"Готов к продаже";;"0";"'0.00";;"2024-04-22 08:45:29";"Одежда";"Куртка";"'6.83";"'1.4";"0";"0";"0";"0";"0";"21800,00";"25900,00";;"5%";;
"000802950N10N-1 255 48";"1029918777";"1554671922";;"Куртка NortFolk оливковый 48";"'32";"Нет бренда";"Готов к продаже";;"0";"'0.00";;"2024-04-22 08:45:31";"Одежда";"Куртка";"'6.83";"'1.4";"0";"0";"0";"0";"0";"21800,00";"25900,00";;"5%";;
"0001";"1029918797";"1554671576";;"Куртка NortFolk оливковый 52";"'32";"Нет бренда";"Готов к продаже";;"0";"'0.00";;"2024-04-22 08:45:31";"Одежда";"Куртка";"'6.83";"'1.4";"0";"0";"0";"0";"0";"21800,00";"25900,00";;"5%";;
"00000802950N10N-1 100 48";"1029918836";"1555183201";;"Куртка NortFolk черный 48";"'32";"Нет бренда";"Готов к продаже";;"0";"'0.00";;"2024-04-22 08:45:32";"Одежда";"Куртка";"'6.83";"'1.4";"0";"0";"0";"0";"0";"21800,00";"25900,00";;"5%";;
"0000000";"1029918878";"1554671615";;"Куртка NortFolk оливковый 54";"'32";"NortFolk";"Готов к продаже";;"0";"'0.00";;"2024-04-22 08:45:33";"Одежда";"Куртка";"'6.83";"'1.4";"0";"0";"0";"0";"0";"21800,00";"25900,00";;"5%";;
"756951N01NB 181 64";"1030233158";"1877992686";"04660426043140";"Куртка - ветровка NortFolk";"'54.5";"NortFolk";"Готов к продаже";;"1";"'4.90";;"2024-04-22 12:25:09";"Одежда";"Куртка";"'16.99";"'3.4";"0";"0";"0";"0";"0";"11950,00";"15900,00";;"5%";;
"756951N01N 98 48";"1030233166";"1555020569";"04610279107018";"Куртка - ветровка NortFolk";"'54.5";"NortFolk";"Готов к продаже";;"12";"'4.90";;"2024-04-22 12:25:12";"Одежда";"Куртка";"'16.99";"'3.4";"0";"0";"0";"0";"0";"13150,00";"15550,00";;"5%";;
"756951N01NB 98 66";"1030233167";"1877992603";"04660426043034";"Куртка - ветровка NortFolk";"'54.5";"NortFolk";"Готов к продаже";;"5";"'4.90";;"2024-04-22 12:25:12";"Одежда";"Куртка";"'16.99";"'3.4";"0";"0";"0";"0";"0";"11950,00";"15900,00";;"5%";;
"756951N01N 36 50";"1030233169";"1555021546";"04660227974070";"Куртка - ветровка NortFolk";"'54.5";"NortFolk";"Продается";;"9";"'4.90";;"2024-04-22 12:25:12";"Одежда";"Куртка";"'16.70";"'3.3";"1";"0";"0";"0";"0";"13150,00";"15550,00";;"5%";;
"756951N01N 98 56";"1030233170";"1555021591";"04610279107056";"Куртка - ветровка NortFolk";"'54.5";"NortFolk";"Продается";;"18";"'4.90";;"2024-04-22 12:25:12";"Одежда";"Куртка";"'16.99";"'3.4";"1";"0";"0";"0";"0";"13150,00";"15550,00";;"5%";;
"756951N01NB 181 60";"1030233171";"1877992857";"04660426043126";"Куртка - ветровка NortFolk";"'54.5";"NortFolk";"Готов к продаже";;"3";"'4.90";;"2024-04-22 12:25:12";"Одежда";"Куртка";"'16.99";"'3.4";"0";"0";"0";"0";"0";"11950,00";"15900,00";;"5%";;
"756951N01NB 181 68";"1030233176";"1877993123";"04660426043164";"Куртка - ветровка NortFolk";"'54.5";"NortFolk";"Готов к продаже";;"1";"'4.90";;"2024-04-22 12:25:14";"Одежда";"Куртка";"'16.99";"'3.4";"0";"0";"0";"0";"0";"11950,00";"15900,00";;"5%";;
"756951N01NB 36 70";"1030233177";"1877992903";"04660426043119";"Куртка - ветровка NortFolk";"'54.5";"NortFolk";"Готов к продаже";;"2";"'4.90";;"2024-04-22 12:25:14";"Одежда";"Куртка";"'16.99";"'3.4";"0";"0";"0";"0";"0";"11950,00";"15900,00";;"5%";;
"756951N01N 181 58";"1030233183";"1877992951";"04660426042921";"Куртка - ветровка NortFolk";"'54.5";"NortFolk";"Готов к продаже";;"3";"'4.90";;"2024-04-22 12:25:14";"Одежда";"Куртка";"'16.99";"'3.4";"0";"0";"0";"0";"0";"13150,00";"15550,00";;"5%";;
"756951N01NB 98 68";"1030233189";"1877992696";"04660426043041";"Куртка - ветровка NortFolk";"'54.5";"NortFolk";"Готов к продаже";;"3";"'4.90";;"2024-04-22 12:25:14";"Одежда";"Куртка";"'16.99";"'3.4";"0";"0";"0";"0";"0";"11950,00";"15900,00";;"5%";;
"756951N01N 98 46";"1030233190";"1877992783";"04660426042792";"Куртка - ветровка NortFolk";"'54.5";"NortFolk";"Готов к продаже";;"2";"'4.90";;"2024-04-22 12:25:14";"Одежда";"Куртка";"'16.99";"'3.4";"0";"0";"0";"0";"0";"13150,00";"15550,00";;"5%";;
"756951N01N 181 52";"1030233200";"1637179828";"04610279107148";"Куртка - ветровка NortFolk";"'54.5";"NortFolk";"Готов к продаже";;"5";"'4.90";;"2024-04-22 12:25:15";"Одежда";"Куртка";"'16.99";"'3.4";"0";"0";"0";"0";"0";"13150,00";"15550,00";;"5%";;
"756951N01NB 36 64";"1030233201";"1877992875";"04660426043089";"Куртка - ветровка NortFolk";"'54.5";"NortFolk";"Готов к продаже";;"3";"'4.90";;"2024-04-22 12:25:15";"Одежда";"Куртка";"'16.99";"'3.4";"0";"0";"0";"0";"0";"11950,00";"15900,00";;"5%";;
"756951N01NB 98 60";"1030233202";"1554975104";"04610279107209";"Куртка - ветровка NortFolk";"'54.5";"NortFolk";"Готов к продаже";;"5";"'4.90";;"2024-04-22 12:25:15";"Одежда";"Куртка";"'16.99";"'3.4";"0";"0";"0";"0";"0";"11950,00";"15900,00";;"5%";;
"756951N01NB 98 62";"1030233213";"1555021445";"04610279107216";"Куртка - ветровка NortFolk";"'54.5";"NortFolk";"Готов к продаже";;"12";"'4.90";;"2024-04-22 12:25:16";"Одежда";"Куртка";"'16.99";"'3.4";"0";"0";"0";"0";"0";"11950,00";"15900,00";;"5%";;
"756951N01NB 36 62";"1030233214";"1877992560";"04660426043072";"Куртка - ветровка NortFolk";"'54.5";"NortFolk";"Готов к продаже";;"3";"'4.90";;"2024-04-22 12:25:16";"Одежда";"Куртка";"'16.99";"'3.4";"0";"0";"0";"0";"0";"11950,00";"15900,00";;"5%";;
"756951N01N 36 48";"1030233215";"1555021581";;"Куртка - ветровка NortFolk";"'54.5";"NortFolk";"Готов к продаже";;"0";"'4.90";;"2024-04-22 12:25:16";"Одежда";"Куртка";"'16.99";"'3.4";"0";"0";"0";"0";"0";"13150,00";"15550,00";;"5%";;
"756951N01N 181 50";"1030233216";"1637179952";"04610279107131";"Куртка - ветровка NortFolk";"'54.5";"NortFolk";"Готов к продаже";;"7";"'4.90";;"2024-04-22 12:25:16";"Одежда";"Куртка";"'16.99";"'3.4";"0";"0";"0";"0";"0";"13150,00";"15550,00";;"5%";;
"756951N01NB 36 66";"1030233217";"1877992691";"04660426043096";"Куртка - ветровка NortFolk";"'50";"NortFolk";"Готов к продаже";;"3";"'4.90";;"2024-04-22 12:25:16";"Одежда";"Куртка";"'16.99";"'3.4";"0";"0";"0";"0";"0";"11950,00";"15900,00";;"5%";;
"756951N01N 181 54";"1030233218";"1877992513";"04660426042907";"Куртка - ветровка NortFolk";"'50";"NortFolk";"Готов к продаже";;"4";"'4.90";;"2024-04-22 12:25:16";"Одежда";"Куртка";"'16.99";"'3.4";"0";"0";"0";"0";"0";"13150,00";"15550,00";;"5%";;
"756951N01NB 36 60";"1030233233";"1877992652";"04660426043065";"Куртка - ветровка NortFolk";"'54.5";"NortFolk";"Готов к продаже";;"3";"'4.90";;"2024-04-22 12:25:17";"Одежда";"Куртка";"'16.99";"'3.4";"0";"0";"0";"0";"0";"11950,00";"15900,00";;"5%";;
"756951N01NB 98 64";"1030233234";"1877992753";"04660426043027";"Куртка - ветровка NortFolk";"'54.5";"NortFolk";"Готов к продаже";;"9";"'4.90";;"2024-04-22 12:25:17";"Одежда";"Куртка";"'16.99";"'3.4";"0";"0";"0";"0";"0";"11950,00";"15900,00";;"5%";;
"756951N01NB 181 66";"1030233244";"1877992762";"04660426043157";"Куртка - ветровка NortFolk";"'54.5";"NortFolk";"Готов к продаже";;"2";"'4.90";;"2024-04-22 12:25:21";"Одежда";"Куртка";"'16.99";"'3.4";"0";"0";"0";"0";"0";"11950,00";"15900,00";;"5%";;
"756951N01N 36 56";"1030233248";"1555020922";"04610279107094";"Куртка - ветровка NortFolk";"'54.5";"NortFolk";"Продается";;"5";"'4.90";;"2024-04-22 12:25:21";"Одежда";"Куртка";"'16.99";"'3.4";"1";"0";"0";"0";"0";"13150,00";"15550,00";;"5%";;
"756951N01N 98 50";"1030233252";"1555021490";"04610279107025";"Куртка - ветровка NortFolk";"'54.5";"NortFolk";"Готов к продаже";;"19";"'4.90";;"2024-04-22 12:25:21";"Одежда";"Куртка";"'15.74";"'3.1";"0";"0";"0";"0";"0";"13150,00";"15550,00";;"5%";;
"756951N01N 36 52";"1030233265";"1555021632";"04610279107070";"Куртка - ветровка NortFolk";"'54.5";"NortFolk";"Готов к продаже";;"7";"'4.90";;"2024-04-22 12:25:22";"Одежда";"Куртка";"'16.99";"'3.4";"0";"0";"0";"0";"0";"13150,00";"15550,00";;"5%";;
"756951N01N 181 48";"1030233267";"1637179867";"04610279107124";"Куртка - ветровка NortFolk";"'54.5";"NortFolk";"Готов к продаже";;"5";"'4.90";;"2024-04-22 12:25:22";"Одежда";"Куртка";"'16.99";"'3.4";"0";"0";"0";"0";"0";"13150,00";"15550,00";;"5%";;
"756951N01NB 181 62";"1030233268";"1877992780";"04660426043133";"Куртка - ветровка NortFolk";"'54.5";"NortFolk";"Готов к продаже";;"5";"'4.90";;"2024-04-22 12:25:22";"Одежда";"Куртка";"'16.99";"'3.4";"0";"0";"0";"0";"0";"11950,00";"15900,00";;"5%";;
"756951N01N 98 54";"1030233270";"1555021002";"04610279107049";"Куртка - ветровка NortFolk";"'54.5";"NortFolk";"Продается";;"11";"'4.90";;"2024-04-22 12:25:22";"Одежда";"Куртка";"'16.99";"'3.4";"1";"0";"0";"0";"0";"13150,00";"15550,00";;"5%";;
"756951N01N 36 58";"1030233272";"1877992676";"04660426042976";"Куртка - ветровка NortFolk";"'54.5";"NortFolk";"Готов к продаже";;"6";"'4.90";;"2024-04-22 12:25:22";"Одежда";"Куртка";"'16.99";"'3.4";"0";"0";"0";"0";"0";"13150,00";"15550,00";;"5%";;
"756951N01N 98 58";"1030233275";"1555021316";"04610279107063";"Куртка - ветровка NortFolk";"'54.5";"NortFolk";"Готов к продаже";;"13";"'4.90";;"2024-04-22 12:25:22";"Одежда";"Куртка";"'16.99";"'3.4";"0";"0";"0";"0";"0";"13150,00";"15550,00";;"5%";;
"756951N01N 181 56";"1030233291";"1877992863";"04660426042914";"Куртка - ветровка NortFolk";"'54.5";"NortFolk";"Продается";;"3";"'4.90";;"2024-04-22 12:25:23";"Одежда";"Куртка";"'16.99";"'3.4";"1";"0";"0";"0";"0";"13150,00";"15550,00";;"5%";;
"756951N01NB 36 68";"1030233295";"1877992948";"04660426043102";"Куртка - ветровка NortFolk";"'54.5";"NortFolk";"Готов к продаже";;"0";"'4.90";;"2024-04-22 12:25:23";"Одежда";"Куртка";"'16.99";"'3.4";"0";"0";"0";"0";"0";"11950,00";"15900,00";;"5%";;
"756951N01NB 181 70";"1030233296";"1877993201";"04660426043171";"Куртка - ветровка NortFolk";"'54.5";"NortFolk";"Готов к продаже";;"2";"'4.90";;"2024-04-22 12:25:23";"Одежда";"Куртка";"'16.99";"'3.4";"0";"0";"0";"0";"0";"11950,00";"15900,00";;"5%";;
"756951N01N 98 52";"1030233319";"1555021328";"04610279107032";"Куртка - ветровка NortFolk";"'54.5";"NortFolk";"Готов к продаже";;"21";"'4.90";;"2024-04-22 12:25:23";"Одежда";"Куртка";"'16.99";"'3.4";"0";"0";"0";"0";"0";"13150,00";"15550,00";;"5%";;
"756951N01NB 98 70";"1030233321";"1877992722";"04660426043058";"Куртка - ветровка NortFolk";"'54.5";"NortFolk";"Готов к продаже";;"2";"'4.90";;"2024-04-22 12:25:23";"Одежда";"Куртка";"'16.99";"'3.4";"0";"0";"0";"0";"0";"11950,00";"15900,00";;"5%";;
"756951N01N 36 54";"1030233324";"1554964859";"04610279107087";"Куртка - ветровка NortFolk";"'54.5";"NortFolk";"Готов к продаже";;"7";"'4.90";;"2024-04-22 12:25:23";"Одежда";"Куртка";"'16.99";"'3.4";"0";"0";"0";"0";"0";"13150,00";"15550,00";;"5%";;
"823C603M BI36 52";"1030570815";"1555263707";"04680351169036";"Куртка Shark Force хаки 52";"'54.5";"Shark Force";"Готов к продаже";;"2";"'5.00";;"2024-04-22 20:53:41";"Одежда";"Куртка";"'8.40";"'1.7";"0";"0";"0";"0";"0";"13150,00";"19450,00";;"5%";;
"823C603M BI42 48";"1030570874";"1555263886";"04680351169081";"Куртка Shark Force темно-синий 48";"'54.5";"Shark Force";"Готов к продаже";;"2";"'5.00";;"2024-04-22 20:53:45";"Одежда";"Куртка";"'8.40";"'1.7";"0";"0";"0";"0";"0";"13150,00";"19450,00";;"5%";;
"823C603M BI36 50";"1030570899";"1555263541";"04680351169029";"Куртка Shark Force хаки 50";"'54.5";"Shark Force";"Готов к продаже";;"2";"'5.00";;"2024-04-22 20:53:49";"Одежда";"Куртка";"'8.40";"'1.7";"0";"0";"0";"0";"0";"13150,00";"19450,00";;"5%";;
"823C603M BI36 48";"1030570920";"1555263842";"04680351169012";"Куртка Shark Force хаки 48";"'54.5";"Shark Force";"Готов к продаже";;"2";"'5.00";;"2024-04-22 20:53:52";"Одежда";"Куртка";"'8.40";"'1.7";"0";"0";"0";"0";"0";"13150,00";"19450,00";;"5%";;
"011820N10C-1 3-1 46";"1030803455";"1555460987";"04610279149162";"Куртка City Classic светло-зеленый 46";"'54.5";"City Classic";"Готов к продаже";;"0";"'5.00";;"2024-04-23 05:12:59";"Одежда";"Куртка";"'8.40";"'1.7";"0";"0";"0";"0";"0";"12700,00";"19800,00";;"5%";;
"011820N10C-1 3-1 58";"1030857708";"1555512160";"04610279149223";"Куртка City Classic светло-зеленый 58";"'54.5";"City Classic";"Готов к продаже";;"0";"'5.00";;"2024-04-23 06:04:31";"Одежда";"Куртка";"'8.40";"'1.7";"0";"0";"0";"0";"0";"12700,00";"19800,00";;"5%";;
"011820N10C-1 FS 58";"1030860953";"1555514413";"04610279149308";"Куртка City Classic кремовый 58";"'54.5";"City Classic";"Готов к продаже";;"1";"'5.00";;"2024-04-23 06:06:47";"Одежда";"Куртка";"'8.40";"'1.7";"0";"0";"0";"0";"0";"12700,00";"19800,00";;"5%";;
"701821N01N 106 58";"1030865709";"1555518297";"04610279105694";"Куртка NortFolk коричневый 58";"'54.5";"NortFolk";"Готов к продаже";;"3";"'4.70";;"2024-04-23 06:12:33";"Одежда";"Куртка";"'8.40";"'1.7";"0";"0";"0";"0";"0";"9990,00";"19900,00";;"5%";;
"668280N21N 121-1 52";"1041046534";"1564613256";"2085302854054";"Куртка женская NortFolk";"'69.5";"NortFolk";"Готов к продаже";;"4";"'5.00";;"2024-05-03 06:12:08";"Одежда";"Куртка";"'7.09";"'1.4";"0";"0";"0";"0";"0";"17900,00";"30900,00";;"5%";;
"668280N21N 121-1 48";"1041046535";"1564613341";"2085302854030";"Куртка женская NortFolk";"'69.5";"NortFolk";"Готов к продаже";;"1";"'5.00";;"2024-05-03 06:12:08";"Одежда";"Куртка";"'7.09";"'1.4";"0";"0";"0";"0";"0";"17900,00";"30900,00";;"5%";;
"668280N21N 121-1 50";"1041046537";"1564613265";"2085302854047";"Куртка женская NortFolk";"'69.5";"NortFolk";"Готов к продаже";;"2";"'5.00";;"2024-05-03 06:12:08";"Одежда";"Куртка";"'7.09";"'1.4";"0";"0";"0";"0";"0";"17900,00";"30900,00";;"5%";;
"668280N21N 121-1 46";"1041046538";"1564613321";"2085302854023";"Куртка женская NortFolk";"'69.5";"NortFolk";"Готов к продаже";;"3";"'5.00";;"2024-05-03 06:12:08";"Одежда";"Куртка";"'7.09";"'1.4";"0";"0";"0";"0";"0";"17900,00";"30900,00";;"5%";;
"668280N21N 121-1 56";"1041046546";"1564613250";"2085302854078";"Куртка женская NortFolk";"'69.5";"NortFolk";"Готов к продаже";;"2";"'5.00";;"2024-05-03 06:12:14";"Одежда";"Куртка";"'7.09";"'1.4";"0";"0";"0";"0";"0";"17900,00";"30900,00";;"5%";;
"668280N21N 121-1 54";"1041046553";"1564613339";"2085302854061";"Куртка женская NortFolk";"'69.5";"NortFolk";"Готов к продаже";;"0";"'5.00";;"2024-05-03 06:12:14";"Одежда";"Куртка";"'7.09";"'1.4";"0";"0";"0";"0";"0";"17900,00";"30900,00";;"5%";;
"031820N11CJ 99 46";"1057496462";"1579264484";"04610279152124";"Жилетка утепленная стеганая City Classic";"'82";"City Classic";"Продается";;"5";"'5.00";;"2024-05-20 09:26:01";"Одежда";"Жилет";"'17.48";"'3.5";"1";"0";"0";"0";"0";"11920,00";"19550,00";;"5%";;
"031820N11CJ 71 58";"1057514763";"1579282446";"04610279152346";"Жилетка утепленная стеганая City Classic";"'82";"City Classic";"Готов к продаже";;"2";"'5.00";;"2024-05-20 09:41:07";"Одежда";"Жилет";"'17.48";"'3.5";"0";"0";"0";"0";"0";"11920,00";"19550,00";;"5%";;
"780951N11NJ 97 56";"1057560531";"1579403397";"04610279088379";"Жилет утепленный NortFolk";"'87.5";"NortFolk";"Продается";;"5";"'4.90";;"2024-05-20 10:19:10";"Одежда";"Жилет";"'24.00";"'4.8";"6";"0";"0";"0";"0";"11350,00";"20150,00";;"5%";;"Изменить габариты и вес нельзя: мы уже замерили их и закрепили за карточкой товара. Если заметили неточность, напишите в поддержку — всё проверим и исправим."
"780951N11NJ 97 48";"1057560549";"1579692044";"04610279088331";"Жилет утепленный NortFolk";"'87.5";"NortFolk";"Продается";;"9";"'4.90";;"2024-05-20 10:19:11";"Одежда";"Жилет";"'10.50";"'2.1";"5";"0";"0";"0";"0";"11350,00";"20150,00";;"5%";;
"780951N11NJ 97 60";"1057560552";"1579692124";"04610279088393";"Жилет утепленный NortFolk";"'87.5";"NortFolk";"Продается";;"3";"'4.90";;"2024-05-20 10:19:12";"Одежда";"Жилет";"'26.14";"'5.2";"5";"0";"0";"0";"0";"11350,00";"20150,00";;"5%";;"Изменить габариты и вес нельзя: мы уже замерили их и закрепили за карточкой товара. Если заметили неточность, напишите в поддержку — всё проверим и исправим."
"780951N11NJ 97 58";"1057560592";"1579692162";"04610279088386";"Жилет утепленный NortFolk";"'69.5";"NortFolk";"Продается";;"9";"'4.90";;"2024-05-20 10:19:14";"Одежда";"Жилет";"'24.38";"'4.9";"7";"0";"0";"0";"0";"11350,00";"20150,00";;"5%";;"Изменить габариты и вес нельзя: мы уже замерили их и закрепили за карточкой товара. Если заметили неточность, напишите в поддержку — всё проверим и исправим."
"802950N10N-1 36 52";"1057631814";"1579397753";"04630187069413";"Куртка женская демисезонная стеганая удлиненная NortFolk";"'54.5";"NortFolk";"Готов к продаже";;"1";"'4.50";;"2024-05-20 10:43:00";"Одежда";"Куртка";"'17.55";"'3.5";"0";"0";"0";"0";"0";"13150,00";"25900,00";;"5%";;
"821D215U DH112 50";"1058440093";"1580302267";"04630308300951";"Куртка парка зимняя мужская";"'69.5";"Shark Force";"Готов к продаже";;"1";"'5.00";;"2024-05-21 08:10:42";"Одежда";"Парка";"'8.10";"'1.6";"0";"0";"0";"0";"0";"22500,00";"38400,00";;"5%";;
"821D215U DH1 48";"1058440094";"1580272737";"04630308300739";"Куртка парка зимняя мужская";"'69.5";"Shark Force";"Готов к продаже";;"0";"'5.00";;"2024-05-21 08:10:42";"Одежда";"Парка";"'8.10";"'1.6";"0";"0";"0";"0";"0";"22500,00";"38400,00";;"5%";;
"821D215U DH132 56";"1058440095";"1580287132";"04630308300708";"Куртка парка зимняя мужская";"'69.5";"Shark Force";"Готов к продаже";;"0";"'5.00";;"2024-05-21 08:10:42";"Одежда";"Парка";"'8.10";"'1.6";"0";"0";"0";"0";"0";"22500,00";"38400,00";;"5%";;
"821D215U DH42 50";"1058440097";"1580282903";"04630308301026";"Куртка парка зимняя мужская";"'69.5";"Shark Force";"Готов к продаже";;"3";"'5.00";;"2024-05-21 08:10:42";"Одежда";"Парка";"'8.10";"'1.6";"0";"0";"0";"0";"0";"22500,00";"38400,00";;"5%";;
"821D215U DH112 58";"1058440098";"1580301967";;"Куртка парка зимняя мужская";"'69.5";"Shark Force";"Готов к продаже";;"0";"'0.00";;"2024-05-21 08:10:42";"Одежда";"Парка";"'8.10";"'1.6";"0";"0";"0";"0";"0";"22500,00";"38400,00";;"5%";;
"821D215U DH112 46";"1058440103";"1580302496";;"Куртка парка зимняя мужская";"'69.5";"Shark Force";"Готов к продаже";;"0";"'0.00";;"2024-05-21 08:10:43";"Одежда";"Парка";"'8.10";"'1.6";"0";"0";"0";"0";"0";"22500,00";"38400,00";;"5%";;
"821D215U DH42 54";"1058440105";"1580282056";"04630308301040";"Куртка парка зимняя мужская";"'69.5";"Shark Force";"Готов к продаже";;"4";"'5.00";;"2024-05-21 08:10:43";"Одежда";"Парка";"'8.10";"'1.6";"0";"0";"0";"0";"0";"22500,00";"38400,00";;"5%";;
"821D215U DH42 52";"1058440108";"1580282084";"04630308301033";"Куртка парка зимняя мужская";"'69.5";"Shark Force";"Готов к продаже";;"3";"'5.00";;"2024-05-21 08:10:44";"Одежда";"Парка";"'8.10";"'1.6";"0";"0";"0";"0";"0";"22500,00";"38400,00";;"5%";;
"821D215U DH10 52";"1058440110";"1580270854";"04630308300890";"Куртка парка зимняя мужская";"'69.5";"Shark Force";"Готов к продаже";;"2";"'5.00";;"2024-05-21 08:10:44";"Одежда";"Парка";"'8.10";"'1.6";"0";"0";"0";"0";"0";"22500,00";"38400,00";;"5%";;
"821D215U DH133 50";"1058440111";"1580280445";"04630308300609";"Куртка парка зимняя мужская";"'69.5";"Shark Force";"Готов к продаже";;"1";"'5.00";;"2024-05-21 08:10:44";"Одежда";"Парка";"'8.10";"'1.6";"0";"0";"0";"0";"0";"22500,00";"38400,00";;"5%";;
"821D215U DH42 46";"1058440112";"1580282070";"04630308301002";"Куртка парка зимняя мужская";"'69.5";"Shark Force";"Продается";;"1";"'5.00";;"2024-05-21 08:10:44";"Одежда";"Парка";"'8.10";"'1.6";"1";"0";"0";"0";"0";"22500,00";"38400,00";;"5%";;
"821D215U DH1 50";"1058440113";"1580272795";"04630308300746";"Куртка парка зимняя мужская";"'69.5";"Shark Force";"Готов к продаже";;"2";"'5.00";;"2024-05-21 08:10:44";"Одежда";"Парка";"'8.10";"'1.6";"0";"0";"0";"0";"0";"22500,00";"38400,00";;"5%";;
"821D215U DH42 56";"1058440115";"1580283029";"04630308301057";"Куртка парка зимняя мужская";"'69.5";"Shark Force";"Готов к продаже";;"1";"'5.00";;"2024-05-21 08:10:44";"Одежда";"Парка";"'8.10";"'1.6";"0";"0";"0";"0";"0";"22500,00";"38400,00";;"5%";;
"821D215U DH10 50";"1058440116";"1580268508";"04630308300883";"Куртка парка зимняя мужская";"'69.5";"Shark Force";"Готов к продаже";;"1";"'5.00";;"2024-05-21 08:10:44";"Одежда";"Парка";"'8.10";"'1.6";"0";"0";"0";"0";"0";"22500,00";"38400,00";;"5%";;
"821D215U DH133 52";"1058440117";"1580277778";"04630308300616";"Куртка парка зимняя мужская";"'69.5";"Shark Force";"Готов к продаже";;"2";"'5.00";;"2024-05-21 08:10:44";"Одежда";"Парка";"'8.10";"'1.6";"0";"0";"0";"0";"0";"22500,00";"38400,00";;"5%";;
"821D215U DH1 52";"1058440118";"1580273022";"04630308300753";"Куртка парка зимняя мужская";"'69.5";"Shark Force";"Готов к продаже";;"0";"'5.00";;"2024-05-21 08:10:44";"Одежда";"Парка";"'8.10";"'1.6";"0";"0";"0";"0";"0";"22500,00";"38400,00";;"5%";;
"821D215U DH1 46";"1058440119";"1580271774";"04630308300722";"Куртка парка зимняя мужская";"'69.5";"Shark Force";"Готов к продаже";;"1";"'5.00";;"2024-05-21 08:10:44";"Одежда";"Парка";"'8.10";"'1.6";"0";"0";"0";"0";"0";"22500,00";"38400,00";;"5%";;
"821D215U DH132 54";"1058440127";"1580286531";"04630308300692";"Куртка парка зимняя мужская";"'69.5";"Shark Force";"Готов к продаже";;"1";"'5.00";;"2024-05-21 08:10:44";"Одежда";"Парка";"'8.10";"'1.6";"0";"0";"0";"0";"0";"22500,00";"38400,00";;"5%";;
"821D215U DH10 46";"1058440128";"1580267759";;"Куртка парка зимняя мужская";"'69.5";"Shark Force";"Готов к продаже";;"0";"'0.00";;"2024-05-21 08:10:44";"Одежда";"Парка";"'8.10";"'1.6";"0";"0";"0";"0";"0";"22500,00";"38400,00";;"5%";;
"821D215U DH112 52";"1058440129";"1580301723";"04630308300968";"Куртка парка зимняя мужская";"'69.5";"Shark Force";"Готов к продаже";;"1";"'5.00";;"2024-05-21 08:10:44";"Одежда";"Парка";"'8.10";"'1.6";"0";"0";"0";"0";"0";"22500,00";"38400,00";;"5%";;
"821D215U DH133 48";"1058440130";"1580278511";;"Куртка парка зимняя мужская";"'69.5";"Shark Force";"Готов к продаже";;"0";"'0.00";;"2024-05-21 08:10:44";"Одежда";"Парка";"'8.10";"'1.6";"0";"0";"0";"0";"0";"22500,00";"38400,00";;"5%";;
"821D215U DH10 58";"1058440131";"1580269923";;"Куртка парка зимняя мужская";"'69.5";"Shark Force";"Готов к продаже";;"0";"'0.00";;"2024-05-21 08:10:44";"Одежда";"Парка";"'8.10";"'1.6";"0";"0";"0";"0";"0";"22500,00";"38400,00";;"5%";;
"821D215U DH132 46";"1058440133";"1580286924";;"Куртка парка зимняя мужская";"'69.5";"Shark Force";"Готов к продаже";;"0";"'0.00";;"2024-05-21 08:10:44";"Одежда";"Парка";"'8.10";"'1.6";"0";"0";"0";"0";"0";"22500,00";"38400,00";;"5%";;
"821D215U DH133 46";"1058440142";"1580277958";;"Куртка парка зимняя мужская";"'69.5";"Shark Force";"Готов к продаже";;"0";"'0.00";;"2024-05-21 08:10:44";"Одежда";"Парка";"'8.10";"'1.6";"0";"0";"0";"0";"0";"22500,00";"38400,00";;"5%";;
"821D215U DH10 48";"1058440144";"1580268600";;"Куртка парка зимняя мужская";"'69.5";"Shark Force";"Готов к продаже";;"0";"'0.00";;"2024-05-21 08:10:44";"Одежда";"Парка";"'8.10";"'1.6";"0";"0";"0";"0";"0";"22500,00";"38400,00";;"5%";;
"821D215U DH112 48";"1058440145";"1580301697";;"Куртка парка зимняя мужская";"'69.5";"Shark Force";"Готов к продаже";;"0";"'0.00";;"2024-05-21 08:10:44";"Одежда";"Парка";"'8.10";"'1.6";"0";"0";"0";"0";"0";"22500,00";"38400,00";;"5%";;
"821D215U DH42 58";"1058440152";"1580281972";"04630308301064";"Куртка парка зимняя мужская";"'69.5";"Shark Force";"Готов к продаже";;"1";"'5.00";;"2024-05-21 08:10:44";"Одежда";"Парка";"'8.10";"'1.6";"0";"0";"0";"0";"0";"22500,00";"38400,00";;"5%";;
"821D215U DH112 54";"1058440181";"1580302740";"04630308300975";"Куртка парка зимняя мужская";"'69.5";"Shark Force";"Готов к продаже";;"0";"'5.00";;"2024-05-21 08:10:45";"Одежда";"Парка";"'8.10";"'1.6";"0";"0";"0";"0";"0";"22500,00";"38400,00";;"5%";;
"821D215U DH132 52";"1058440183";"1580286741";"04630308300685";"Куртка парка зимняя мужская";"'69.5";"Shark Force";"Готов к продаже";;"3";"'5.00";;"2024-05-21 08:10:45";"Одежда";"Парка";"'8.10";"'1.6";"0";"0";"0";"0";"0";"22500,00";"38400,00";;"5%";;
"821D215U DH133 54";"1058440185";"1580277533";"04630308300623";"Куртка парка зимняя мужская";"'69.5";"Shark Force";"Готов к продаже";;"1";"'5.00";;"2024-05-21 08:10:45";"Одежда";"Парка";"'8.10";"'1.6";"0";"0";"0";"0";"0";"22500,00";"38400,00";;"5%";;
"821D215U DH1 54";"1058440187";"1580271855";"04630308300760";"Куртка парка зимняя мужская";"'69.5";"Shark Force";"Готов к продаже";;"5";"'5.00";;"2024-05-21 08:10:45";"Одежда";"Парка";"'8.10";"'1.6";"0";"0";"0";"0";"0";"22500,00";"38400,00";;"5%";;
"821D215U DH10 56";"1058440189";"1580268405";"04630308300913";"Куртка парка зимняя мужская";"'69.5";"Shark Force";"Готов к продаже";;"0";"'5.00";;"2024-05-21 08:10:45";"Одежда";"Парка";"'8.10";"'1.6";"0";"0";"0";"0";"0";"22500,00";"38400,00";;"5%";;
"821D215U DH112 56";"1058440195";"1580301816";"04630308300982";"Куртка парка зимняя мужская";"'69.5";"Shark Force";"Готов к продаже";;"2";"'5.00";;"2024-05-21 08:10:45";"Одежда";"Парка";"'8.10";"'1.6";"0";"0";"0";"0";"0";"22500,00";"38400,00";;"5%";;
"821D215U DH132 50";"1058440197";"1580287205";"04630308300678";"Куртка парка зимняя мужская";"'69.5";"Shark Force";"Готов к продаже";;"1";"'5.00";;"2024-05-21 08:10:45";"Одежда";"Парка";"'8.10";"'1.6";"0";"0";"0";"0";"0";"22500,00";"38400,00";;"5%";;
"821D215U DH132 58";"1058440218";"1580287882";;"Куртка парка зимняя мужская";"'69.5";"Shark Force";"Готов к продаже";;"0";"'0.00";;"2024-05-21 08:10:45";"Одежда";"Парка";"'8.10";"'1.6";"0";"0";"0";"0";"0";"22500,00";"38400,00";;"5%";;
"821D215U DH132 48";"1058440241";"1580287087";"04630308300661";"Куртка парка зимняя мужская";"'69.5";"Shark Force";"Готов к продаже";;"0";"'5.00";;"2024-05-21 08:10:46";"Одежда";"Парка";"'8.10";"'1.6";"0";"0";"0";"0";"0";"22500,00";"38400,00";;"5%";;
"821D215U DH1 58";"1058440260";"1580272680";"04630308300784";"Куртка парка зимняя мужская";"'69.5";"Shark Force";"Готов к продаже";;"1";"'5.00";;"2024-05-21 08:10:46";"Одежда";"Парка";"'8.10";"'1.6";"0";"0";"0";"0";"0";"22500,00";"38400,00";;"5%";;
"821D215U DH133 58";"1058440262";"1580277664";"04630308300647";"Куртка парка зимняя мужская";"'69.5";"Shark Force";"Готов к продаже";;"1";"'5.00";;"2024-05-21 08:10:46";"Одежда";"Парка";"'8.10";"'1.6";"0";"0";"0";"0";"0";"22500,00";"38400,00";;"5%";;
"821D215U DH1 56";"1058440291";"1580271718";"04630308300777";"Куртка парка зимняя мужская";"'69.5";"Shark Force";"Готов к продаже";;"3";"'5.00";;"2024-05-21 08:10:47";"Одежда";"Парка";"'8.10";"'1.6";"0";"0";"0";"0";"0";"22500,00";"38400,00";;"5%";;
"821D215U DH133 56";"1058440292";"1580279603";"04630308300630";"Куртка парка зимняя мужская";"'69.5";"Shark Force";"Готов к продаже";;"1";"'5.00";;"2024-05-21 08:10:47";"Одежда";"Парка";"'8.10";"'1.6";"0";"0";"0";"0";"0";"22500,00";"38400,00";;"5%";;
"821D215U DH42 48";"1058440294";"1580282525";"04630308301019";"Куртка парка зимняя мужская";"'69.5";"Shark Force";"Готов к продаже";;"4";"'5.00";;"2024-05-21 08:10:47";"Одежда";"Парка";"'8.10";"'1.6";"0";"0";"0";"0";"0";"22500,00";"38400,00";;"5%";;
"821D215U DH10 54";"1058440297";"1580270236";"04630308300906";"Куртка парка зимняя мужская";"'69.5";"Shark Force";"Готов к продаже";;"0";"'5.00";;"2024-05-21 08:10:47";"Одежда";"Парка";"'8.10";"'1.6";"0";"0";"0";"0";"0";"22500,00";"38400,00";;"5%";;
"668280N21N 36 50";"1058773941";"1580424082";"2085302854207";"Куртка женская NortFolk";"'69.5";"NortFolk";"Готов к продаже";;"3";"'5.00";;"2024-05-21 12:10:50";"Одежда";"Куртка";"'7.09";"'1.4";"0";"0";"0";"0";"0";"17900,00";"30900,00";;"5%";;
"668280N21N 36 48";"1058773952";"1580424278";"2085302854191";"Куртка женская NortFolk";"'69.5";"NortFolk";"Готов к продаже";;"4";"'5.00";;"2024-05-21 12:10:51";"Одежда";"Куртка";"'7.09";"'1.4";"0";"0";"0";"0";"0";"17900,00";"30900,00";;"5%";;
"668280N21N 36 52";"1058773976";"1580424154";"2085302854214";"Куртка женская NortFolk";"'69.5";"NortFolk";"Готов к продаже";;"2";"'5.00";;"2024-05-21 12:10:57";"Одежда";"Куртка";"'32.90";"'6.6";"0";"0";"0";"0";"0";"17900,00";"30900,00";;"5%";;
"668280N21N 36 56";"1058773987";"1580423944";"2085302854238";"Куртка женская NortFolk";"'69.5";"NortFolk";"Готов к продаже";;"3";"'5.00";;"2024-05-21 12:10:57";"Одежда";"Куртка";"'7.09";"'1.4";"0";"0";"0";"0";"0";"17900,00";"30900,00";;"5%";;
"668280N21N 36 58";"1058773988";"1580424101";"2085302854245";"Куртка женская NortFolk";"'69.5";"NortFolk";"Готов к продаже";;"2";"'5.00";;"2024-05-21 12:10:57";"Одежда";"Куртка";"'7.09";"'1.4";"0";"0";"0";"0";"0";"17900,00";"30900,00";;"5%";;
"668280N21N 36 54";"1058774006";"1580424464";"2085302854221";"Куртка женская NortFolk";"'69.5";"NortFolk";"Готов к продаже";;"1";"'5.00";;"2024-05-21 12:11:01";"Одежда";"Куртка";"'7.09";"'1.4";"0";"0";"0";"0";"0";"17900,00";"30900,00";;"5%";;
"668280N21N 36 46";"1058774024";"1580425217";"2085302854184";"Куртка женская NortFolk";"'69.5";"NortFolk";"Готов к продаже";;"3";"'5.00";;"2024-05-21 12:11:03";"Одежда";"Куртка";"'7.09";"'1.4";"0";"0";"0";"0";"0";"17900,00";"30900,00";;"5%";;
"821D156U DH133 54";"1058831635";"1580546381";"04630308301125";"Парка мужская зимняя куртка Shark Force";"'69.5";"Shark Force";"Готов к продаже";;"2";"'5.00";;"2024-05-21 13:17:09";"Одежда";"Парка";"'17.55";"'3.5";"0";"0";"0";"0";"0";"28550,00";"35900,00";;"5%";;
"821D156U DH133 58";"1058831636";"1580547680";"04630308301149";"Парка мужская зимняя куртка Shark Force";"'69.5";"Shark Force";"Готов к продаже";;"2";"'5.00";;"2024-05-21 13:17:09";"Одежда";"Парка";"'17.55";"'3.5";"0";"0";"0";"0";"0";"28550,00";"35900,00";;"5%";;
"821D156U DH1 50";"1058831641";"1580546147";"04630308301491";"Парка мужская зимняя куртка Shark Force";"'69.5";"Shark Force";"Готов к продаже";;"5";"'5.00";;"2024-05-21 13:17:10";"Одежда";"Парка";"'17.55";"'3.5";"0";"0";"0";"0";"0";"28550,00";"35900,00";;"5%";;
"821D156U DH132 44 42";"1058831642";"1580548230";;"Парка мужская зимняя куртка Shark Force";"'69.5";"Shark Force";"Готов к продаже";;"0";"'0.00";;"2024-05-21 13:17:10";"Одежда";"Парка";"'17.55";"'3.5";"0";"0";"0";"0";"0";"28550,00";"35900,00";;"5%";;
"821D156U DH132 46 44";"1058831643";"1580546660";;"Парка мужская зимняя куртка Shark Force";"'69.5";"Shark Force";"Готов к продаже";;"0";"'0.00";;"2024-05-21 13:17:10";"Одежда";"Парка";"'17.55";"'3.5";"0";"0";"0";"0";"0";"28550,00";"35900,00";;"5%";;
"821D156U 112 50 48";"1058831644";"1580547198";;"Парка мужская зимняя куртка Shark Force";"'69.5";"Shark Force";"Готов к продаже";;"0";"'0.00";;"2024-05-21 13:17:10";"Одежда";"Парка";"'17.55";"'3.5";"0";"0";"0";"0";"0";"28550,00";"35900,00";;"5%";;
"821D156U DH1 56";"1058831645";"1580546382";"04630308301521";"Парка мужская зимняя куртка Shark Force";"'69.5";"Shark Force";"Готов к продаже";;"2";"'5.00";;"2024-05-21 13:17:10";"Одежда";"Парка";"'17.55";"'3.5";"0";"0";"0";"0";"0";"28550,00";"35900,00";;"5%";;
"821D156U DH133 50";"1058831650";"1580547980";"04630308301101";"Парка мужская зимняя куртка Shark Force";"'69.5";"Shark Force";"Готов к продаже";;"3";"'5.00";;"2024-05-21 13:17:11";"Одежда";"Парка";"'17.55";"'3.5";"0";"0";"0";"0";"0";"28550,00";"35900,00";;"5%";;
"821D156U DH2 46 44";"1058831651";"1580548201";;"Парка мужская зимняя куртка Shark Force";"'69.5";"Shark Force";"Готов к продаже";;"0";"'0.00";;"2024-05-21 13:17:11";"Одежда";"Парка";"'17.55";"'3.5";"0";"0";"0";"0";"0";"28550,00";"35900,00";;"5%";;
"821D156U DH2 48 46";"1058831653";"1580547766";;"Парка мужская зимняя куртка Shark Force";"'69.5";"Shark Force";"Готов к продаже";;"0";"'0.00";;"2024-05-21 13:17:11";"Одежда";"Парка";"'17.55";"'3.5";"0";"0";"0";"0";"0";"28550,00";"35900,00";;"5%";;
"821D156U DH132 58 56";"1058831654";"1580545948";;"Парка мужская зимняя куртка Shark Force";"'54.5";"Shark Force";"Готов к продаже";;"0";"'0.00";;"2024-05-21 13:17:11";"Одежда";"Парка";"'17.55";"'3.5";"0";"0";"0";"0";"0";"28550,00";"35900,00";;"5%";;
"821D156U DH2 44 42";"1058831655";"1580547200";;"Парка мужская зимняя куртка Shark Force";"'69.5";"Shark Force";"Готов к продаже";;"0";"'0.00";;"2024-05-21 13:17:11";"Одежда";"Парка";"'17.55";"'3.5";"0";"0";"0";"0";"0";"28550,00";"35900,00";;"5%";;
"821D156U 112 44 42";"1058831656";"1580546274";;"Парка мужская зимняя куртка Shark Force";"'69.5";"Shark Force";"Готов к продаже";;"0";"'0.00";;"2024-05-21 13:17:11";"Одежда";"Парка";"'17.55";"'3.5";"0";"0";"0";"0";"0";"28550,00";"35900,00";;"5%";;
"821D156U DH42 58";"1058831657";"1580548836";"04630308301606";"Парка мужская зимняя куртка Shark Force";"'69.5";"Shark Force";"Готов к продаже";;"3";"'5.00";;"2024-05-21 13:17:12";"Одежда";"Парка";"'17.55";"'3.5";"0";"0";"0";"0";"0";"28550,00";"35900,00";;"5%";;
"821D156U DH1 48";"1058831658";"1580545918";"04630308301484";"Парка мужская зимняя куртка Shark Force";"'69.5";"Shark Force";"Готов к продаже";;"1";"'5.00";;"2024-05-21 13:17:12";"Одежда";"Парка";"'15.00";"'3.0";"0";"0";"0";"0";"0";"28550,00";"35900,00";;"5%";;
"821D156U DH2 50 48";"1058831659";"1580547718";;"Парка мужская зимняя куртка Shark Force";"'69.5";"Shark Force";"Готов к продаже";;"0";"'5.00";;"2024-05-21 13:17:12";"Одежда";"Парка";"'17.55";"'3.5";"0";"0";"0";"0";"0";"28550,00";"35900,00";;"5%";;
"821D156U DH1 54";"1058831662";"1580547017";"04630308301514";"Парка мужская зимняя куртка Shark Force";"'69.5";"Shark Force";"Готов к продаже";;"5";"'5.00";;"2024-05-21 13:17:12";"Одежда";"Парка";"'15.00";"'3.0";"0";"0";"0";"0";"0";"28550,00";"35900,00";;"5%";;
"821D156U 112 46 44";"1058831664";"1580547639";;"Парка мужская зимняя куртка Shark Force";"'69.5";"Shark Force";"Готов к продаже";;"0";"'5.00";;"2024-05-21 13:17:12";"Одежда";"Парка";"'17.55";"'3.5";"0";"0";"0";"0";"0";"28550,00";"35900,00";;"5%";;
"821D156U DH133 56";"1058831665";"1580554395";"04630308301132";"Парка мужская зимняя куртка Shark Force";"'69.5";"Shark Force";"Готов к продаже";;"3";"'5.00";;"2024-05-21 13:17:12";"Одежда";"Парка";"'15.00";"'3.0";"0";"0";"0";"0";"0";"28550,00";"35900,00";;"5%";;
"821D156U DH132 54 52";"1058831666";"1580545996";;"Парка мужская зимняя куртка Shark Force";"'69.5";"Shark Force";"Готов к продаже";;"0";"'5.00";;"2024-05-21 13:17:12";"Одежда";"Парка";"'17.55";"'3.5";"0";"0";"0";"0";"0";"28550,00";"35900,00";;"5%";;
"821D156U 112 48 46";"1058831667";"1580547879";;"Парка мужская зимняя куртка Shark Force";"'69.5";"Shark Force";"Готов к продаже";;"0";"'5.00";;"2024-05-21 13:17:12";"Одежда";"Парка";"'17.55";"'3.5";"0";"0";"0";"0";"0";"28550,00";"35900,00";;"5%";;
"821D156U DH132 52 50";"1058831668";"1580548302";;"Парка мужская зимняя куртка Shark Force";"'69.5";"Shark Force";"Готов к продаже";;"0";"'5.00";;"2024-05-21 13:17:12";"Одежда";"Парка";"'17.55";"'3.5";"0";"0";"0";"0";"0";"28550,00";"35900,00";;"5%";;
"821D156U 112 56 54";"1058831672";"1580546021";;"Парка мужская зимняя куртка Shark Force";"'69.5";"Shark Force";"Готов к продаже";;"0";"'5.00";;"2024-05-21 13:17:12";"Одежда";"Парка";"'17.55";"'3.5";"0";"0";"0";"0";"0";"28550,00";"35900,00";;"5%";;
"821D156U DH42 44";"1058831673";"1580547208";;"Парка мужская зимняя куртка Shark Force";"'69.5";"Shark Force";"Готов к продаже";;"0";"'5.00";;"2024-05-21 13:17:12";"Одежда";"Парка";"'17.55";"'3.5";"0";"0";"0";"0";"0";"28550,00";"35900,00";;"5%";;
"821D156U DH2 52 50";"1058831674";"1580549468";;"Парка мужская зимняя куртка Shark Force";"'69.5";"Shark Force";"Готов к продаже";;"0";"'5.00";;"2024-05-21 13:17:12";"Одежда";"Парка";"'17.55";"'3.5";"0";"0";"0";"0";"0";"28550,00";"35900,00";;"5%";;
"821D156U 112 58 56";"1058831675";"1580547607";;"Парка мужская зимняя куртка Shark Force";"'69.5";"Shark Force";"Готов к продаже";;"0";"'5.00";;"2024-05-21 13:17:12";"Одежда";"Парка";"'17.55";"'3.5";"0";"0";"0";"0";"0";"28550,00";"35900,00";;"5%";;
"821D156U DH2 56 54";"1058831676";"1580548975";;"Парка мужская зимняя куртка Shark Force";"'69.5";"Shark Force";"Готов к продаже";;"0";"'5.00";;"2024-05-21 13:17:12";"Одежда";"Парка";"'17.55";"'3.5";"0";"0";"0";"0";"0";"28550,00";"35900,00";;"5%";;
"821D156U DH133 52";"1058831677";"1580559697";"04630308301118";"Парка мужская зимняя куртка Shark Force";"'69.5";"Shark Force";"Готов к продаже";;"4";"'5.00";;"2024-05-21 13:17:13";"Одежда";"Парка";"'15.00";"'3.0";"0";"0";"0";"0";"0";"28550,00";"35900,00";;"5%";;
"821D156U DH1 52";"1058831678";"1580548704";"04630308301507";"Парка мужская зимняя куртка Shark Force";"'69.5";"Shark Force";"Готов к продаже";;"4";"'5.00";;"2024-05-21 13:17:13";"Одежда";"Парка";"'15.00";"'3.0";"0";"0";"0";"0";"0";"28550,00";"35900,00";;"5%";;
"821D156U DH133 46 44";"1058831679";"1580547058";;"Парка мужская зимняя куртка Shark Force";"'69.5";"Shark Force";"Готов к продаже";;"0";"'5.00";;"2024-05-21 13:17:13";"Одежда";"Парка";"'17.55";"'3.5";"0";"0";"0";"0";"0";"28550,00";"35900,00";;"5%";;
"821D156U DH42 46";"1058831680";"1580549598";"04630308301545";"Парка мужская зимняя куртка Shark Force";"'69.5";"Shark Force";"Готов к продаже";;"1";"'5.00";;"2024-05-21 13:17:13";"Одежда";"Парка";"'15.00";"'3.0";"0";"0";"0";"0";"0";"28550,00";"35900,00";;"5%";;
"821D156U DH2 58 56";"1058831681";"1580545959";;"Парка мужская зимняя куртка Shark Force";"'69.5";"Shark Force";"Готов к продаже";;"0";"'5.00";;"2024-05-21 13:17:13";"Одежда";"Парка";"'17.55";"'3.5";"0";"0";"0";"0";"0";"28550,00";"35900,00";;"5%";;
"821D156U DH133 44 42";"1058831682";"1580549932";;"Парка мужская зимняя куртка Shark Force";"'69.5";"Shark Force";"Готов к продаже";;"0";"'5.00";;"2024-05-21 13:17:13";"Одежда";"Парка";"'17.55";"'3.5";"0";"0";"0";"0";"0";"28550,00";"35900,00";;"5%";;
"821D156U DH133 48";"1058831683";"1580548394";"04630308301095";"Парка мужская зимняя куртка Shark Force";"'69.5";"Shark Force";"Готов к продаже";;"2";"'5.00";;"2024-05-21 13:17:13";"Одежда";"Парка";"'15.00";"'3.0";"0";"0";"0";"0";"0";"28550,00";"35900,00";;"5%";;
"821D156U DH1 58";"1058831684";"1580551815";"04630308301538";"Парка мужская зимняя куртка Shark Force";"'69.5";"Shark Force";"Готов к продаже";;"4";"'5.00";;"2024-05-21 13:17:13";"Одежда";"Парка";"'15.00";"'3.0";"0";"0";"0";"0";"0";"28550,00";"35900,00";;"5%";;
"821D156U DH1 44 42";"1058831685";"1580548108";;"Парка мужская зимняя куртка Shark Force";"'69.5";"Shark Force";"Готов к продаже";;"0";"'5.00";;"2024-05-21 13:17:13";"Одежда";"Парка";"'17.55";"'3.5";"0";"0";"0";"0";"0";"28550,00";"35900,00";;"5%";;
"821D156U DH1 46";"1058831686";"1580545994";;"Парка мужская зимняя куртка Shark Force";"'69.5";"Shark Force";"Готов к продаже";;"0";"'5.00";;"2024-05-21 13:17:13";"Одежда";"Парка";"'17.55";"'3.5";"0";"0";"0";"0";"0";"28550,00";"35900,00";;"5%";;
"821D156U DH132 50 48";"1058831688";"1580549385";;"Парка мужская зимняя куртка Shark Force";"'69.5";"Shark Force";"Готов к продаже";;"0";"'5.00";;"2024-05-21 13:17:13";"Одежда";"Парка";"'17.55";"'3.5";"0";"0";"0";"0";"0";"28550,00";"35900,00";;"5%";;
"821D156U DH132 48 46";"1058831692";"1580548215";;"Парка мужская зимняя куртка Shark Force";"'69.5";"Shark Force";"Готов к продаже";;"0";"'5.00";;"2024-05-21 13:17:13";"Одежда";"Парка";"'17.55";"'3.5";"0";"0";"0";"0";"0";"28550,00";"35900,00";;"5%";;
"821D156U 112 54 52";"1058831693";"1580554251";;"Парка мужская зимняя куртка Shark Force";"'69.5";"Shark Force";"Готов к продаже";;"0";"'5.00";;"2024-05-21 13:17:13";"Одежда";"Парка";"'17.55";"'3.5";"0";"0";"0";"0";"0";"28550,00";"35900,00";;"5%";;
"821D156U DH2 54 52";"1058831694";"1580558815";;"Парка мужская зимняя куртка Shark Force";"'69.5";"Shark Force";"Готов к продаже";;"0";"'5.00";;"2024-05-21 13:17:13";"Одежда";"Парка";"'17.55";"'3.5";"0";"0";"0";"0";"0";"28550,00";"35900,00";;"5%";;
"821D156U DH42 48";"1058831695";"1580549528";"04630308301552";"Парка мужская зимняя куртка Shark Force";"'69.5";"Shark Force";"Готов к продаже";;"2";"'5.00";;"2024-05-21 13:17:13";"Одежда";"Парка";"'15.00";"'3.0";"0";"0";"0";"0";"0";"28550,00";"35900,00";;"5%";;
"821D156U 112 52 50";"1058831696";"1580548262";;"Парка мужская зимняя куртка Shark Force";"'69.5";"Shark Force";"Готов к продаже";;"0";"'5.00";;"2024-05-21 13:17:13";"Одежда";"Парка";"'17.55";"'3.5";"0";"0";"0";"0";"0";"28550,00";"35900,00";;"5%";;
"821D156U DH42 52";"1058831697";"1580546304";"04630308301576";"Парка мужская зимняя куртка Shark Force";"'69.5";"Shark Force";"Готов к продаже";;"1";"'5.00";;"2024-05-21 13:17:13";"Одежда";"Парка";"'15.00";"'3.0";"0";"0";"0";"0";"0";"28550,00";"35900,00";;"5%";;
"821D156U DH42 50";"1058831698";"1580546910";"04630308301569";"Парка мужская зимняя куртка Shark Force";"'69.5";"Shark Force";"Готов к продаже";;"1";"'5.00";;"2024-05-21 13:17:13";"Одежда";"Парка";"'17.55";"'3.5";"0";"0";"0";"0";"0";"28550,00";"35900,00";;"5%";;
"821D156U DH42 54";"1058831699";"1580550095";"04630308301583";"Парка мужская зимняя куртка Shark Force";"'69.5";"Shark Force";"Готов к продаже";;"4";"'5.00";;"2024-05-21 13:17:13";"Одежда";"Парка";"'15.00";"'3.0";"0";"0";"0";"0";"0";"28550,00";"35900,00";;"5%";;
"821D156U DH132";"1058831700";"1580546210";;"Парка мужская зимняя куртка Shark Force";"'69.5";"Shark Force";"Готов к продаже";;"0";"'5.00";;"2024-05-21 13:17:13";"Одежда";"Парка";"'17.55";"'3.5";"0";"0";"0";"0";"0";"28550,00";"35900,00";;"5%";;
"821D156U DH10 50";"1059563054";"1581194886";"04630308301262";"Парка мужская зимняя куртка Shark Force";"'65";"Shark Force";"Готов к продаже";;"5";"'5.00";;"2024-05-22 06:21:34";"Одежда";"Парка";"'23.62";"'4.7";"0";"0";"0";"0";"0";"28550,00";"35900,00";;"5%";;
"821D156U DH10 54";"1059563059";"1581194811";"04630308301286";"Парка мужская зимняя куртка Shark Force";"'69.5";"Shark Force";"Продается";;"4";"'5.00";;"2024-05-22 06:21:34";"Одежда";"Парка";"'15.00";"'3.0";"1";"0";"0";"0";"0";"28550,00";"35900,00";;"5%";;
"821D156U DH10 52";"1059563065";"1581194926";"04630308301279";"Парка мужская зимняя куртка Shark Force";"'69.5";"Shark Force";"Готов к продаже";;"4";"'5.00";;"2024-05-22 06:21:35";"Одежда";"Парка";"'15.00";"'3.0";"0";"0";"0";"0";"0";"28550,00";"35900,00";;"5%";;
"821D156U DH10 56";"1059563068";"1581194909";"04630308301293";"Парка мужская зимняя куртка Shark Force";"'69.5";"Shark Force";"Готов к продаже";;"2";"'5.00";;"2024-05-22 06:21:35";"Одежда";"Парка";"'15.00";"'3.0";"0";"0";"0";"0";"0";"28550,00";"35900,00";;"5%";;
"821D156U DH10 48";"1059563083";"1581194966";"04630308301255";"Парка мужская зимняя куртка Shark Force";"'69.5";"Shark Force";"Готов к продаже";;"5";"'5.00";;"2024-05-22 06:21:36";"Одежда";"Парка";"'15.00";"'3.0";"0";"0";"0";"0";"0";"28550,00";"35900,00";;"5%";;
"SU19757 BF132 50";"1059951157";"1581570060";"04630308300289";"Парка мужская зимняя куртка Shark Force";"'69.5";"Shark Force";"Готов к продаже";;"1";"'4.80";;"2024-05-22 10:50:13";"Одежда";"Парка";"'26.00";"'5.2";"0";"0";"0";"0";"0";"29900,00";"43950,00";;"5%";;
"SU19757 BF28 50";"1059951158";"1581566832";"04630308300470";"Парка мужская зимняя куртка Shark Force";"'69.5";"Shark Force";"Готов к продаже";;"0";"'4.80";;"2024-05-22 10:50:13";"Одежда";"Парка";"'26.00";"'5.2";"0";"0";"0";"0";"0";"29900,00";"43950,00";;"5%";;
"SU19757 BF14 52";"1059951159";"1581567197";"04650644204713";"Парка мужская зимняя куртка Shark Force";"'69.5";"Shark Force";"Продается";;"2";"'4.80";;"2024-05-22 10:50:13";"Одежда";"Парка";"'26.00";"'5.2";"6";"0";"0";"0";"0";"35800,00";"43950,00";;"5%";;
"SU19757 BF28 54";"1059951161";"1581566808";"04630308300494";"Парка мужская зимняя куртка Shark Force";"'69.5";"Shark Force";"Готов к продаже";;"1";"'4.80";;"2024-05-22 10:50:13";"Одежда";"Парка";"'26.00";"'5.2";"0";"0";"0";"0";"0";"29900,00";"43950,00";;"5%";;
"SU19757 BF11 52";"1059951162";"1581566539";"04630308300548";"Парка мужская зимняя куртка Shark Force";"'69.5";"Shark Force";"Готов к продаже";;"2";"'4.80";;"2024-05-22 10:50:13";"Одежда";"Парка";"'26.00";"'5.2";"0";"0";"0";"0";"0";"29900,00";"43950,00";;"5%";;
"SU19757 BF11 54";"1059951163";"1581566573";"04630308300555";"Парка мужская зимняя куртка Shark Force";"'69.5";"Shark Force";"Готов к продаже";;"1";"'4.80";;"2024-05-22 10:50:13";"Одежда";"Парка";"'26.00";"'5.2";"0";"0";"0";"0";"0";"29900,00";"43950,00";;"5%";;
"SU19757 100 56";"1059951165";"1581570436";"04630308300364";"Парка мужская зимняя куртка Shark Force";"'69.5";"Shark Force";"Продается";;"2";"'4.80";;"2024-05-22 10:50:14";"Одежда";"Парка";"'26.00";"'5.2";"5";"0";"0";"0";"0";"35800,00";"43950,00";;"5%";;
"SU19757 BF10 52";"1059951166";"1581566685";"04630308300104";"Парка мужская зимняя куртка Shark Force";"'69.5";"Shark Force";"Продается";;"1";"'4.80";;"2024-05-22 10:50:14";"Одежда";"Парка";"'26.00";"'5.2";"5";"0";"0";"0";"0";"35800,00";"43950,00";;"5%";;
"SU19757 BF151 52";"1059951168";"1581566438";"04650644204584";"Парка мужская зимняя куртка Shark Force";"'69.5";"Shark Force";"Готов к продаже";;"2";"'4.80";;"2024-05-22 10:50:14";"Одежда";"Парка";"'26.00";"'5.2";"0";"0";"0";"0";"0";"29900,00";"43950,00";;"5%";;
"SU19757 BF2 52";"1059951171";"1581570180";"04630308300241";"Парка мужская зимняя куртка Shark Force";"'69.5";"Shark Force";"Готов к продаже";;"2";"'4.80";;"2024-05-22 10:50:14";"Одежда";"Парка";"'26.00";"'5.2";"0";"0";"0";"0";"0";"29900,00";"43950,00";;"5%";;
"SU19757 BF42 52";"1059951172";"1581566430";"04650644204560";"Парка мужская зимняя куртка Shark Force";"'69.5";"Shark Force";"Продается";;"4";"'4.80";;"2024-05-22 10:50:14";"Одежда";"Парка";"'26.00";"'5.2";"5";"0";"0";"0";"0";"35800,00";"43950,00";;"5%";;
"SU19757 100 52";"1059951173";"1581571396";"04630308300340";"Парка мужская зимняя куртка Shark Force";"'69.5";"Shark Force";"Продается";;"2";"'4.80";;"2024-05-22 10:50:14";"Одежда";"Парка";"'26.00";"'5.2";"7";"0";"0";"0";"0";"35800,00";"43950,00";;"5%";;
"SU19757 75 52";"1059951175";"1581566947";"04630308300418";"Парка мужская зимняя куртка Shark Force";"'69.5";"Shark Force";"Продается";;"1";"'4.80";;"2024-05-22 10:50:14";"Одежда";"Парка";"'26.00";"'5.2";"7";"0";"0";"0";"0";"35800,00";"43950,00";;"5%";;
"SU19757 75 54";"1059951176";"1581566306";"04630308300425";"Парка мужская зимняя куртка Shark Force";"'69.5";"Shark Force";"Продается";;"1";"'4.80";;"2024-05-22 10:50:14";"Одежда";"Парка";"'26.00";"'5.2";"7";"0";"0";"0";"0";"35800,00";"43950,00";;"5%";;
"SU19757 BF2 50";"1059951177";"1581566360";"04630308300234";"Парка мужская зимняя куртка Shark Force";"'69.5";"Shark Force";"Готов к продаже";;"1";"'4.80";;"2024-05-22 10:50:14";"Одежда";"Парка";"'26.00";"'5.2";"0";"0";"0";"0";"0";"29900,00";"43950,00";;"5%";;
"SU19757 BF42 50";"1059951178";"1581566575";"04650644204737";"Парка мужская зимняя куртка Shark Force";"'69.5";"Shark Force";"Продается";;"2";"'4.80";;"2024-05-22 10:50:14";"Одежда";"Парка";"'26.00";"'5.2";"7";"0";"0";"0";"0";"35800,00";"43950,00";;"5%";;
"SU19757 BF151 54";"1059951180";"1581570124";"04630308300043";"Парка мужская зимняя куртка Shark Force";"'69.5";"Shark Force";"Готов к продаже";;"1";"'4.80";;"2024-05-22 10:50:14";"Одежда";"Парка";"'26.00";"'5.2";"0";"0";"0";"0";"0";"29900,00";"43950,00";;"5%";;
"SU19757 75 50";"1059951181";"1581566395";"04630308300401";"Парка мужская зимняя куртка Shark Force";"'69.5";"Shark Force";"Продается";;"2";"'4.80";;"2024-05-22 10:50:14";"Одежда";"Парка";"'26.00";"'5.2";"7";"0";"0";"0";"0";"35800,00";"43950,00";;"5%";;
"SU19757 BF2 54";"1059951182";"1581566372";"04630308300258";"Парка мужская зимняя куртка Shark Force";"'69.5";"Shark Force";"Продается";;"1";"'4.80";;"2024-05-22 10:50:14";"Одежда";"Парка";"'26.00";"'5.2";"1";"0";"0";"0";"0";"29900,00";"43950,00";;"5%";;
"SU19757 BF151 50";"1059951183";"1581566730";"04650644204621";"Парка мужская зимняя куртка Shark Force";"'69.5";"Shark Force";"Готов к продаже";;"1";"'4.80";;"2024-05-22 10:50:14";"Одежда";"Парка";"'26.00";"'5.2";"0";"0";"0";"0";"0";"29900,00";"43950,00";;"5%";;
"SU19757 BF28 52";"1059951184";"1581568493";"04630308300487";"Парка мужская зимняя куртка Shark Force";"'69.5";"Shark Force";"Готов к продаже";;"1";"'4.80";;"2024-05-22 10:50:14";"Одежда";"Парка";"'26.00";"'5.2";"0";"0";"0";"0";"0";"29900,00";"43950,00";;"5%";;
"SU19757 BF11 56";"1059951185";"1581566471";"04630308300562";"Парка мужская зимняя куртка Shark Force";"'69.5";"Shark Force";"Готов к продаже";;"1";"'4.80";;"2024-05-22 10:50:14";"Одежда";"Парка";"'26.00";"'5.2";"0";"0";"0";"0";"0";"29900,00";"43950,00";;"5%";;
"SU19757 BF132 52";"1059951186";"1581570065";"04630308300296";"Парка мужская зимняя куртка Shark Force";"'69.5";"Shark Force";"Готов к продаже";;"3";"'4.80";;"2024-05-22 10:50:14";"Одежда";"Парка";"'26.00";"'5.2";"0";"0";"0";"0";"0";"29900,00";"43950,00";;"5%";;
"SU19757 BF151 56";"1059951187";"1581566799";"04630308300050";"Парка мужская зимняя куртка Shark Force";"'69.5";"Shark Force";"Готов к продаже";;"1";"'4.80";;"2024-05-22 10:50:15";"Одежда";"Парка";"'26.00";"'5.2";"0";"0";"0";"0";"0";"29900,00";"43950,00";;"5%";;
"SU19757 BF14 54";"1059951189";"1581566389";"04630308300012";"Парка мужская зимняя куртка Shark Force";"'69.5";"Shark Force";"Продается";;"3";"'4.80";;"2024-05-22 10:50:15";"Одежда";"Парка";"'26.00";"'5.2";"4";"0";"0";"0";"0";"35800,00";"43950,00";;"5%";;
"SU19757 BF10 50";"1059951190";"1581566497";"04630308300098";"Парка мужская зимняя куртка Shark Force";"'69.5";"Shark Force";"Продается";;"2";"'4.80";;"2024-05-22 10:50:15";"Одежда";"Парка";"'26.00";"'5.2";"5";"0";"0";"0";"0";"35800,00";"43950,00";;"5%";;
"SU19757 BF14 50";"1059951191";"1581567011";"04680654258093";"Парка мужская зимняя куртка Shark Force";"'69.5";"Shark Force";"Продается";;"2";"'4.80";;"2024-05-22 10:50:15";"Одежда";"Парка";"'26.00";"'5.2";"5";"0";"0";"0";"0";"35800,00";"43950,00";;"5%";;
"SU19757 BF42 54";"1059951192";"1581571795";"04680654258048";"Парка мужская зимняя куртка Shark Force";"'69.5";"Shark Force";"Продается";;"5";"'4.80";;"2024-05-22 10:50:15";"Одежда";"Парка";"'26.00";"'5.2";"5";"0";"0";"0";"0";"35800,00";"43950,00";;"5%";;
"SU19757 BF132 54";"1059951193";"1581570028";"04630308300302";"Парка мужская зимняя куртка Shark Force";"'69.5";"Shark Force";"Готов к продаже";;"2";"'4.80";;"2024-05-22 10:50:15";"Одежда";"Парка";"'26.00";"'5.2";"0";"0";"0";"0";"0";"29900,00";"43950,00";;"5%";;
"SU19757 BF14 56";"1059951194";"1581566517";"04630308300029";"Парка мужская зимняя куртка Shark Force";"'69.5";"Shark Force";"Продается";;"1";"'4.80";;"2024-05-22 10:50:15";"Одежда";"Парка";"'26.00";"'5.2";"5";"0";"0";"0";"0";"35800,00";"43950,00";;"5%";;
"SU19757 100 54";"1059951195";"1581571154";"04630308300357";"Парка мужская зимняя куртка Shark Force";"'69.5";"Shark Force";"Продается";;"1";"'4.80";;"2024-05-22 10:50:15";"Одежда";"Парка";"'26.00";"'5.2";"7";"0";"0";"0";"0";"35800,00";"43950,00";;"5%";;
"SU19757 100 50";"1059951197";"1581571363";"04630308300333";"Парка мужская зимняя куртка Shark Force";"'69.5";"Shark Force";"Продается";;"5";"'4.80";;"2024-05-22 10:50:15";"Одежда";"Парка";"'26.00";"'5.2";"6";"0";"0";"0";"0";"35800,00";"43950,00";;"5%";;
"429340Y21C 99 52";"1061492755";"1582975650";"04680654252046";"Куртка женская City Classic";"'54.5";"City Classic";"Готов к продаже";;"4";"'4.90";;"2024-05-23 13:37:14";"Одежда";"Куртка";"'15.60";"'3.1";"0";"0";"0";"0";"0";"16800,00";"24700,00";;"5%";;
"429340Y21C 25 54";"1061492758";"1582975974";"04680654251988";"Куртка женская City Classic";"'54.5";"City Classic";"Готов к продаже";;"1";"'4.90";;"2024-05-23 13:37:14";"Одежда";"Куртка";"'15.60";"'3.1";"0";"0";"0";"0";"0";"16800,00";"24700,00";;"5%";;
"429340Y21C 36 48";"1061492764";"1582974547";"04680654252091";"Куртка женская City Classic";"'50";"City Classic";"Готов к продаже";;"1";"'4.90";;"2024-05-23 13:37:14";"Одежда";"Куртка";"'15.60";"'3.1";"0";"0";"0";"0";"0";"16800,00";"24700,00";;"5%";;
"429340Y21C 25 50";"1061492768";"1582975920";"04680654251964";"Куртка женская City Classic";"'54.5";"City Classic";"Готов к продаже";;"5";"'4.90";;"2024-05-23 13:37:15";"Одежда";"Куртка";"'15.60";"'3.1";"0";"0";"0";"0";"0";"16800,00";"24700,00";;"5%";;
"429340Y21C 99 56";"1061492773";"1582977832";"04680654252060";"Куртка женская City Classic";"'69.5";"City Classic";"Готов к продаже";;"4";"'4.90";;"2024-05-23 13:37:15";"Одежда";"Куртка";"'57.16";"'11.4";"0";"0";"0";"0";"0";"16800,00";"24700,00";;"5%";;
"429340Y21C 25 52";"1061492778";"1582976088";"04680654251971";"Куртка женская City Classic";"'54.5";"City Classic";"Готов к продаже";;"2";"'4.90";;"2024-05-23 13:37:15";"Одежда";"Куртка";"'15.60";"'3.1";"0";"0";"0";"0";"0";"16800,00";"24700,00";;"5%";;
"429340Y21C 36 52";"1061492779";"1582974534";"04680654252114";"Куртка женская City Classic";"'69.5";"City Classic";"Готов к продаже";;"4";"'4.90";;"2024-05-23 13:37:15";"Одежда";"Куртка";"'48.49";"'9.7";"0";"0";"0";"0";"0";"16800,00";"24700,00";;"5%";;
"429340Y21C 25 56";"1061492783";"1582975993";"04680654251995";"Куртка женская City Classic";"'54.5";"City Classic";"Готов к продаже";;"2";"'4.90";;"2024-05-23 13:37:15";"Одежда";"Куртка";"'15.60";"'3.1";"0";"0";"0";"0";"0";"16800,00";"24700,00";;"5%";;
"429340Y21C 99 54";"1061492787";"1582975418";"04680654252053";"Куртка женская City Classic";"'54.5";"City Classic";"Готов к продаже";;"2";"'4.90";;"2024-05-23 13:37:15";"Одежда";"Куртка";"'15.60";"'3.1";"0";"0";"0";"0";"0";"16800,00";"24700,00";;"5%";;
"429340Y21C 36 50";"1061492789";"1582974521";"04680654252107";"Куртка женская City Classic";"'54.5";"City Classic";"Готов к продаже";;"2";"'4.90";;"2024-05-23 13:37:15";"Одежда";"Куртка";"'15.60";"'3.1";"0";"0";"0";"0";"0";"16800,00";"24700,00";;"5%";;
"429340Y21C 99 48";"1061492791";"1582975627";"04680654252022";"Куртка женская City Classic";"'54.5";"City Classic";"Готов к продаже";;"4";"'4.90";;"2024-05-23 13:37:15";"Одежда";"Куртка";"'15.60";"'3.1";"0";"0";"0";"0";"0";"16800,00";"24700,00";;"5%";;
"429340Y21C 25 48";"1061492793";"1582975942";"04680654251957";"Куртка женская City Classic";"'54.5";"City Classic";"Готов к продаже";;"0";"'4.90";;"2024-05-23 13:37:15";"Одежда";"Куртка";"'15.60";"'3.1";"0";"0";"0";"0";"0";"16800,00";"24700,00";;"5%";;
"429340Y21C 99 58";"1061492794";"1582975531";"04680654252077";"Куртка женская City Classic";"'54.5";"City Classic";"Готов к продаже";;"1";"'4.90";;"2024-05-23 13:37:15";"Одежда";"Куртка";"'15.60";"'3.1";"0";"0";"0";"0";"0";"16800,00";"24700,00";;"5%";;
"429340Y21C 99 50";"1061492807";"1582975884";"04680654252039";"Куртка женская City Classic";"'54.5";"City Classic";"Готов к продаже";;"3";"'4.90";;"2024-05-23 13:37:16";"Одежда";"Куртка";"'15.60";"'3.1";"0";"0";"0";"0";"0";"16800,00";"24700,00";;"5%";;
"429340Y21C 36 56";"1061492808";"1582974397";"04680654252138";"Куртка женская City Classic";"'54.5";"City Classic";"Готов к продаже";;"1";"'4.90";;"2024-05-23 13:37:17";"Одежда";"Куртка";"'15.60";"'3.1";"0";"0";"0";"0";"0";"16800,00";"24700,00";;"5%";;
"429340Y21C 36 54";"1061492812";"1582975360";"04680654252121";"Куртка женская City Classic";"'54.5";"City Classic";"Готов к продаже";;"1";"'4.90";;"2024-05-23 13:37:17";"Одежда";"Куртка";"'15.60";"'3.1";"0";"0";"0";"0";"0";"16800,00";"24700,00";;"5%";;
"668280N21N 100 52";"1062106501";"1583520876";"04660227204627";"Куртка женская NortFolk";"'69.5";"NortFolk";"Готов к продаже";;"5";"'5.00";;"2024-05-24 05:02:46";"Одежда";"Куртка";"'7.09";"'1.4";"0";"0";"0";"0";"0";"17900,00";"30900,00";;"5%";;
"668280N21N 100 50";"1062106505";"1583521075";"04660227204610";"Куртка женская NortFolk";"'69.5";"NortFolk";"Готов к продаже";;"5";"'5.00";;"2024-05-24 05:02:47";"Одежда";"Куртка";"'7.09";"'1.4";"0";"0";"0";"0";"0";"17900,00";"30900,00";;"5%";;
"668280N21N 100 54";"1062106513";"1583520944";"04660227204634";"Куртка женская NortFolk";"'69.5";"NortFolk";"Готов к продаже";;"1";"'5.00";;"2024-05-24 05:02:48";"Одежда";"Куртка";"'7.09";"'1.4";"0";"0";"0";"0";"0";"17900,00";"30900,00";;"5%";;
"668280N21N 100 48";"1062106516";"1583520978";"04650644204478";"Куртка женская NortFolk";"'69.5";"NortFolk";"Готов к продаже";;"2";"'5.00";;"2024-05-24 05:02:48";"Одежда";"Куртка";"'7.09";"'1.4";"0";"0";"0";"0";"0";"17900,00";"30900,00";;"5%";;
"668280N21N 100 46";"1062735774";"1584111468";"04650644204546";"Куртка женская NortFolk";"'69.5";"NortFolk";"Готов к продаже";;"1";"'5.00";;"2024-05-24 11:32:09";"Одежда";"Куртка";"'7.09";"'1.4";"0";"0";"0";"0";"0";"17900,00";"30900,00";;"5%";;
"326591F22N 36 54";"1062815498";"1584187843";"04610279063000";"Куртка мужская зимняя с капюшоном NortFolk";"'54.5";"NortFolk";"Готов к продаже";;"0";"'5.00";;"2024-05-24 12:40:04";"Одежда";"Куртка";"'15.75";"'3.2";"0";"0";"0";"0";"0";"24900,00";"42500,00";;"5%";;
"326591F22N 36 52";"1062815507";"1584187743";"04610279062997";"Куртка мужская зимняя с капюшоном NortFolk";"'54.5";"NortFolk";"Готов к продаже";;"4";"'5.00";;"2024-05-24 12:40:05";"Одежда";"Куртка";"'15.75";"'3.2";"0";"0";"0";"0";"0";"24900,00";"42500,00";;"5%";;
"326591F22N 36 48";"1062815517";"1584187906";"04610279062973";"Куртка мужская зимняя с капюшоном NortFolk";"'54.5";"NortFolk";"Готов к продаже";;"4";"'5.00";;"2024-05-24 12:40:05";"Одежда";"Куртка";"'15.75";"'3.2";"0";"0";"0";"0";"0";"24900,00";"42500,00";;"5%";;
"326591F22N 36 56";"1062815527";"1584187795";"04650644204867";"Куртка мужская зимняя с капюшоном NortFolk";"'54.5";"NortFolk";"Готов к продаже";;"3";"'5.00";;"2024-05-24 12:40:06";"Одежда";"Куртка";"'15.75";"'3.2";"0";"0";"0";"0";"0";"24900,00";"42500,00";;"5%";;
"326591F22N 36 58";"1062815529";"1584187960";"04610279063024";"Куртка мужская зимняя с капюшоном NortFolk";"'54.5";"NortFolk";"Готов к продаже";;"0";"'5.00";;"2024-05-24 12:40:06";"Одежда";"Куртка";"'15.75";"'3.2";"0";"0";"0";"0";"0";"24900,00";"42500,00";;"5%";;
"326591F22N 36 50";"1062815536";"1584187944";"04610279062980";"Куртка мужская зимняя с капюшоном NortFolk";"'54.5";"NortFolk";"Готов к продаже";;"3";"'5.00";;"2024-05-24 12:40:06";"Одежда";"Куртка";"'15.75";"'3.2";"0";"0";"0";"0";"0";"24900,00";"42500,00";;"5%";;
"326591F22N 36 46";"1062815538";"1584187910";"04610279062966";"Куртка мужская зимняя с капюшоном NortFolk";"'54.5";"NortFolk";"Готов к продаже";;"2";"'5.00";;"2024-05-24 12:40:06";"Одежда";"Куртка";"'15.75";"'3.2";"0";"0";"0";"0";"0";"24900,00";"42500,00";;"5%";;
"429340Y21C 223 56";"1062827161";"1584202808";"04650644204768";"Куртка женская City Classic";"'54.5";"City Classic";"Готов к продаже";;"5";"'4.90";;"2024-05-24 12:52:35";"Одежда";"Куртка";"'15.60";"'3.1";"0";"0";"0";"0";"0";"16800,00";"24700,00";;"5%";;
"429340Y21C 223 58";"1062827195";"1584202697";"04650644204744";"Куртка женская City Classic";"'54.5";"City Classic";"Готов к продаже";;"4";"'4.90";;"2024-05-24 12:52:39";"Одежда";"Куртка";"'15.60";"'3.1";"0";"0";"0";"0";"0";"16800,00";"24700,00";;"5%";;
"433590Y21N 99/18 58";"1063042324";"1584349942";"04680654253647";"Куртка зимняя женская NortFolk";"'69.5";"NortFolk";"Продается";;"6";"'4.90";;"2024-05-24 13:39:36";"Одежда";"Куртка";"'12.60";"'2.5";"5";"0";"0";"0";"0";"21990,00";"26900,00";;"5%";;
"535361F21N 100 50";"1063107652";"1584468963";"04680351304628";"Куртка мужская зимняя NortFolk";"'54.5";"NortFolk";"Готов к продаже";;"1";"'5.00";;"2024-05-24 14:10:38";"Одежда";"Куртка";"'14.00";"'2.8";"0";"0";"0";"0";"0";"25000,00";"32900,00";;"5%";;
"535361F21N 100 52";"1063107663";"1584468989";"04680351304635";"Куртка мужская зимняя NortFolk";"'54.5";"NortFolk";"Готов к продаже";;"3";"'5.00";;"2024-05-24 14:10:39";"Одежда";"Куртка";"'14.00";"'2.8";"0";"0";"0";"0";"0";"25000,00";"32900,00";;"5%";;
"531431N11N 77-2 52";"1063107666";"1584469059";"04610279163458";"Куртка мужская демисезонная NortFolk";"'54.5";"NortFolk";"Готов к продаже";;"2";"'5.00";;"2024-05-24 14:10:39";"Одежда";"Куртка";"'6.83";"'1.4";"0";"0";"0";"0";"0";"13150,00";"20500,00";;"5%";;
"535361F21N 100 54";"1063107668";"1584468985";"04680351304642";"Куртка мужская зимняя NortFolk";"'54.5";"NortFolk";"Готов к продаже";;"3";"'5.00";;"2024-05-24 14:10:39";"Одежда";"Куртка";"'14.00";"'2.8";"0";"0";"0";"0";"0";"25000,00";"32900,00";;"5%";;
"535361F21N 168 52";"1063107670";"1584469034";"04610279095636";"Куртка мужская зимняя NortFolk";"'54.5";"NortFolk";"Готов к продаже";;"1";"'5.00";;"2024-05-24 14:10:39";"Одежда";"Куртка";"'14.00";"'2.8";"0";"0";"0";"0";"0";"25000,00";"32900,00";;"5%";;
"535361F21N 100 56";"1063107676";"1584469090";"04680351304659";"Куртка мужская зимняя NortFolk";"'54.5";"NortFolk";"Готов к продаже";;"6";"'5.00";;"2024-05-24 14:10:40";"Одежда";"Куртка";"'14.00";"'2.8";"0";"0";"0";"0";"0";"25000,00";"32900,00";;"5%";;
"531431N11N 77-2 50";"1063107677";"1587448018";"04610279163441";"Куртка мужская демисезонная NortFolk";"'54.5";"NortFolk";"Готов к продаже";;"1";"'5.00";;"2024-05-24 14:10:40";"Одежда";"Куртка";"'6.83";"'1.4";"0";"0";"0";"0";"0";"13150,00";"20500,00";;"5%";;
"535361F21N 168 50";"1063107678";"1584469054";"04610279095629";"Куртка мужская зимняя NortFolk";"'54.5";"NortFolk";"Готов к продаже";;"0";"'5.00";;"2024-05-24 14:10:40";"Одежда";"Куртка";"'14.00";"'2.8";"0";"0";"0";"0";"0";"25000,00";"32900,00";;"5%";;
"531431N11N 168 54";"1063107685";"1584469069";"04610279163601";"Куртка мужская демисезонная NortFolk";"'54.5";"NortFolk";"Готов к продаже";;"1";"'5.00";;"2024-05-24 14:10:40";"Одежда";"Куртка";"'6.83";"'1.4";"0";"0";"0";"0";"0";"13150,00";"20500,00";;"5%";;
"535361F21N 100 48";"1063107687";"1584469027";"04680351304611";"Куртка мужская зимняя NortFolk";"'54.5";"NortFolk";"Готов к продаже";;"3";"'5.00";;"2024-05-24 14:10:40";"Одежда";"Куртка";"'14.00";"'2.8";"0";"0";"0";"0";"0";"25000,00";"32900,00";;"5%";;
"535361F21N 100 46";"1063107694";"1584469016";"04680351304604";"Куртка мужская зимняя NortFolk";"'54.5";"NortFolk";"Готов к продаже";;"2";"'5.00";;"2024-05-24 14:10:40";"Одежда";"Куртка";"'14.00";"'2.8";"0";"0";"0";"0";"0";"25000,00";"32900,00";;"5%";;
"531431N11N 77-2 48";"1063107696";"1585629517";"04610279163434";"Куртка мужская демисезонная NortFolk";"'54.5";"NortFolk";"Готов к продаже";;"0";"'5.00";;"2024-05-24 14:10:40";"Одежда";"Куртка";"'6.83";"'1.4";"0";"0";"0";"0";"0";"13150,00";"20500,00";;"5%";;
"531431N11N 168 50";"1063107698";"1584469058";"04610279163588";"Куртка мужская демисезонная NortFolk";"'54.5";"NortFolk";"Готов к продаже";;"1";"'5.00";;"2024-05-24 14:10:40";"Одежда";"Куртка";"'6.83";"'1.4";"0";"0";"0";"0";"0";"13150,00";"20500,00";;"5%";;
"531431N11N 77-2 56";"1063107699";"1584469083";"04610279163472";"Куртка мужская демисезонная NortFolk";"'54.5";"NortFolk";"Готов к продаже";;"1";"'5.00";;"2024-05-24 14:10:40";"Одежда";"Куртка";"'6.83";"'1.4";"0";"0";"0";"0";"0";"13150,00";"20500,00";;"5%";;
"531431N11N 168 56";"1063107702";"1584469038";"04610279163618";"Куртка мужская демисезонная NortFolk";"'54.5";"NortFolk";"Готов к продаже";;"1";"'5.00";;"2024-05-24 14:10:41";"Одежда";"Куртка";"'6.83";"'1.4";"0";"0";"0";"0";"0";"13150,00";"20500,00";;"5%";;
"531431N11N 168 52";"1063107721";"1584469165";"04610279163595";"Куртка мужская демисезонная NortFolk";"'54.5";"NortFolk";"Готов к продаже";;"2";"'5.00";;"2024-05-24 14:10:48";"Одежда";"Куртка";"'6.83";"'1.4";"0";"0";"0";"0";"0";"13150,00";"20500,00";;"5%";;
"535361F21N 168 54";"1063107724";"1584469151";"04610279095643";"Куртка мужская зимняя NortFolk";"'54.5";"NortFolk";"Готов к продаже";;"0";"'5.00";;"2024-05-24 14:10:49";"Одежда";"Куртка";"'14.00";"'2.8";"0";"0";"0";"0";"0";"25000,00";"32900,00";;"5%";;
"531431N11N 77-2 54";"1063107735";"1584469202";"04610279163465";"Куртка мужская демисезонная NortFolk";"'54.5";"NortFolk";"Готов к продаже";;"1";"'5.00";;"2024-05-24 14:10:50";"Одежда";"Куртка";"'6.83";"'1.4";"0";"0";"0";"0";"0";"13150,00";"20500,00";;"5%";;
"310281N22N 99 50";"1081323318";"1601308626";"04630308323912";"Куртка зимняя с верблюдом NortFolk";"'54.5";"NortFolk";"Готов к продаже";;"3";"'5.00";;"2024-06-11 07:31:14";"Одежда";"Куртка";"'18.90";"'3.8";"0";"0";"0";"0";"0";"19916,00";"34500,00";;"5%";;
"310281N22N 99 48";"1081323328";"1601308796";"04610279094509";"Куртка зимняя с верблюдом NortFolk";"'54.5";"NortFolk";"Готов к продаже";;"3";"'5.00";;"2024-06-11 07:31:16";"Одежда";"Куртка";"'18.90";"'3.8";"0";"0";"0";"0";"0";"19915,00";"34500,00";;"5%";;
"310281N22N 99 52";"1081323342";"1601308734";"04610279094523";"Куртка зимняя с верблюдом NortFolk";"'54.5";"NortFolk";"Готов к продаже";;"2";"'5.00";;"2024-06-11 07:31:17";"Одежда";"Куртка";"'18.90";"'3.8";"0";"0";"0";"0";"0";"19917,00";"34500,00";;"5%";;
"310281N22N 97 50";"1081323355";"1601308888";"04680351435902";"Куртка зимняя с верблюдом NortFolk";"'50";"NortFolk";"Готов к продаже";;"0";"'5.00";;"2024-06-11 07:31:18";"Одежда";"Куртка";"'18.90";"'3.8";"0";"0";"0";"0";"0";"19911,00";"34500,00";;"5%";;
"310281N22N 99 54";"1081323369";"1601308663";"04610279094530";"Куртка зимняя с верблюдом NortFolk";"'54.5";"NortFolk";"Готов к продаже";;"3";"'5.00";;"2024-06-11 07:31:18";"Одежда";"Куртка";"'18.90";"'3.8";"0";"0";"0";"0";"0";"19918,00";"34500,00";;"5%";;
"310281N22N 97 48";"1081323389";"1601308939";"04680351435896";"Куртка зимняя с верблюдом NortFolk";"'50";"NortFolk";"Готов к продаже";;"1";"'5.00";;"2024-06-11 07:31:23";"Одежда";"Куртка";"'18.90";"'3.8";"0";"0";"0";"0";"0";"19910,00";"34500,00";;"5%";;
"310281N22N 97 52";"1081323395";"1601308833";"04630308323943";"Куртка зимняя с верблюдом NortFolk";"'50";"NortFolk";"Готов к продаже";;"2";"'5.00";;"2024-06-11 07:31:23";"Одежда";"Куртка";"'18.90";"'3.8";"0";"0";"0";"0";"0";"19912,00";"34500,00";;"5%";;
"433590Y21NB 225/21 66";"1081341720";"1601328489";"04680654254385";"Куртка зимняя женская NortFolk";"'69.5";"NortFolk";"Продается";;"7";"'4.90";;"2024-06-11 07:45:07";"Одежда";"Куртка";"'12.60";"'2.5";"4";"0";"0";"0";"0";"23990,00";"28900,00";;"5%";;
"433590Y21NB 225/21 68";"1081341726";"1601327617";"04680654254392";"Куртка зимняя женская NortFolk";"'69.5";"NortFolk";"Продается";;"3";"'4.90";;"2024-06-11 07:45:07";"Одежда";"Куртка";"'12.60";"'2.5";"4";"0";"0";"0";"0";"23990,00";"28900,00";;"5%";;
"433590Y21NB 225/21 64";"1081341728";"1601328495";"04680654254378";"Куртка зимняя женская NortFolk";"'69.5";"NortFolk";"Продается";;"5";"'4.90";;"2024-06-11 07:45:07";"Одежда";"Куртка";"'12.60";"'2.5";"3";"0";"0";"0";"0";"23990,00";"28900,00";;"5%";;
"433590Y21NB 225/21 62";"1081341729";"1601327669";"04680654254361";"Куртка зимняя женская NortFolk";"'69.5";"NortFolk";"Продается";;"5";"'4.90";;"2024-06-11 07:45:07";"Одежда";"Куртка";"'12.60";"'2.5";"3";"0";"0";"0";"0";"23990,00";"28900,00";;"5%";;
"433590Y21NB 225/21 70";"1081341734";"1601328441";"04680654254408";"Куртка зимняя женская NortFolk";"'69.5";"NortFolk";"Продается";;"4";"'4.90";;"2024-06-11 07:45:07";"Одежда";"Куртка";"'12.60";"'2.5";"4";"0";"0";"0";"0";"23990,00";"28900,00";;"5%";;
"433590Y21NB 225/21 60";"1081341735";"1601327627";"04680654254354";"Куртка зимняя женская NortFolk";"'69.5";"NortFolk";"Продается";;"6";"'4.90";;"2024-06-11 07:45:07";"Одежда";"Куртка";"'12.60";"'2.5";"4";"0";"0";"0";"0";"23990,00";"28900,00";;"5%";;
"433590Y21NB 36/18 64";"1081370202";"1601349191";"04680654254316";"Куртка зимняя женская NortFolk";"'69.5";"NortFolk";"Готов к продаже";;"4";"'4.90";;"2024-06-11 08:04:09";"Одежда";"Куртка";"'12.60";"'2.5";"0";"0";"0";"0";"0";"23990,00";"28900,00";;"5%";;
"433590Y21NB 36/18 70";"1081370223";"1601349235";"04680654254347";"Куртка зимняя женская NortFolk";"'69.5";"NortFolk";"Готов к продаже";;"2";"'4.90";;"2024-06-11 08:04:10";"Одежда";"Куртка";"'12.60";"'2.5";"0";"0";"0";"0";"0";"23990,00";"28900,00";;"5%";;
"433590Y21NB 36/18 60";"1081370236";"1601349278";"04680654254293";"Куртка зимняя женская NortFolk";"'69.5";"NortFolk";"Готов к продаже";;"1";"'4.90";;"2024-06-11 08:04:12";"Одежда";"Куртка";"'12.60";"'2.5";"0";"0";"0";"0";"0";"23990,00";"28900,00";;"5%";;
"433590Y21NB 36/18 68";"1081370243";"1601349140";"04680654254330";"Куртка зимняя женская NortFolk";"'69.5";"NortFolk";"Продается";;"1";"'4.90";;"2024-06-11 08:04:14";"Одежда";"Куртка";"'12.60";"'2.5";"2";"0";"0";"0";"0";"23990,00";"28900,00";;"5%";;
"433590Y21NB 36/18 62";"1081370247";"1601349297";"04680654254309";"Куртка зимняя женская NortFolk";"'69.5";"NortFolk";"Готов к продаже";;"2";"'4.90";;"2024-06-11 08:04:15";"Одежда";"Куртка";"'12.60";"'2.5";"0";"0";"0";"0";"0";"23990,00";"28900,00";;"5%";;
"433590Y21NB 36/18 66";"1081370252";"1601349087";"04680654254323";"Куртка зимняя женская NortFolk";"'69.5";"NortFolk";"Продается";;"1";"'4.90";;"2024-06-11 08:04:16";"Одежда";"Куртка";"'12.60";"'2.5";"1";"0";"0";"0";"0";"23990,00";"28900,00";;"5%";;
"433590Y21NB FS/18 60";"1081380917";"1601359694";"04680654254118";"Куртка зимняя женская NortFolk";"'69.5";"NortFolk";"Продается";;"4";"'4.90";;"2024-06-11 08:11:53";"Одежда";"Куртка";"'12.60";"'2.5";"4";"0";"0";"0";"0";"23990,00";"28900,00";;"5%";;
"433590Y21NB FS/18 66";"1081381095";"1601359600";"04680351474871";"Куртка зимняя женская NortFolk";"'69.5";"NortFolk";"Продается";;"3";"'4.90";;"2024-06-11 08:11:57";"Одежда";"Куртка";"'12.60";"'2.5";"5";"0";"0";"0";"0";"23990,00";"28900,00";;"5%";;
"433590Y21NB FS/18 70";"1081381140";"1601359751";"04680654254163";"Куртка зимняя женская NortFolk";"'69.5";"NortFolk";"Продается";;"1";"'4.90";;"2024-06-11 08:11:59";"Одежда";"Куртка";"'12.60";"'2.5";"6";"0";"0";"0";"0";"23990,00";"28900,00";;"5%";;
"433590Y21NB FS/18 62";"1081381191";"1601359487";"04680654254125";"Куртка зимняя женская NortFolk";"'69.5";"NortFolk";"Готов к продаже";;"9";"'4.90";;"2024-06-11 08:11:59";"Одежда";"Куртка";"'12.60";"'2.5";"0";"0";"0";"0";"0";"23990,00";"28900,00";;"5%";;
"433590Y21NB FS/18 64";"1081381192";"1601359592";"04680654254132";"Куртка зимняя женская NortFolk";"'69.5";"NortFolk";"Продается";;"6";"'4.90";;"2024-06-11 08:11:59";"Одежда";"Куртка";"'12.60";"'2.5";"4";"0";"0";"0";"0";"23990,00";"28900,00";;"5%";;
"433590Y21NB FS/18 68";"1081381213";"1601359682";"04680654254156";"Куртка зимняя женская NortFolk";"'69.5";"NortFolk";"Продается";;"1";"'4.90";;"2024-06-11 08:12:00";"Одежда";"Куртка";"'12.60";"'2.5";"3";"0";"0";"0";"0";"23990,00";"28900,00";;"5%";;
"670340N21N 67 50";"1081426444";"1601405096";"04630308317836";"Куртка удлиненная с капюшоном NortFolk";"'54.5";"NortFolk";"Готов к продаже";;"2";"'5.00";;"2024-06-11 08:44:44";"Одежда";"Куртка";"'14.62";"'2.9";"0";"0";"0";"0";"0";"16800,00";"25900,00";;"5%";;
"670340N21N 67 48";"1081426446";"1601405163";"04630308317829";"Куртка удлиненная с капюшоном NortFolk";"'54.5";"NortFolk";"Готов к продаже";;"2";"'5.00";;"2024-06-11 08:44:45";"Одежда";"Куртка";"'14.62";"'2.9";"0";"0";"0";"0";"0";"16800,00";"25900,00";;"5%";;
"326591F22N 99 46";"1120209504";"1644501670";"04680351471269";"Куртка мужская зимняя с капюшоном NortFolk";"'54.5";"NortFolk";"Готов к продаже";;"3";"'5.00";;"2024-07-23 14:04:16";"Одежда";"Куртка";"'15.75";"'3.2";"0";"0";"0";"0";"0";"24900,00";"42500,00";;"5%";;
"301591N15N 100 48";"1120209506";"1637310733";"04610279095988";"Куртка утепленная NortFolk";"'52.5";"NortFolk";"Готов к продаже";;"4";"'4.90";;"2024-07-23 14:04:16";"Одежда";"Куртка";"'17.55";"'3.5";"0";"0";"0";"0";"0";"13160,00";"21150,00";;"5%";;
"176821N10N 99 50";"1120209507";"1637222095";"04670126883014";"Куртка мужская демисезонная NortFolk";"'54.5";"NortFolk";"Готов к продаже";;"0";"'5.00";;"2024-07-23 14:04:16";"Одежда";"Куртка";"'14.62";"'2.9";"0";"0";"0";"0";"0";"13150,00";"34500,00";;"5%";;
"302281N22N 99 50";"1120209508";"1637369382";"04610279096718";"Куртка зимняя на утеплителе с верблюжьей шерстью NortFolk";"'67";"NortFolk";"Готов к продаже";;"0";"'5.00";;"2024-07-23 14:04:16";"Одежда";"Куртка";"'23.40";"'4.7";"0";"0";"0";"0";"0";"20550,00";"35840,00";;"5%";;
"310281N22N 90 48";"1120209509";"1642846352";"04680351435612";"Куртка зимняя с верблюдом NortFolk";"'37.5";"NortFolk";"Готов к продаже";;"1";"'5.00";;"2024-07-23 14:04:16";"Одежда";"Куртка";"'22.40";"'4.5";"0";"0";"0";"0";"0";"19906,00";"34500,00";;"5%";;
"310281N22N 77-2 58";"1120209510";"1642835837";"04680351435599";"Куртка зимняя с верблюдом NortFolk";"'42";"NortFolk";"Готов к продаже";;"0";"'5.00";;"2024-07-23 14:04:16";"Одежда";"Куртка";"'22.40";"'4.5";"0";"0";"0";"0";"0";"19905,00";"34500,00";;"5%";;
"310281N22NB 105-1 60";"1120209511";"1642909868";"04630308324162";"Куртка зимняя большие размеры с верблюдом NortFolk";"'42";"NortFolk";"Готов к продаже";;"0";"'5.00";;"2024-07-23 14:04:16";"Одежда";"Куртка";"'25.20";"'5.0";"0";"0";"0";"0";"0";"20500,00";"35500,00";;"5%";;
"326591F22N 106 48";"1120209512";"1644501676";"04630187541414";"Куртка мужская зимняя с капюшоном NortFolk";"'54.5";"NortFolk";"Готов к продаже";;"1";"'5.00";;"2024-07-23 14:04:16";"Одежда";"Куртка";"'15.75";"'3.2";"0";"0";"0";"0";"0";"24900,00";"42500,00";;"5%";;
"427340Y15N 159-23 56";"1120209516";"1642748934";"04660426876601";"Куртка женская NortFolk с SUGENRO";"'69.5";"NortFolk";"Продается";;"6";"'4.90";;"2024-07-23 14:04:16";"Одежда";"Куртка";"'23.40";"'4.7";"3";"0";"0";"0";"0";"19950,00";"34450,00";;"5%";;
"326591F22N 99 56";"1120209517";"1644501536";"04680351471313";"Куртка мужская зимняя с капюшоном NortFolk";"'54.5";"NortFolk";"Готов к продаже";;"4";"'5.00";;"2024-07-23 14:04:16";"Одежда";"Куртка";"'15.75";"'3.2";"0";"0";"0";"0";"0";"24900,00";"42500,00";;"5%";;
"206791N15N 99/99 48";"1120209518";"1637261015";"04640314021467";"Куртка мужская демисезонная NortFolk";"'42";"NortFolk";"Готов к продаже";;"2";"'5.00";;"2024-07-23 14:04:16";"Одежда";"Куртка";"'14.62";"'2.9";"0";"0";"0";"0";"0";"14500,00";"25900,00";;"5%";;
"176821N10NB 99 62";"1120209519";"1637221690";"04670126883274";"Куртка мужская демисезонная NortFolk";"'54.5";"NortFolk";"Готов к продаже";;"1";"'5.00";;"2024-07-23 14:04:16";"Одежда";"Куртка";"'14.62";"'2.9";"0";"0";"0";"0";"0";"13150,00";"35500,00";;"5%";;
"611430N10C 25 52";"1120209520";"1637078451";"04640314026042";"Куртка женская демисезонная City Classic";"'69.5";"City Classic";"Готов к продаже";;"1";"'4.90";;"2024-07-23 14:04:16";"Одежда";"Куртка";"'23.40";"'4.7";"0";"0";"0";"0";"0";"17230,00";"25100,00";;"5%";;
"611430N10C 99 58";"1120209521";"1637044484";"04640314026479";"Куртка женская демисезонная City Classic";"'69.5";"City Classic";"Продается";;"1";"'4.90";;"2024-07-23 14:04:16";"Одежда";"Куртка";"'23.40";"'4.7";"1";"0";"0";"0";"0";"17230,00";"25100,00";;"5%";;
"737951N10C 99 48";"1120209523";"1642770713";"04660227222560";"Куртка мужская демисезонная City Classic";"'42";"City Classic";"Продается";;"2";"'4.90";;"2024-07-23 14:04:16";"Одежда";"Куртка";"'18.90";"'3.8";"3";"0";"0";"0";"0";"15900,00";"22500,00";;"5%";;
"736951N11N 165 46";"1120209524";"1642758676";"04660227614433";"Куртка мужская демисезонная NortFolk";"'42";"NortFolk";"Готов к продаже";;"1";"'5.00";;"2024-07-23 14:04:16";"Одежда";"Куртка";"'11.38";"'2.3";"0";"0";"0";"0";"0";"14050,00";"34500,00";;"5%";;
"427340Y15N 25 44";"1120209525";"1642740245";"04660426876526";"Куртка женская NortFolk с SUGENRO";"'69.5";"NortFolk";"Продается";;"4";"'4.90";;"2024-07-23 14:04:16";"Одежда";"Куртка";"'23.40";"'4.7";"4";"0";"0";"0";"0";"19950,00";"34450,00";;"5%";;
"302281N22N 99 58";"1120209526";"1637369488";"04610279096756";"Куртка зимняя на утеплителе с верблюжьей шерстью NortFolk";"'67";"NortFolk";"Готов к продаже";;"1";"'5.00";;"2024-07-23 14:04:16";"Одежда";"Куртка";"'23.40";"'4.7";"0";"0";"0";"0";"0";"20550,00";"35840,00";;"5%";;
"737951N10C 98 56";"1120209527";"1650036894";;"Куртка мужская демисезонная City Classic";"'30";"City Classic";"Готов к продаже";;"0";"'4.90";;"2024-07-23 14:04:16";"Одежда";"Куртка";"'18.90";"'3.8";"0";"0";"0";"0";"0";"15900,00";"22500,00";;"5%";;
"310281N22NB 99 64";"1120209528";"1642896280";"04630308324124";"Куртка зимняя большие размеры с верблюдом NortFolk";"'42";"NortFolk";"Готов к продаже";;"2";"'5.00";;"2024-07-23 14:04:16";"Одежда";"Куртка";"'18.90";"'3.8";"0";"0";"0";"0";"0";"20500,00";"35500,00";;"5%";;
"302281N22N 99 54";"1120209529";"1637369186";"04610279096732";"Куртка зимняя на утеплителе с верблюжьей шерстью NortFolk";"'67";"NortFolk";"Готов к продаже";;"2";"'5.00";;"2024-07-23 14:04:16";"Одежда";"Куртка";"'23.40";"'4.7";"0";"0";"0";"0";"0";"20550,00";"35840,00";;"5%";;
"310281N22N 77-2 50";"1120209530";"1642833728";"04680351435551";"Куртка зимняя с верблюдом NortFolk";"'42";"NortFolk";"Готов к продаже";;"2";"'5.00";;"2024-07-23 14:04:16";"Одежда";"Куртка";"'22.40";"'4.5";"0";"0";"0";"0";"0";"19901,00";"34500,00";;"5%";;
"310281N22N 90 54";"1120209531";"1642846370";"04680351435643";"Куртка зимняя с верблюдом NortFolk";"'37.5";"NortFolk";"Готов к продаже";;"1";"'5.00";;"2024-07-23 14:04:16";"Одежда";"Куртка";"'22.40";"'4.5";"0";"0";"0";"0";"0";"19908,00";"34500,00";;"5%";;
"310281N22NB 105-1 68";"1120209532";"1642909802";"04630308324209";"Куртка зимняя большие размеры с верблюдом NortFolk";"'42";"NortFolk";"Готов к продаже";;"2";"'5.00";;"2024-07-23 14:04:16";"Одежда";"Куртка";"'25.20";"'5.0";"0";"0";"0";"0";"0";"20500,00";"35500,00";;"5%";;
"326591F22NB 106 62";"1120209533";"1644501588";"04680351471535";"Куртка мужская зимняя с капюшоном NortFolk 62 размер";"'54.5";"NortFolk";"Готов к продаже";;"1";"'5.00";;"2024-07-23 14:04:16";"Одежда";"Куртка";"'15.75";"'3.2";"0";"0";"0";"0";"0";"25900,00";"43500,00";;"5%";;
"611430N10C 99 54";"1120209534";"1637042521";"04640314026455";"Куртка женская демисезонная City Classic";"'69.5";"City Classic";"Готов к продаже";;"0";"'4.90";;"2024-07-23 14:04:16";"Одежда";"Куртка";"'23.40";"'4.7";"0";"0";"0";"0";"0";"17230,00";"25100,00";;"5%";;
"301591N15N 165 50";"1120209536";"1637310827";"04610279095933";"Куртка утепленная NortFolk";"'57";"NortFolk";"Готов к продаже";;"2";"'4.90";;"2024-07-23 14:04:16";"Одежда";"Куртка";"'17.55";"'3.5";"0";"0";"0";"0";"0";"13160,00";"21150,00";;"5%";;
"310281N22N 77-2 48";"1120209538";"1642833213";"04680351435544";"Куртка зимняя с верблюдом NortFolk";"'42";"NortFolk";"Готов к продаже";;"1";"'5.00";;"2024-07-23 14:04:16";"Одежда";"Куртка";"'22.40";"'4.5";"0";"0";"0";"0";"0";"19900,00";"34500,00";;"5%";;
"427340Y15N 255 58";"1120209539";"1642731739";"04660426876632";"Куртка женская NortFolk с SUGENRO";"'69.5";"NortFolk";"Продается";;"9";"'4.90";;"2024-07-23 14:04:16";"Одежда";"Куртка";"'23.40";"'4.7";"1";"0";"0";"0";"0";"19950,00";"34450,00";;"5%";;
"611430N10C 25 46";"1120209540";"1637078340";"04640314026011";"Куртка женская демисезонная City Classic";"'69.5";"City Classic";"Готов к продаже";;"2";"'4.90";;"2024-07-23 14:04:16";"Одежда";"Куртка";"'23.40";"'4.7";"0";"0";"0";"0";"0";"17230,00";"25100,00";;"5%";;
"611430N10C 99 48";"1120209542";"1637029857";"04640314026424";"Куртка женская демисезонная City Classic";"'69.5";"City Classic";"Готов к продаже";;"5";"'4.90";;"2024-07-23 14:04:16";"Одежда";"Куртка";"'23.40";"'4.7";"0";"0";"0";"0";"0";"17230,00";"25100,00";;"5%";;
"737951N10C 97 48";"1120209543";"1642776089";"04660227658062";"Куртка мужская демисезонная City Classic";"'37.5";"City Classic";"Продается";;"1";"'4.90";;"2024-07-23 14:04:16";"Одежда";"Куртка";"'18.90";"'3.8";"1";"0";"0";"0";"0";"15900,00";"22500,00";;"5%";;
"206791N15N 99/99 56";"1120209548";"1637260971";"04640314021504";"Куртка мужская демисезонная NortFolk";"'42";"NortFolk";"Готов к продаже";;"0";"'5.00";;"2024-07-23 14:04:16";"Одежда";"Куртка";"'14.62";"'2.9";"0";"0";"0";"0";"0";"14500,00";"25900,00";;"5%";;
"301591N15N 100 50";"1120209550";"1637310913";"04610279095995";"Куртка утепленная NortFolk";"'52.5";"NortFolk";"Готов к продаже";;"6";"'4.90";;"2024-07-23 14:04:16";"Одежда";"Куртка";"'17.55";"'3.5";"0";"0";"0";"0";"0";"13160,00";"21150,00";;"5%";;
"310281N22N 77-2 52";"1120209551";"1642834433";"04680351435568";"Куртка зимняя с верблюдом NortFolk";"'42";"NortFolk";"Готов к продаже";;"1";"'5.00";;"2024-07-23 14:04:16";"Одежда";"Куртка";"'22.40";"'4.5";"0";"0";"0";"0";"0";"19902,00";"34500,00";;"5%";;
"310281N22NB 99 66";"1120209552";"1642895837";"04630308324131";"Куртка зимняя большие размеры с верблюдом NortFolk";"'42";"NortFolk";"Готов к продаже";;"3";"'5.00";;"2024-07-23 14:04:17";"Одежда";"Куртка";"'18.90";"'3.8";"0";"0";"0";"0";"0";"20500,00";"35500,00";;"5%";;
"326591F22N 106 46";"1120209553";"1644501696";"04680351471191";"Куртка мужская зимняя с капюшоном NortFolk";"'54.5";"NortFolk";"Готов к продаже";;"1";"'5.00";;"2024-07-23 14:04:17";"Одежда";"Куртка";"'15.75";"'3.2";"0";"0";"0";"0";"0";"24900,00";"42500,00";;"5%";;
"427340Y15N 100 50";"1120209554";"1642735262";"04640314410636";"Куртка женская NortFolk с SUGENRO";"'69.5";"NortFolk";"Продается";;"14";"'4.90";;"2024-07-23 14:04:17";"Одежда";"Куртка";"'23.40";"'4.7";"6";"0";"0";"0";"0";"19950,00";"34450,00";;"5%";;
"427340Y15N 25 56";"1120209555";"1642740202";"04660426876427";"Куртка женская NortFolk с SUGENRO";"'69.5";"NortFolk";"Продается";;"10";"'4.90";;"2024-07-23 14:04:17";"Одежда";"Куртка";"'23.40";"'4.7";"2";"0";"0";"0";"0";"19950,00";"34450,00";;"5%";;
"737951N10C 97 54";"1120209556";"1650036716";"04680806036562";"Куртка мужская демисезонная City Classic";"'44.5";"City Classic";"Продается";;"4";"'4.90";;"2024-07-23 14:04:17";"Одежда";"Куртка";"'18.90";"'3.8";"4";"0";"0";"0";"0";"15900,00";"22500,00";;"5%";;
"176821N10N 99 54";"1120209558";"1637222078";"04670126883038";"Куртка мужская демисезонная NortFolk";"'54.5";"NortFolk";"Готов к продаже";;"1";"'5.00";;"2024-07-23 14:04:17";"Одежда";"Куртка";"'14.62";"'2.9";"0";"0";"0";"0";"0";"13150,00";"34500,00";;"5%";;
"206791N15N 99/99 58";"1120209559";"1637261037";"04640314021511";"Куртка мужская демисезонная NortFolk";"'42";"NortFolk";"Готов к продаже";;"1";"'5.00";;"2024-07-23 14:04:17";"Одежда";"Куртка";"'14.62";"'2.9";"0";"0";"0";"0";"0";"14500,00";"25900,00";;"5%";;
"310281N22NB 99 68";"1120209560";"1642896346";"04630308324148";"Куртка зимняя большие размеры с верблюдом NortFolk";"'42";"NortFolk";"Готов к продаже";;"1";"'5.00";;"2024-07-23 14:04:17";"Одежда";"Куртка";"'18.90";"'3.8";"0";"0";"0";"0";"0";"20500,00";"35500,00";;"5%";;
"310281N22N 77-2 54";"1120209561";"1642835774";"04680351435575";"Куртка зимняя с верблюдом NortFolk";"'42";"NortFolk";"Готов к продаже";;"0";"'5.00";;"2024-07-23 14:04:17";"Одежда";"Куртка";"'22.40";"'4.5";"0";"0";"0";"0";"0";"19903,00";"34500,00";;"5%";;
"427340Y15N 255 46";"1120209562";"1642731730";"04660426876434";"Куртка женская NortFolk с SUGENRO";"'69.5";"NortFolk";"Продается";;"8";"'4.90";;"2024-07-23 14:04:17";"Одежда";"Куртка";"'23.40";"'4.7";"3";"0";"0";"0";"0";"19950,00";"34450,00";;"5%";;
"310281N22NB 105-1 64";"1120209563";"1642909843";"04630308324186";"Куртка зимняя большие размеры с верблюдом NortFolk";"'42";"NortFolk";"Готов к продаже";;"2";"'5.00";;"2024-07-23 14:04:17";"Одежда";"Куртка";"'25.20";"'5.0";"0";"0";"0";"0";"0";"20500,00";"35500,00";;"5%";;
"427340Y15N 255 52";"1120209571";"1642731707";"04660426876465";"Куртка женская NortFolk с SUGENRO";"'69.5";"NortFolk";"Продается";;"19";"'4.90";;"2024-07-23 14:04:19";"Одежда";"Куртка";"'24.05";"'4.8";"2";"1";"0";"0";"0";"19950,00";"34450,00";;"5%";;
"301591N15N 100 54";"1120209582";"1637310606";"04610279096015";"Куртка утепленная NortFolk";"'52.5";"NortFolk";"Готов к продаже";;"3";"'4.90";;"2024-07-23 14:04:20";"Одежда";"Куртка";"'17.55";"'3.5";"0";"0";"0";"0";"0";"13160,00";"21150,00";;"5%";;
"206791N15N 99/99 52";"1120209584";"1637261048";"04640314021481";"Куртка мужская демисезонная NortFolk";"'42";"NortFolk";"Готов к продаже";;"1";"'5.00";;"2024-07-23 14:04:20";"Одежда";"Куртка";"'14.62";"'2.9";"0";"0";"0";"0";"0";"14500,00";"25900,00";;"5%";;
"310281N22N 90 56";"1120209587";"1642846265";"04680351435650";"Куртка зимняя с верблюдом NortFolk";"'37.5";"NortFolk";"Готов к продаже";;"1";"'5.00";;"2024-07-23 14:04:20";"Одежда";"Куртка";"'22.40";"'4.5";"0";"0";"0";"0";"0";"19909,00";"34500,00";;"5%";;
"310281N22N 77-2 56";"1120209588";"1642835699";"04680351435582";"Куртка зимняя с верблюдом NortFolk";"'42";"NortFolk";"Готов к продаже";;"2";"'5.00";;"2024-07-23 14:04:20";"Одежда";"Куртка";"'22.40";"'4.5";"0";"0";"0";"0";"0";"19904,00";"34500,00";;"5%";;
"310281N22NB 99 62";"1120209589";"1642895848";"04630308324117";"Куртка зимняя большие размеры с верблюдом NortFolk";"'42";"NortFolk";"Готов к продаже";;"2";"'5.00";;"2024-07-23 14:04:20";"Одежда";"Куртка";"'18.90";"'3.8";"0";"0";"0";"0";"0";"20500,00";"35500,00";;"5%";;
"427340Y15N 159-23 46";"1120209591";"1642748909";"04660426876557";"Куртка женская NortFolk с SUGENRO";"'69.5";"NortFolk";"Продается";;"4";"'4.90";;"2024-07-23 14:04:20";"Одежда";"Куртка";"'23.40";"'4.7";"4";"0";"0";"0";"0";"19950,00";"34450,00";;"5%";;
"310281N22NB 97 60";"1120209592";"1642922588";"04630308324087";"Куртка зимняя большие размеры с верблюдом NortFolk";"'37.5";"NortFolk";"Готов к продаже";;"2";"'5.00";;"2024-07-23 14:04:20";"Одежда";"Куртка";"'25.20";"'5.0";"0";"0";"0";"0";"0";"20500,00";"35500,00";;"5%";;
"310281N22NB 105-1 66";"1120209593";"1642909940";"04630308324193";"Куртка зимняя большие размеры с верблюдом NortFolk";"'42";"NortFolk";"Готов к продаже";;"1";"'5.00";;"2024-07-23 14:04:20";"Одежда";"Куртка";"'25.20";"'5.0";"0";"0";"0";"0";"0";"20500,00";"35500,00";;"5%";;
"301591N15N 165 52";"1120209594";"1637310926";"04610279095940";"Куртка утепленная NortFolk";"'57";"NortFolk";"Готов к продаже";;"2";"'4.90";;"2024-07-23 14:04:20";"Одежда";"Куртка";"'17.55";"'3.5";"0";"0";"0";"0";"0";"13160,00";"21150,00";;"5%";;
"736951N11N 99 58";"1120209597";"1642758355";"04680351661219";"Куртка мужская демисезонная NortFolk";"'42";"NortFolk";"Готов к продаже";;"1";"'5.00";;"2024-07-23 14:04:20";"Одежда";"Куртка";"'11.38";"'2.3";"0";"0";"0";"0";"0";"14050,00";"34500,00";;"5%";;
"326591F22N 99 58";"1120209601";"1644501732";"04610279062959";"Куртка мужская зимняя с капюшоном NortFolk";"'54.5";"NortFolk";"Готов к продаже";;"0";"'5.00";;"2024-07-23 14:04:20";"Одежда";"Куртка";"'15.75";"'3.2";"0";"0";"0";"0";"0";"24900,00";"42500,00";;"5%";;
"427340Y15N 100 54";"1120209602";"1642735275";"04640314410650";"Куртка женская NortFolk с SUGENRO";"'69.5";"NortFolk";"Продается";;"13";"'4.90";;"2024-07-23 14:04:20";"Одежда";"Куртка";"'23.40";"'4.7";"2";"0";"0";"0";"0";"19950,00";"34450,00";;"5%";;
"427340Y15N 159-23 50";"1120209604";"1642748896";"04660426876571";"Куртка женская NortFolk с SUGENRO";"'69.5";"NortFolk";"Готов к продаже";;"6";"'4.90";;"2024-07-23 14:04:20";"Одежда";"Куртка";"'23.40";"'4.7";"0";"0";"0";"0";"0";"19950,00";"34450,00";;"5%";;
"611430N10C 25 58";"1120209605";"1637078020";"04640314026073";"Куртка женская демисезонная City Classic";"'69.5";"City Classic";"Готов к продаже";;"2";"'4.90";;"2024-07-23 14:04:20";"Одежда";"Куртка";"'23.40";"'4.7";"0";"0";"0";"0";"0";"17230,00";"25100,00";;"5%";;
"611430N10C 99 52";"1120209607";"1637039639";"04640314026448";"Куртка женская демисезонная City Classic";"'69.5";"City Classic";"Готов к продаже";;"3";"'4.90";;"2024-07-23 14:04:20";"Одежда";"Куртка";"'23.40";"'4.7";"0";"0";"0";"0";"0";"17230,00";"25100,00";;"5%";;
"206791N15N 99/99 54";"1120209612";"1637260992";"04640314021498";"Куртка мужская демисезонная NortFolk";"'42";"NortFolk";"Готов к продаже";;"2";"'5.00";;"2024-07-23 14:04:20";"Одежда";"Куртка";"'14.62";"'2.9";"0";"0";"0";"0";"0";"14500,00";"25900,00";;"5%";;
"310281N22NB 99 60";"1120209613";"1642896341";"04630308324100";"Куртка зимняя большие размеры с верблюдом NortFolk";"'42";"NortFolk";"Готов к продаже";;"3";"'5.00";;"2024-07-23 14:04:20";"Одежда";"Куртка";"'18.90";"'3.8";"0";"0";"0";"0";"0";"20500,00";"35500,00";;"5%";;
"301591N15N 165 48";"1120209614";"1637310907";"04610279095926";"Куртка утепленная NortFolk";"'57";"NortFolk";"Готов к продаже";;"2";"'4.90";;"2024-07-23 14:04:20";"Одежда";"Куртка";"'17.55";"'3.5";"0";"0";"0";"0";"0";"13160,00";"21150,00";;"5%";;
"301591N15N 100 52";"1120209615";"1637310982";"04610279096008";"Куртка утепленная NortFolk";"'52.5";"NortFolk";"Готов к продаже";;"2";"'4.90";;"2024-07-23 14:04:20";"Одежда";"Куртка";"'17.55";"'3.5";"0";"0";"0";"0";"0";"13160,00";"21150,00";;"5%";;
"310281N22NB 97 62";"1120209616";"1642922778";"04630308324094";"Куртка зимняя большие размеры с верблюдом NortFolk";"'37.5";"NortFolk";"Готов к продаже";;"5";"'5.00";;"2024-07-23 14:04:20";"Одежда";"Куртка";"'25.20";"'5.0";"0";"0";"0";"0";"0";"20500,00";"35500,00";;"5%";;
"427340Y15N 100 52";"1120209617";"1642735463";"04640314410643";"Куртка женская NortFolk с SUGENRO";"'69.5";"NortFolk";"Продается";;"11";"'4.90";;"2024-07-23 14:04:20";"Одежда";"Куртка";"'23.40";"'4.7";"3";"1";"0";"0";"0";"19950,00";"34450,00";;"5%";;
"427340Y15N 25 58";"1120209619";"1642740207";"04660426876533";"Куртка женская NortFolk с SUGENRO";"'69.5";"NortFolk";"Продается";;"6";"'4.90";;"2024-07-23 14:04:20";"Одежда";"Куртка";"'23.40";"'4.7";"3";"0";"0";"0";"0";"19950,00";"34450,00";;"5%";;
"611430N10C 99 50";"1120209620";"1637040146";"04640314026431";"Куртка женская демисезонная City Classic";"'69.5";"City Classic";"Готов к продаже";;"4";"'4.90";;"2024-07-23 14:04:20";"Одежда";"Куртка";"'23.40";"'4.7";"0";"0";"0";"0";"0";"17230,00";"25100,00";;"5%";;
"427340Y15N 25 46";"1120209625";"1642740203";"04660426876373";"Куртка женская NortFolk с SUGENRO";"'69.5";"NortFolk";"Продается";;"7";"'4.90";;"2024-07-23 14:04:21";"Одежда";"Куртка";"'23.40";"'4.7";"4";"0";"0";"0";"0";"19950,00";"34450,00";;"5%";;
"176821N10N 99 48";"1120209626";"1637221738";"04670126883007";"Куртка мужская демисезонная NortFolk";"'54.5";"NortFolk";"Готов к продаже";;"2";"'5.00";;"2024-07-23 14:04:21";"Одежда";"Куртка";"'14.62";"'2.9";"0";"0";"0";"0";"0";"13150,00";"34500,00";;"5%";;
"427340Y15N 100 48";"1120209627";"1642735267";"04640314410629";"Куртка женская NortFolk с SUGENRO";"'69.5";"NortFolk";"Продается";;"8";"'4.90";;"2024-07-23 14:04:21";"Одежда";"Куртка";"'23.40";"'4.7";"1";"0";"0";"0";"0";"19950,00";"34450,00";;"5%";;
"736951N11N 97 50";"1120209630";"1642758397";"04680351661240";"Куртка мужская демисезонная NortFolk";"'42";"NortFolk";"Готов к продаже";;"2";"'5.00";;"2024-07-23 14:04:21";"Одежда";"Куртка";"'11.38";"'2.3";"0";"0";"0";"0";"0";"14050,00";"34500,00";;"5%";;
"326591F22N 106 56";"1120209635";"1644501561";"04680351471245";"Куртка мужская зимняя с капюшоном NortFolk";"'54.5";"NortFolk";"Готов к продаже";;"1";"'5.00";;"2024-07-23 14:04:21";"Одежда";"Куртка";"'15.75";"'3.2";"0";"0";"0";"0";"0";"24900,00";"42500,00";;"5%";;
"427340Y15N 25 48";"1120209636";"1642740204";"04660426876380";"Куртка женская NortFolk с SUGENRO";"'69.5";"NortFolk";"Продается";;"10";"'4.90";;"2024-07-23 14:04:21";"Одежда";"Куртка";"'23.40";"'4.7";"2";"0";"0";"0";"0";"19950,00";"34450,00";;"5%";;
"301591N15N 165 58";"1120209637";"1637310749";"04610279095971";"Куртка утепленная NortFolk";"'57";"NortFolk";"Готов к продаже";;"3";"'4.90";;"2024-07-23 14:04:21";"Одежда";"Куртка";"'17.55";"'3.5";"0";"0";"0";"0";"0";"16500,00";"21150,00";;"5%";;
"427340Y15N 255 50";"1120209638";"1642731788";"04660426876458";"Куртка женская NortFolk с SUGENRO";"'69.5";"NortFolk";"Готов к продаже";;"12";"'4.90";;"2024-07-23 14:04:21";"Одежда";"Куртка";"'23.40";"'4.7";"0";"0";"0";"0";"0";"19950,00";"34450,00";;"5%";;
"737951N10C 99 46";"1120209639";"1642767780";"04660227657980";"Куртка мужская демисезонная City Classic";"'42";"City Classic";"Продается";;"1";"'4.90";;"2024-07-23 14:04:21";"Одежда";"Куртка";"'18.90";"'3.8";"5";"0";"0";"0";"0";"15900,00";"22500,00";;"5%";;
"427340Y15N 159-23 52";"1120209640";"1642749759";"04660426876588";"Куртка женская NortFolk с SUGENRO";"'69.5";"NortFolk";"Продается";;"4";"'4.90";;"2024-07-23 14:04:21";"Одежда";"Куртка";"'23.40";"'4.7";"3";"0";"0";"0";"0";"19950,00";"34450,00";;"5%";;
"206791N15N 99/99 50";"1120209641";"1637261098";"04640314021474";"Куртка мужская демисезонная NortFolk";"'42";"NortFolk";"Готов к продаже";;"4";"'5.00";;"2024-07-23 14:04:21";"Одежда";"Куртка";"'14.62";"'2.9";"0";"0";"0";"0";"0";"14500,00";"25900,00";;"5%";;
"301591N15N 100 56";"1120209642";"1637310942";"04610279096022";"Куртка утепленная NortFolk";"'52.5";"NortFolk";"Готов к продаже";;"4";"'4.90";;"2024-07-23 14:04:21";"Одежда";"Куртка";"'17.55";"'3.5";"0";"0";"0";"0";"0";"13160,00";"21150,00";;"5%";;
"427340Y15N 100 44";"1120209644";"1642717082";"04660426876502";"Куртка женская NortFolk с SUGENRO";"'69.5";"NortFolk";"Продается";;"3";"'4.90";;"2024-07-23 14:04:21";"Одежда";"Куртка";"'23.40";"'4.7";"6";"0";"0";"0";"0";"19950,00";"34450,00";;"5%";;
"611430N10C 25 56";"1120209650";"1637078012";"04640314026066";"Куртка женская демисезонная City Classic";"'69.5";"City Classic";"Готов к продаже";;"1";"'4.90";;"2024-07-23 14:04:21";"Одежда";"Куртка";"'23.40";"'4.7";"0";"0";"0";"0";"0";"17230,00";"25100,00";;"5%";;
"310281N22N 90 52";"1120209660";"1642846283";"04680351435636";"Куртка зимняя с верблюдом NortFolk";"'37.5";"NortFolk";"Готов к продаже";;"1";"'5.00";;"2024-07-23 14:04:23";"Одежда";"Куртка";"'22.40";"'4.5";"0";"0";"0";"0";"0";"19907,00";"34500,00";;"5%";;
"302281N22N 99 52";"1120209661";"1637369351";"04610279096725";"Куртка зимняя на утеплителе с верблюжьей шерстью NortFolk";"'67";"NortFolk";"Готов к продаже";;"2";"'5.00";;"2024-07-23 14:04:23";"Одежда";"Куртка";"'23.40";"'4.7";"0";"0";"0";"0";"0";"20550,00";"35840,00";;"5%";;
"301591N15N 100 58";"1120209662";"1637310979";"04610279096039";"Куртка утепленная NortFolk";"'52.5";"NortFolk";"Готов к продаже";;"2";"'4.90";;"2024-07-23 14:04:23";"Одежда";"Куртка";"'17.55";"'3.5";"0";"0";"0";"0";"0";"16500,00";"21150,00";;"5%";;
"310281N22NB 105-1 62";"1120209666";"1642910337";"04630308324179";"Куртка зимняя большие размеры с верблюдом NortFolk";"'42";"NortFolk";"Готов к продаже";;"2";"'5.00";;"2024-07-23 14:04:23";"Одежда";"Куртка";"'25.20";"'5.0";"0";"0";"0";"0";"0";"20500,00";"35500,00";;"5%";;
"326591F22NB 100 62";"1120209667";"1644501619";"04680351471474";"Куртка мужская зимняя с капюшоном NortFolk";"'54.5";"NortFolk";"Готов к продаже";;"1";"'5.00";;"2024-07-23 14:04:23";"Одежда";"Куртка";"'15.75";"'3.2";"0";"0";"0";"0";"0";"25900,00";"43500,00";;"5%";;
"611430N10C 25 50";"1120209668";"1637078463";"04640314026035";"Куртка женская демисезонная City Classic";"'69.5";"City Classic";"Продается";;"1";"'4.90";;"2024-07-23 14:04:23";"Одежда";"Куртка";"'23.40";"'4.7";"1";"0";"0";"0";"0";"17230,00";"25100,00";;"5%";;
"427340Y15N 159-23 58";"1120209672";"1642748955";"04660426876618";"Куртка женская NortFolk с SUGENRO";"'69.5";"NortFolk";"Продается";;"3";"'4.90";;"2024-07-23 14:04:23";"Одежда";"Куртка";"'23.40";"'4.7";"5";"0";"0";"0";"0";"19950,00";"34450,00";;"5%";;
"611430N10C 25 54";"1120209676";"1637077753";"04640314026059";"Куртка женская демисезонная City Classic";"'69.5";"City Classic";"Продается";;"1";"'4.90";;"2024-07-23 14:04:23";"Одежда";"Куртка";"'23.40";"'4.7";"1";"0";"0";"0";"0";"17230,00";"25100,00";;"5%";;
"427340Y15N 159-23 54";"1120209677";"1642748876";"04660426876595";"Куртка женская NortFolk с SUGENRO";"'69.5";"NortFolk";"Продается";;"2";"'4.90";;"2024-07-23 14:04:23";"Одежда";"Куртка";"'23.40";"'4.7";"2";"0";"0";"0";"0";"19950,00";"34450,00";;"5%";;
"756951N10С 181 52";"1120209678";"1637156279";;"верхняя одежда";"'34.5";"NortFolk";"Готов к продаже";;"0";"'0.00";;"2024-07-23 14:04:23";"Одежда";"Куртка";"'23.40";"'4.7";"0";"0";"0";"0";"0";"11950,00";"15900,00";;"5%";;
"176821N10N 105 52";"1120209679";"1637222145";"04670126883168";"Куртка мужская демисезонная NortFolk";"'54.5";"NortFolk";"Готов к продаже";;"1";"'5.00";;"2024-07-23 14:04:23";"Одежда";"Куртка";"'14.62";"'2.9";"0";"0";"0";"0";"0";"13150,00";"34500,00";;"5%";;
"427340Y15N 255 48";"1120209680";"1642731743";"04660426876441";"Куртка женская NortFolk с SUGENRO";"'69.5";"NortFolk";"Продается";;"7";"'4.90";;"2024-07-23 14:04:23";"Одежда";"Куртка";"'23.40";"'4.7";"4";"0";"0";"0";"0";"19950,00";"34450,00";;"5%";;
"302281N22N 99 56";"1120209681";"1637369867";"04610279096749";"Куртка зимняя на утеплителе с верблюжьей шерстью NortFolk";"'67";"NortFolk";"Готов к продаже";;"1";"'5.00";;"2024-07-23 14:04:23";"Одежда";"Куртка";"'23.40";"'4.7";"0";"0";"0";"0";"0";"20550,00";"35840,00";;"5%";;
"427340Y15N 100 58";"1120209682";"1642735178";"04680654250981";"Куртка женская NortFolk с SUGENRO";"'69.5";"NortFolk";"Продается";;"6";"'4.90";;"2024-07-23 14:04:23";"Одежда";"Куртка";"'23.40";"'4.7";"2";"0";"0";"0";"0";"19950,00";"34450,00";;"5%";;
"427340Y15N 255 54";"1120209693";"1642731753";"04680654250806";"Куртка женская NortFolk с SUGENRO";"'69.5";"NortFolk";"Продается";;"7";"'4.90";;"2024-07-23 14:04:23";"Одежда";"Куртка";"'23.40";"'4.7";"2";"0";"0";"0";"0";"19950,00";"34450,00";;"5%";;
"427340Y15N 159-23 48";"1120209702";"1642749703";"04660426876564";"Куртка женская NortFolk с SUGENRO";"'69.5";"NortFolk";"Продается";;"5";"'4.90";;"2024-07-23 14:04:23";"Одежда";"Куртка";"'23.40";"'4.7";"2";"0";"0";"0";"0";"19950,00";"34450,00";;"5%";;
"802950N10N-1 100 48";"1120209705";"1637202045";"04680351552593";"Куртка женская демисезонная стеганая удлиненная NortFolk";"'37.5";"NortFolk";"Готов к продаже";;"1";"'4.50";;"2024-07-23 14:04:23";"Одежда";"Куртка";"'17.55";"'3.5";"0";"0";"0";"0";"0";"13150,00";"25900,00";;"5%";;
"737951N10C 97 52";"1120209720";"1650036902";"04680806036555";"Куртка мужская демисезонная City Classic";"'44.5";"City Classic";"Продается";;"1";"'4.90";;"2024-07-23 14:04:24";"Одежда";"Куртка";"'18.90";"'3.8";"5";"0";"0";"0";"0";"15900,00";"22500,00";;"5%";;
"736951N11N 165 50";"1120209728";"1642758664";"04680351661035";"Куртка мужская демисезонная NortFolk";"'42";"NortFolk";"Готов к продаже";;"2";"'5.00";;"2024-07-23 14:04:25";"Одежда";"Куртка";"'11.38";"'2.3";"0";"0";"0";"0";"0";"14050,00";"34500,00";;"5%";;
"301591N15N 165 54";"1120209731";"1637311003";"04610279095957";"Куртка утепленная NortFolk";"'57";"NortFolk";"Готов к продаже";;"2";"'4.90";;"2024-07-23 14:04:25";"Одежда";"Куртка";"'17.39";"'3.5";"0";"0";"0";"0";"0";"13160,00";"21150,00";;"5%";;
"427340Y15N 255 56";"1120209745";"1642731801";"04660426876489";"Куртка женская NortFolk с SUGENRO";"'69.5";"NortFolk";"Продается";;"12";"'4.90";;"2024-07-23 14:04:26";"Одежда";"Куртка";"'23.40";"'4.7";"4";"0";"0";"0";"0";"19950,00";"34450,00";;"5%";;
"326591F22N 106 58";"1120209746";"1644501631";"04630187541469";"Куртка мужская зимняя с капюшоном NortFolk";"'54.5";"NortFolk";"Готов к продаже";;"1";"'5.00";;"2024-07-23 14:04:26";"Одежда";"Куртка";"'15.75";"'3.2";"0";"0";"0";"0";"0";"24900,00";"42500,00";;"5%";;
"310281N22NB 99 70";"1120209747";"1642895784";"04630308324155";"Куртка зимняя большие размеры с верблюдом NortFolk";"'42";"NortFolk";"Готов к продаже";;"3";"'5.00";;"2024-07-23 14:04:27";"Одежда";"Куртка";"'18.90";"'3.8";"0";"0";"0";"0";"0";"20500,00";"35500,00";;"5%";;
"737951N10C 98 50";"1120209783";"1650037101";;"Куртка мужская демисезонная City Classic";"'37.5";"City Classic";"Готов к продаже";;"0";"'0.00";;"2024-07-23 14:04:29";"Одежда";"Куртка";"'18.90";"'3.8";"0";"0";"0";"0";"0";"15900,00";"22500,00";;"5%";;
"427340Y15N 100 46";"1120209784";"1642735126";"04640314410612";"Куртка женская NortFolk с SUGENRO";"'69.5";"NortFolk";"Продается";;"7";"'4.90";;"2024-07-23 14:04:29";"Одежда";"Куртка";"'23.40";"'4.7";"3";"0";"0";"0";"0";"19950,00";"34450,00";;"5%";;
"611430N10C 25 48";"1120209785";"1637078346";"04640314026028";"Куртка женская демисезонная City Classic";"'69.5";"City Classic";"Готов к продаже";;"4";"'4.90";;"2024-07-23 14:04:29";"Одежда";"Куртка";"'23.40";"'4.7";"0";"0";"0";"0";"0";"17230,00";"25100,00";;"5%";;
"301591N15N 165 56";"1120209787";"1637310687";"04610279095964";"Куртка утепленная NortFolk";"'57";"NortFolk";"Готов к продаже";;"4";"'4.90";;"2024-07-23 14:04:29";"Одежда";"Куртка";"'17.55";"'3.5";"0";"0";"0";"0";"0";"13160,00";"21150,00";;"5%";;
"611430N10C 99 46";"1120209788";"1637026451";"04640314026417";"Куртка женская демисезонная City Classic";"'69.5";"City Classic";"Продается";;"1";"'4.90";;"2024-07-23 14:04:29";"Одежда";"Куртка";"'23.40";"'4.7";"1";"0";"0";"0";"0";"17230,00";"25100,00";;"5%";;
"326591F22N 99 48";"1120209790";"1644501544";"04630187541483";"Куртка мужская зимняя с капюшоном NortFolk";"'54.5";"NortFolk";"Готов к продаже";;"3";"'5.00";;"2024-07-23 14:04:29";"Одежда";"Куртка";"'15.75";"'3.2";"0";"0";"0";"0";"0";"24900,00";"42500,00";;"5%";;
"780951N11NJ 97 54";"1127543663";"1642785822";"04610279088362";"Жилет утепленный NortFolk";"'69.5";"NortFolk";"Готов к продаже";;"9";"'4.90";;"2024-07-30 11:36:29";"Одежда";"Жилет";"'26.55";"'5.3";"0";"0";"0";"0";"0";"11350,00";"20150,00";;"5%";;"Изменить габариты и вес нельзя: мы уже замерили их и закрепили за карточкой товара. Если заметили неточность, напишите в поддержку — всё проверим и исправим."
"780951N11NJ 97 52";"1127543682";"1642785993";"04610279088355";"Жилет утепленный NortFolk";"'69.5";"NortFolk";"Готов к продаже";;"4";"'4.90";;"2024-07-30 11:36:32";"Одежда";"Жилет";"'10.50";"'2.1";"0";"0";"0";"0";"0";"11350,00";"20150,00";;"5%";;
"780951N11NJ 206 58";"1127550661";"1642793043";"04610279088249";"Жилет утепленный NortFolk";"'65";"NortFolk";"Продается";;"6";"'4.90";;"2024-07-30 11:42:00";"Одежда";"Жилет";"'33.72";"'6.7";"2";"0";"0";"0";"0";"11350,00";"20150,00";;"5%";;"Изменить габариты и вес нельзя: мы уже замерили их и закрепили за карточкой товара. Если заметили неточность, напишите в поддержку — всё проверим и исправим."
"780951N11NJ 206 50";"1127550708";"1642793021";"04660227548301";"Жилет утепленный NortFolk";"'65";"NortFolk";"Продается";;"5";"'4.90";;"2024-07-30 11:42:01";"Одежда";"Жилет";"'10.50";"'2.1";"2";"0";"0";"0";"0";"11350,00";"20150,00";;"5%";;
"780951N11NJ 77 60";"1127556978";"1642798787";"04610279088461";"Жилет утепленный NortFolk";"'65";"NortFolk";"Готов к продаже";;"6";"'5.00";;"2024-07-30 11:47:45";"Одежда";"Жилет";"'10.50";"'2.1";"0";"0";"0";"0";"0";"11350,00";"20150,00";;"5%";;
"429340Y21C 25 58";"1129425623";"1644538890";"04680654252008";"Куртка женская City Classic";"'54.5";"City Classic";"Готов к продаже";;"2";"'4.90";;"2024-08-01 02:59:11";"Одежда";"Куртка";"'15.60";"'3.1";"0";"0";"0";"0";"0";"16800,00";"24700,00";;"5%";;
"429340Y21C 05 50";"1129429324";"1644542503";"2085302943925";"Куртка женская City Classic";"'54.5";"City Classic";"Готов к продаже";;"0";"'4.90";;"2024-08-01 03:05:55";"Одежда";"Куртка";"'15.60";"'3.1";"0";"0";"0";"0";"0";"16800,00";"24700,00";;"5%";;
"433590Y21N 99/18 46";"1133962146";"1648692355";"04680654253586";"Куртка зимняя женская NortFolk";"'69.5";"NortFolk";"Продается";;"6";"'4.90";;"2024-08-05 07:56:00";"Одежда";"Куртка";"'12.60";"'2.5";"5";"0";"0";"0";"0";"21990,00";"26900,00";;"5%";;
"533791N28N 100 54";"1134074198";"1648787590";"04640314120955";"Куртка мужская зимняя с капюшоном NortFolk";"'69.5";"NortFolk";"Готов к продаже";;"1";"'4.70";;"2024-08-05 08:48:05";"Одежда";"Куртка";"'18.90";"'3.8";"0";"0";"0";"0";"0";"21500,00";"38500,00";;"5%";;
"533791N28N 753 48";"1134074203";"1648787750";"04640314120757";"Куртка мужская зимняя с капюшоном NortFolk";"'69.5";"NortFolk";"Готов к продаже";;"1";"'4.70";;"2024-08-05 08:48:05";"Одежда";"Куртка";"'18.90";"'3.8";"0";"0";"0";"0";"0";"21500,00";"38500,00";;"5%";;
"533791N28N 753 54";"1134074205";"1648787640";"04640314120788";"Куртка мужская зимняя с капюшоном NortFolk";"'69.5";"NortFolk";"Готов к продаже";;"0";"'4.70";;"2024-08-05 08:48:05";"Одежда";"Куртка";"'18.90";"'3.8";"0";"0";"0";"0";"0";"21500,00";"38500,00";;"5%";;
"533791N28N 73 52";"1134074207";"1648787757";"04640314120832";"Куртка мужская зимняя с капюшоном NortFolk";"'69.5";"NortFolk";"Продается";;"3";"'4.70";;"2024-08-05 08:48:05";"Одежда";"Куртка";"'18.90";"'3.8";"1";"0";"0";"0";"0";"21500,00";"38500,00";;"5%";;
"533791N28N 753 52";"1134074210";"1648787793";"04640314120771";"Куртка мужская зимняя с капюшоном NortFolk";"'69.5";"NortFolk";"Готов к продаже";;"3";"'4.70";;"2024-08-05 08:48:05";"Одежда";"Куртка";"'18.90";"'3.8";"0";"0";"0";"0";"0";"21500,00";"38500,00";;"5%";;
"533791N28N 100 50";"1134074215";"1648787804";"04640314120931";"Куртка мужская зимняя с капюшоном NortFolk";"'69.5";"NortFolk";"Продается";;"0";"'4.70";;"2024-08-05 08:48:05";"Одежда";"Куртка";"'18.90";"'3.8";"1";"0";"0";"0";"0";"21500,00";"38500,00";;"5%";;
"533791N28N 73 48";"1134074220";"1648787644";"04640314120818";"Куртка мужская зимняя с капюшоном NortFolk";"'69.5";"NortFolk";"Продается";;"1";"'4.70";;"2024-08-05 08:48:05";"Одежда";"Куртка";"'18.90";"'3.8";"2";"0";"0";"0";"0";"21500,00";"38500,00";;"5%";;
"533791N28N 100 58";"1134074233";"1648788050";"04640314120979";"Куртка мужская зимняя с капюшоном NortFolk";"'69.5";"NortFolk";"Продается";;"0";"'4.70";;"2024-08-05 08:48:06";"Одежда";"Куртка";"'18.90";"'3.8";"1";"0";"0";"0";"0";"21500,00";"38500,00";;"5%";;
"533791N28N 99 48";"1134074234";"1648787799";"04640314120856";"Куртка мужская зимняя с капюшоном NortFolk";"'69.5";"NortFolk";"Готов к продаже";;"2";"'4.70";;"2024-08-05 08:48:06";"Одежда";"Куртка";"'18.90";"'3.8";"0";"0";"0";"0";"0";"21500,00";"38500,00";;"5%";;
"533791N28N 99 54";"1134074246";"1648787814";"04640314120887";"Куртка мужская зимняя с капюшоном NortFolk";"'69.5";"NortFolk";"Продается";;"2";"'4.70";;"2024-08-05 08:48:06";"Одежда";"Куртка";"'18.90";"'3.8";"1";"0";"0";"0";"0";"21500,00";"38500,00";;"5%";;
"533791N28N 100 48";"1134074249";"1648788141";"04640314120924";"Куртка мужская зимняя с капюшоном NortFolk";"'69.5";"NortFolk";"Продается";;"1";"'4.70";;"2024-08-05 08:48:06";"Одежда";"Куртка";"'18.90";"'3.8";"1";"0";"0";"0";"0";"21500,00";"38500,00";;"5%";;
"533791N28N 99 50";"1134074250";"1648787893";"04640314120863";"Куртка мужская зимняя с капюшоном NortFolk";"'69.5";"NortFolk";"Продается";;"1";"'4.70";;"2024-08-05 08:48:06";"Одежда";"Куртка";"'18.90";"'3.8";"1";"0";"0";"0";"0";"21500,00";"38500,00";;"5%";;
"533791N28N 73 50";"1134074251";"1648787632";"04640314120825";"Куртка мужская зимняя с капюшоном NortFolk";"'69.5";"NortFolk";"Готов к продаже";;"2";"'4.70";;"2024-08-05 08:48:06";"Одежда";"Куртка";"'18.90";"'3.8";"0";"0";"0";"0";"0";"21500,00";"38500,00";;"5%";;
"533791N28N 99 58";"1134074252";"1648787810";"04640314120900";"Куртка мужская зимняя с капюшоном NortFolk";"'69.5";"NortFolk";"Готов к продаже";;"0";"'4.70";;"2024-08-05 08:48:06";"Одежда";"Куртка";"'18.90";"'3.8";"0";"0";"0";"0";"0";"21500,00";"38500,00";;"5%";;
"533791N28N 73 54";"1134074262";"1648787815";"04640314120849";"Куртка мужская зимняя с капюшоном NortFolk";"'69.5";"NortFolk";"Готов к продаже";;"1";"'4.70";;"2024-08-05 08:48:07";"Одежда";"Куртка";"'18.90";"'3.8";"0";"0";"0";"0";"0";"21500,00";"38500,00";;"5%";;
"533791N28N 73 58";"1134074273";"1648787966";"04640314121013";"Куртка мужская зимняя с капюшоном NortFolk";"'69.5";"NortFolk";"Готов к продаже";;"0";"'4.70";;"2024-08-05 08:48:07";"Одежда";"Куртка";"'18.90";"'3.8";"0";"0";"0";"0";"0";"21500,00";"38500,00";;"5%";;
"533791N28N 73 56";"1134074276";"1648787726";"04640314121006";"Куртка мужская зимняя с капюшоном NortFolk";"'69.5";"NortFolk";"Продается";;"0";"'4.70";;"2024-08-05 08:48:07";"Одежда";"Куртка";"'18.90";"'3.8";"2";"0";"0";"0";"0";"21500,00";"38500,00";;"5%";;
"533791N28N 753 56";"1134074278";"1648788064";"04640314120795";"Куртка мужская зимняя с капюшоном NortFolk";"'69.5";"NortFolk";"Продается";;"0";"'4.70";;"2024-08-05 08:48:07";"Одежда";"Куртка";"'18.90";"'3.8";"1";"0";"0";"0";"0";"21500,00";"38500,00";;"5%";;
"533791N28N 753 50";"1134074280";"1648787732";"04640314120764";"Куртка мужская зимняя с капюшоном NortFolk";"'69.5";"NortFolk";"Готов к продаже";;"1";"'4.70";;"2024-08-05 08:48:07";"Одежда";"Куртка";"'18.90";"'3.8";"0";"0";"0";"0";"0";"21500,00";"38500,00";;"5%";;
"533791N28N 753 58";"1134074281";"1648787971";"04640314120801";"Куртка мужская зимняя с капюшоном NortFolk";"'69.5";"NortFolk";"Готов к продаже";;"2";"'4.70";;"2024-08-05 08:48:07";"Одежда";"Куртка";"'18.90";"'3.8";"0";"0";"0";"0";"0";"21500,00";"38500,00";;"5%";;
"533791N28N 100 52";"1134074282";"1648787846";"04640314120948";"Куртка мужская зимняя с капюшоном NortFolk";"'69.5";"NortFolk";"Готов к продаже";;"1";"'4.70";;"2024-08-05 08:48:07";"Одежда";"Куртка";"'18.90";"'3.8";"0";"0";"0";"0";"0";"21500,00";"38500,00";;"5%";;
"533791N28N 100 56";"1134074291";"1648787945";"04640314120962";"Куртка мужская зимняя с капюшоном NortFolk";"'69.5";"NortFolk";"Продается";;"1";"'4.70";;"2024-08-05 08:48:08";"Одежда";"Куртка";"'18.90";"'3.8";"1";"0";"0";"0";"0";"21500,00";"38500,00";;"5%";;
"533791N28N 99 56";"1134074296";"1648788287";"04640314120894";"Куртка мужская зимняя с капюшоном NortFolk";"'69.5";"NortFolk";"Продается";;"0";"'4.70";;"2024-08-05 08:48:08";"Одежда";"Куртка";"'18.90";"'3.8";"1";"0";"0";"0";"0";"21500,00";"38500,00";;"5%";;
"533791N28N 99 52";"1134074297";"1648787807";"04640314120870";"Куртка мужская зимняя с капюшоном NortFolk";"'69.5";"NortFolk";"Продается";;"2";"'4.70";;"2024-08-05 08:48:08";"Одежда";"Куртка";"'18.90";"'3.8";"1";"0";"0";"0";"0";"21500,00";"38500,00";;"5%";;
"533791N28N 99 46";"1134080264";"1648795890";"04640314120986";"Куртка мужская зимняя с капюшоном NortFolk";"'69.5";"NortFolk";"Продается";;"1";"'4.70";;"2024-08-05 08:52:38";"Одежда";"Куртка";"'18.90";"'3.8";"1";"0";"0";"0";"0";"21500,00";"38500,00";;"5%";;
"535361F21N 100 58";"1134085590";"1648800922";"04680351304666";"Куртка мужская зимняя NortFolk";"'54.5";"NortFolk";"Готов к продаже";;"0";"'5.00";;"2024-08-05 08:56:38";"Одежда";"Куртка";"'14.00";"'2.8";"0";"0";"0";"0";"0";"25000,00";"32900,00";;"5%";;
"617280Y15N 200 50";"1134109713";"1648821408";"04680654256259";"Куртка зимняя NortFolk";"'69.5";"NortFolk";"Продается";;"2";"'4.70";;"2024-08-05 09:14:53";"Одежда";"Куртка";"'19.50";"'3.9";"1";"0";"0";"0";"0";"18500,00";"23700,00";;"5%";;
"617280Y15N 78 46";"1134109715";"1648821503";"04680654256167";"Куртка зимняя NortFolk";"'69.5";"NortFolk";"Готов к продаже";;"3";"'4.70";;"2024-08-05 09:14:53";"Одежда";"Куртка";"'19.50";"'3.9";"0";"0";"0";"0";"0";"18500,00";"23700,00";;"5%";;
"617280Y15N 200 56";"1134109730";"1648821617";"04680654256280";"Куртка зимняя NortFolk";"'65";"NortFolk";"Готов к продаже";;"1";"'4.70";;"2024-08-05 09:14:55";"Одежда";"Куртка";"'19.50";"'3.9";"0";"0";"0";"0";"0";"18500,00";"23700,00";;"5%";;
"617280Y15N FS 54";"1134109746";"1648821553";"04680654256372";"Куртка зимняя NortFolk";"'69.5";"NortFolk";"Готов к продаже";;"3";"'4.70";;"2024-08-05 09:14:57";"Одежда";"Куртка";"'19.50";"'3.9";"0";"0";"0";"0";"0";"18500,00";"23700,00";;"5%";;
"617280Y15N 225 50";"1134109749";"1648821436";"04680654256532";"Куртка зимняя NortFolk";"'69.5";"NortFolk";"Готов к продаже";;"4";"'4.70";;"2024-08-05 09:14:57";"Одежда";"Куртка";"'19.50";"'3.9";"0";"0";"0";"0";"0";"18500,00";"23700,00";;"5%";;
"617280Y15N 225 52";"1134109767";"1648821409";"04680654256549";"Куртка зимняя NortFolk";"'69.5";"NortFolk";"Готов к продаже";;"1";"'4.70";;"2024-08-05 09:14:57";"Одежда";"Куртка";"'19.50";"'3.9";"0";"0";"0";"0";"0";"18500,00";"23700,00";;"5%";;
"617280Y15N 78 56";"1134109769";"1648821687";"04680654256211";"Куртка зимняя NortFolk";"'69.5";"NortFolk";"Готов к продаже";;"1";"'4.70";;"2024-08-05 09:14:57";"Одежда";"Куртка";"'19.50";"'3.9";"0";"0";"0";"0";"0";"18500,00";"23700,00";;"5%";;
"617280Y15N FS 56";"1134109770";"1648821635";"04680654256389";"Куртка зимняя NortFolk";"'69.5";"NortFolk";"Готов к продаже";;"1";"'4.70";;"2024-08-05 09:14:57";"Одежда";"Куртка";"'19.50";"'3.9";"0";"0";"0";"0";"0";"18500,00";"23700,00";;"5%";;
"617280Y15N 90 52";"1134109788";"1648821346";"04680654256457";"Куртка зимняя NortFolk";"'69.5";"NortFolk";"Готов к продаже";;"7";"'4.70";;"2024-08-05 09:14:57";"Одежда";"Куртка";"'19.50";"'3.9";"0";"0";"0";"0";"0";"18500,00";"23700,00";;"5%";;
"617280Y15N 78 50";"1134109789";"1648821514";"04660227271575";"Куртка зимняя NortFolk";"'69.5";"NortFolk";"Готов к продаже";;"5";"'4.70";;"2024-08-05 09:14:58";"Одежда";"Куртка";"'19.50";"'3.9";"0";"0";"0";"0";"0";"18500,00";"23700,00";;"5%";;
"617280Y15N 90 46";"1134109800";"1648821741";"04680654256426";"Куртка зимняя NortFolk";"'69.5";"NortFolk";"Готов к продаже";;"0";"'4.70";;"2024-08-05 09:14:58";"Одежда";"Куртка";"'19.50";"'3.9";"0";"0";"0";"0";"0";"18500,00";"23700,00";;"5%";;
"617280Y15N 200 54";"1134109801";"1648821425";"04680654256273";"Куртка зимняя NortFolk";"'69.5";"NortFolk";"Готов к продаже";;"2";"'4.70";;"2024-08-05 09:14:58";"Одежда";"Куртка";"'19.50";"'3.9";"0";"0";"0";"0";"0";"18500,00";"23700,00";;"5%";;
"617280Y15N 225 48";"1134109802";"1648821518";"04680654256525";"Куртка зимняя NortFolk";"'69.5";"NortFolk";"Готов к продаже";;"4";"'4.70";;"2024-08-05 09:14:58";"Одежда";"Куртка";"'19.50";"'3.9";"0";"0";"0";"0";"0";"18500,00";"23700,00";;"5%";;
"617280Y15N 90 54";"1134109814";"1648821667";"04680654256464";"Куртка зимняя NortFolk";"'69.5";"NortFolk";"Готов к продаже";;"1";"'4.70";;"2024-08-05 09:14:58";"Одежда";"Куртка";"'19.50";"'3.9";"0";"0";"0";"0";"0";"18500,00";"23700,00";;"5%";;
"617280Y15N 200 48";"1134109816";"1648821385";"04610279063895";"Куртка зимняя NortFolk";"'69.5";"NortFolk";"Продается";;"8";"'4.70";;"2024-08-05 09:14:58";"Одежда";"Куртка";"'19.50";"'3.9";"2";"0";"0";"0";"0";"18500,00";"23700,00";;"5%";;
"617280Y15N FS 46";"1134109828";"1648821470";"04680654256334";"Куртка зимняя NortFolk";"'69.5";"NortFolk";"Продается";;"2";"'4.70";;"2024-08-05 09:14:58";"Одежда";"Куртка";"'19.50";"'3.9";"1";"0";"0";"0";"0";"18500,00";"23700,00";;"5%";;
"617280Y15N FS 52";"1134109868";"1648821636";"04680654256365";"Куртка зимняя NortFolk";"'69.5";"NortFolk";"Готов к продаже";;"3";"'4.70";;"2024-08-05 09:15:00";"Одежда";"Куртка";"'19.50";"'3.9";"0";"0";"0";"0";"0";"18500,00";"23700,00";;"5%";;
"617280Y15N 78 52";"1134109869";"1648821745";"04680654256198";"Куртка зимняя NortFolk";"'69.5";"NortFolk";"Готов к продаже";;"2";"'4.70";;"2024-08-05 09:15:00";"Одежда";"Куртка";"'19.50";"'3.9";"0";"0";"0";"0";"0";"18500,00";"23700,00";;"5%";;
"617280Y15N 225 54";"1134109880";"1648821642";"04680654256556";"Куртка зимняя NortFolk";"'69.5";"NortFolk";"Готов к продаже";;"1";"'4.70";;"2024-08-05 09:15:00";"Одежда";"Куртка";"'19.50";"'3.9";"0";"0";"0";"0";"0";"18500,00";"23700,00";;"5%";;
"617280Y15N 78 48";"1134109905";"1648821650";"04680654256174";"Куртка зимняя NortFolk";"'69.5";"NortFolk";"Готов к продаже";;"3";"'4.70";;"2024-08-05 09:15:01";"Одежда";"Куртка";"'19.50";"'3.9";"0";"0";"0";"0";"0";"18500,00";"23700,00";;"5%";;
"617280Y15N 225 46";"1134109908";"1648821491";"04680654256518";"Куртка зимняя NortFolk";"'69.5";"NortFolk";"Готов к продаже";;"3";"'4.70";;"2024-08-05 09:15:01";"Одежда";"Куртка";"'19.50";"'3.9";"0";"0";"0";"0";"0";"18500,00";"23700,00";;"5%";;
"617280Y15N FS 48";"1134109918";"1648821349";"04680654256341";"Куртка зимняя NortFolk";"'69.5";"NortFolk";"Готов к продаже";;"1";"'4.70";;"2024-08-05 09:15:01";"Одежда";"Куртка";"'19.50";"'3.9";"0";"0";"0";"0";"0";"18500,00";"23700,00";;"5%";;
"617280Y15N 225 56";"1134109949";"1648821814";"04680654256563";"Куртка зимняя NortFolk";"'69.5";"NortFolk";"Готов к продаже";;"2";"'4.70";;"2024-08-05 09:15:02";"Одежда";"Куртка";"'19.50";"'3.9";"0";"0";"0";"0";"0";"18500,00";"23700,00";;"5%";;
"617280Y15N 90 56";"1134109969";"1648821513";"04680654256471";"Куртка зимняя NortFolk";"'69.5";"NortFolk";"Готов к продаже";;"3";"'4.70";;"2024-08-05 09:15:03";"Одежда";"Куртка";"'19.50";"'3.9";"0";"0";"0";"0";"0";"18500,00";"23700,00";;"5%";;
"617280Y15N 90 48";"1134109987";"1648821712";"04680654256433";"Куртка зимняя NortFolk";"'69.5";"NortFolk";"Готов к продаже";;"7";"'4.70";;"2024-08-05 09:15:04";"Одежда";"Куртка";"'19.50";"'3.9";"0";"0";"0";"0";"0";"18500,00";"23700,00";;"5%";;
"617280Y15N 200 52";"1134109992";"1648821828";"04680654256266";"Куртка зимняя NortFolk";"'69.5";"NortFolk";"Готов к продаже";;"3";"'4.70";;"2024-08-05 09:15:04";"Одежда";"Куртка";"'19.50";"'3.9";"0";"0";"0";"0";"0";"18500,00";"23700,00";;"5%";;
"617280Y15N 90 50";"1134110000";"1648822004";"04680654256440";"Куртка зимняя NortFolk";"'69.5";"NortFolk";"Готов к продаже";;"7";"'4.70";;"2024-08-05 09:15:04";"Одежда";"Куртка";"'19.50";"'3.9";"0";"0";"0";"0";"0";"18500,00";"23700,00";;"5%";;
"617280Y15N 78 54";"1134110038";"1648821955";"04680654256204";"Куртка зимняя NortFolk";"'69.5";"NortFolk";"Готов к продаже";;"0";"'4.70";;"2024-08-05 09:15:05";"Одежда";"Куртка";"'19.50";"'3.9";"0";"0";"0";"0";"0";"18500,00";"23700,00";;"5%";;
"617280Y15N FS 50";"1134110039";"1648821829";"04680654256358";"Куртка зимняя NortFolk";"'69.5";"NortFolk";"Готов к продаже";;"2";"'4.70";;"2024-08-05 09:15:05";"Одежда";"Куртка";"'19.50";"'3.9";"0";"0";"0";"0";"0";"18500,00";"23700,00";;"5%";;
"617280Y15N 200 46";"1134110040";"1648821746";"04680654256235";"Куртка зимняя NortFolk";"'69.5";"NortFolk";"Продается";;"4";"'4.70";;"2024-08-05 09:15:05";"Одежда";"Куртка";"'19.50";"'3.9";"1";"0";"0";"0";"0";"18500,00";"23700,00";;"5%";;
"626280Y20N FS 56";"1134151892";"1648864526";;"Куртка женская зимняя стеганая на синтепоне с мехом";"'65";"NortFolk";"Готов к продаже";;"0";"'4.90";;"2024-08-05 09:46:48";"Одежда";"Куртка";"'17.55";"'3.5";"0";"0";"0";"0";"0";"24900,00";"49990,00";;"5%";;
"626280Y20N FS 52";"1134151915";"1648864873";"04680654257089";"Куртка женская зимняя стеганая на синтепоне с мехом";"'65";"NortFolk";"Готов к продаже";;"2";"'4.90";;"2024-08-05 09:46:53";"Одежда";"Куртка";"'17.55";"'3.5";"0";"0";"0";"0";"0";"24900,00";"49990,00";;"5%";;
"626280Y20N 98 50";"1134151916";"1648864627";"04680654256990";"Куртка женская зимняя стеганая на синтепоне с мехом";"'56";"NortFolk";"Продается";;"5";"'4.90";;"2024-08-05 09:46:53";"Одежда";"Куртка";"'17.55";"'3.5";"5";"0";"0";"0";"0";"24900,00";"49990,00";;"5%";;
"626280Y20N 25 52";"1134151942";"1648864686";"04680654256938";"Куртка женская зимняя стеганая на синтепоне с мехом";"'69.5";"NortFolk";"Продается";;"1";"'4.90";;"2024-08-05 09:46:54";"Одежда";"Куртка";"'17.55";"'3.5";"2";"0";"0";"0";"0";"24900,00";"49990,00";;"5%";;
"626280Y20N 98 56";"1134151943";"1648864872";"04680654257027";"Куртка женская зимняя стеганая на синтепоне с мехом";"'69.5";"NortFolk";"Продается";;"4";"'4.90";;"2024-08-05 09:46:54";"Одежда";"Куртка";"'17.55";"'3.5";"4";"0";"0";"0";"0";"24900,00";"49990,00";;"5%";;
"626280Y20N 137 48";"1134151960";"1648864879";"04680654257140";"Куртка женская зимняя стеганая на синтепоне с мехом";"'69.5";"NortFolk";"Продается";;"8";"'4.90";;"2024-08-05 09:46:54";"Одежда";"Куртка";"'17.55";"'3.5";"4";"0";"0";"0";"0";"24900,00";"49990,00";;"5%";;
"626280Y20N FS 50";"1134151970";"1648864768";"04680654257072";"Куртка женская зимняя стеганая на синтепоне с мехом";"'65";"NortFolk";"Готов к продаже";;"7";"'4.90";;"2024-08-05 09:46:54";"Одежда";"Куртка";"'17.55";"'3.5";"0";"0";"0";"0";"0";"24900,00";"49990,00";;"5%";;
"626280Y20N 137 56";"1134151972";"1648864952";"04680654257188";"Куртка женская зимняя стеганая на синтепоне с мехом";"'69.5";"NortFolk";"Продается";;"4";"'4.90";;"2024-08-05 09:46:54";"Одежда";"Куртка";"'17.55";"'3.5";"4";"0";"0";"0";"0";"24900,00";"49990,00";;"5%";;
"626280Y20N 98 52";"1134151974";"1648864886";"04680654257003";"Куртка женская зимняя стеганая на синтепоне с мехом";"'69.5";"NortFolk";"Продается";;"8";"'4.90";;"2024-08-05 09:46:54";"Одежда";"Куртка";"'17.55";"'3.5";"3";"0";"0";"0";"0";"24900,00";"49990,00";;"5%";;
"626280Y20N FS 48";"1134151980";"1648865065";"04680654257065";"Куртка женская зимняя стеганая на синтепоне с мехом";"'65";"NortFolk";"Готов к продаже";;"5";"'4.90";;"2024-08-05 09:46:54";"Одежда";"Куртка";"'17.55";"'3.5";"0";"0";"0";"0";"0";"24900,00";"49990,00";;"5%";;
"626280Y20N 137 52";"1134151987";"1648864784";"04680654257164";"Куртка женская зимняя стеганая на синтепоне с мехом";"'69.5";"NortFolk";"Продается";;"7";"'4.90";;"2024-08-05 09:46:54";"Одежда";"Куртка";"'17.55";"'3.5";"4";"0";"0";"0";"0";"24900,00";"49990,00";;"5%";;
"626280Y20N FS 54";"1134151988";"1648864874";"02900014647650";"Куртка женская зимняя стеганая на синтепоне с мехом";"'65";"NortFolk";"Готов к продаже";;"1";"'4.90";;"2024-08-05 09:46:54";"Одежда";"Куртка";"'17.55";"'3.5";"0";"0";"0";"0";"0";"24900,00";"49990,00";;"5%";;
"626280Y20N 98 48";"1134151991";"1648864947";"04680654256983";"Куртка женская зимняя стеганая на синтепоне с мехом";"'69.5";"NortFolk";"Продается";;"5";"'4.90";;"2024-08-05 09:46:54";"Одежда";"Куртка";"'17.55";"'3.5";"4";"0";"0";"0";"0";"24900,00";"49990,00";;"5%";;
"626280Y20N 25 50";"1134151993";"1648865066";"04610279064458";"Куртка женская зимняя стеганая на синтепоне с мехом";"'69.5";"NortFolk";"Продается";;"9";"'4.90";;"2024-08-05 09:46:54";"Одежда";"Куртка";"'17.55";"'3.5";"1";"0";"0";"0";"0";"24900,00";"49990,00";;"5%";;
"626280Y20N 98 54";"1134151994";"1648864880";"04680654257010";"Куртка женская зимняя стеганая на синтепоне с мехом";"'69.5";"NortFolk";"Продается";;"7";"'4.90";;"2024-08-05 09:46:54";"Одежда";"Куртка";"'17.55";"'3.5";"4";"0";"0";"0";"0";"24900,00";"49990,00";;"5%";;
"626280Y20N 25 48";"1134151998";"1648864506";"04610279064441";"Куртка женская зимняя стеганая на синтепоне с мехом";"'69.5";"NortFolk";"Продается";;"5";"'4.90";;"2024-08-05 09:46:54";"Одежда";"Куртка";"'17.55";"'3.5";"9";"0";"0";"0";"0";"24900,00";"49990,00";;"5%";;
"626280Y20N 25 54";"1134151999";"1648864709";"04610279064472";"Куртка женская зимняя стеганая на синтепоне с мехом";"'69.5";"NortFolk";"Готов к продаже";;"8";"'4.90";;"2024-08-05 09:46:54";"Одежда";"Куртка";"'17.55";"'3.5";"0";"0";"0";"0";"0";"24900,00";"49990,00";;"5%";;
"626280Y20N 98 58";"1134152003";"1648864813";"04680654257034";"Куртка женская зимняя стеганая на синтепоне с мехом";"'69.5";"NortFolk";"Продается";;"2";"'4.90";;"2024-08-05 09:46:54";"Одежда";"Куртка";"'17.55";"'3.5";"4";"0";"0";"0";"0";"24900,00";"49990,00";;"5%";;
"626280Y20N 137 58";"1134152004";"1648864607";"04680654257195";"Куртка женская зимняя стеганая на синтепоне с мехом";"'69.5";"NortFolk";"Продается";;"1";"'4.90";;"2024-08-05 09:46:54";"Одежда";"Куртка";"'17.55";"'3.5";"4";"0";"0";"0";"0";"24900,00";"49990,00";;"5%";;
"626280Y20N FS 58";"1134152010";"1648865116";;"Куртка женская зимняя стеганая на синтепоне с мехом";"'65";"NortFolk";"Готов к продаже";;"0";"'4.90";;"2024-08-05 09:46:54";"Одежда";"Куртка";"'17.55";"'3.5";"0";"0";"0";"0";"0";"24900,00";"49990,00";;"5%";;
"626280Y20N 25 58";"1134152016";"1648864881";"04610279064496";"Куртка женская зимняя стеганая на синтепоне с мехом";"'69.5";"NortFolk";"Готов к продаже";;"0";"'4.90";;"2024-08-05 09:46:54";"Одежда";"Куртка";"'17.55";"'3.5";"0";"0";"0";"0";"0";"24900,00";"49990,00";;"5%";;
"626280Y20N 137 50";"1134152018";"1648864978";"04680654257157";"Куртка женская зимняя стеганая на синтепоне с мехом";"'69.5";"NortFolk";"Продается";;"4";"'4.90";;"2024-08-05 09:46:54";"Одежда";"Куртка";"'17.55";"'3.5";"4";"0";"0";"0";"0";"24900,00";"49990,00";;"5%";;
"626280Y20N 137 54";"1134152032";"1648865073";"04680654257171";"Куртка женская зимняя стеганая на синтепоне с мехом";"'69.5";"NortFolk";"Продается";;"7";"'4.90";;"2024-08-05 09:46:55";"Одежда";"Куртка";"'17.55";"'3.5";"4";"0";"0";"0";"0";"24900,00";"49990,00";;"5%";;
"626280Y20N 25 56";"1134152048";"1648864963";"04610279064489";"Куртка женская зимняя стеганая на синтепоне с мехом";"'69.5";"NortFolk";"Готов к продаже";;"8";"'4.90";;"2024-08-05 09:46:55";"Одежда";"Куртка";"'17.55";"'3.5";"0";"0";"0";"0";"0";"24900,00";"49990,00";;"5%";;
"670340N21N 67 46";"1134166419";"1648877195";"04630308317812";"Куртка удлиненная с капюшоном NortFolk";"'54.5";"NortFolk";"Готов к продаже";;"3";"'5.00";;"2024-08-05 09:56:14";"Одежда";"Куртка";"'14.62";"'2.9";"0";"0";"0";"0";"0";"16800,00";"25900,00";;"5%";;
"670340N21N 25 44";"1134166437";"1648877061";"04630308318031";"Куртка удлиненная с капюшоном NortFolk";"'72.5";"NortFolk";"Готов к продаже";;"1";"'5.00";;"2024-08-05 09:56:15";"Одежда";"Куртка";"'14.62";"'2.9";"0";"0";"0";"0";"0";"16800,00";"25900,00";;"5%";;
"670340N21N 67 44";"1134166456";"1648877326";"04630308317805";"Куртка удлиненная с капюшоном NortFolk";"'54.5";"NortFolk";"Готов к продаже";;"1";"'5.00";;"2024-08-05 09:56:16";"Одежда";"Куртка";"'14.62";"'2.9";"0";"0";"0";"0";"0";"16800,00";"25900,00";;"5%";;
"670340N21N 25 50";"1134166474";"1648877165";"04630308318062";"Куртка удлиненная с капюшоном NortFolk";"'72.5";"NortFolk";"Готов к продаже";;"2";"'5.00";;"2024-08-05 09:56:17";"Одежда";"Куртка";"'14.62";"'2.9";"0";"0";"0";"0";"0";"16800,00";"25900,00";;"5%";;
"670340N21N 25 48";"1134166475";"1648876977";"04630308318055";"Куртка удлиненная с капюшоном NortFolk";"'72.5";"NortFolk";"Готов к продаже";;"1";"'5.00";;"2024-08-05 09:56:17";"Одежда";"Куртка";"'14.62";"'2.9";"0";"0";"0";"0";"0";"16800,00";"25900,00";;"5%";;
"670340N21N 25 52";"1134166507";"1648877031";"04630308318079";"Куртка удлиненная с капюшоном NortFolk";"'72.5";"NortFolk";"Готов к продаже";;"2";"'5.00";;"2024-08-05 09:56:18";"Одежда";"Куртка";"'14.62";"'2.9";"0";"0";"0";"0";"0";"16800,00";"25900,00";;"5%";;
"670340N21N 25 46";"1134166517";"1648877090";"04630308318048";"Куртка удлиненная с капюшоном NortFolk";"'72.5";"NortFolk";"Готов к продаже";;"3";"'5.00";;"2024-08-05 09:56:18";"Одежда";"Куртка";"'14.62";"'2.9";"0";"0";"0";"0";"0";"16800,00";"25900,00";;"5%";;
"670340N21N 67 52";"1134166530";"1648877335";"04630308317843";"Куртка удлиненная с капюшоном NortFolk";"'54.5";"NortFolk";"Готов к продаже";;"2";"'5.00";;"2024-08-05 09:56:18";"Одежда";"Куртка";"'14.62";"'2.9";"0";"0";"0";"0";"0";"16800,00";"25900,00";;"5%";;
"821D215U DH151 50";"1134184049";"1648891930";"2085303000450";"Куртка парка зимняя мужская";"'69.5";"Shark Force";"Готов к продаже";;"1";"'5.00";;"2024-08-05 10:07:07";"Одежда";"Парка";"'8.10";"'1.6";"0";"0";"0";"0";"0";"22500,00";"38400,00";;"5%";;
"821D215U DH151 54";"1134184050";"1648892091";"04630308300838";"Куртка парка зимняя мужская";"'69.5";"Shark Force";"Готов к продаже";;"1";"'5.00";;"2024-08-05 10:07:07";"Одежда";"Парка";"'8.10";"'1.6";"0";"0";"0";"0";"0";"22500,00";"38400,00";;"5%";;
"821D215U DH151 48";"1134184059";"1648891826";"04630308300807";"Куртка парка зимняя мужская";"'69.5";"Shark Force";"Готов к продаже";;"0";"'5.00";;"2024-08-05 10:07:09";"Одежда";"Парка";"'8.10";"'1.6";"0";"0";"0";"0";"0";"22500,00";"38400,00";;"5%";;
"821D215U DH151 46";"1134184069";"1648891827";"04630308300791";"Куртка парка зимняя мужская";"'69.5";"Shark Force";"Готов к продаже";;"1";"'5.00";;"2024-08-05 10:07:09";"Одежда";"Парка";"'8.10";"'1.6";"0";"0";"0";"0";"0";"22500,00";"38400,00";;"5%";;
"821D215U DH151 58";"1134184074";"1648891883";"04630308300852";"Куртка парка зимняя мужская";"'69.5";"Shark Force";"Готов к продаже";;"0";"'5.00";;"2024-08-05 10:07:09";"Одежда";"Парка";"'8.10";"'1.6";"0";"0";"0";"0";"0";"22500,00";"38400,00";;"5%";;
"821D215U DH151 52";"1134184101";"1648891933";"04630308300821";"Куртка парка зимняя мужская";"'69.5";"Shark Force";"Готов к продаже";;"1";"'5.00";;"2024-08-05 10:07:11";"Одежда";"Парка";"'8.10";"'1.6";"0";"0";"0";"0";"0";"22500,00";"38400,00";;"5%";;
"821D215U DH151 56";"1134184168";"1648892013";"04630308300845";"Куртка парка зимняя мужская";"'69.5";"Shark Force";"Готов к продаже";;"2";"'5.00";;"2024-08-05 10:07:14";"Одежда";"Парка";"'8.10";"'1.6";"0";"0";"0";"0";"0";"22500,00";"38400,00";;"5%";;
"839790N30N 100 52";"1134217426";"1648917221";"04640314570101";"Пуховик женский зимний NortFolk";"'69.5";"NortFolk";"Готов к продаже";;"1";"'4.90";;"2024-08-05 10:29:02";"Одежда";"Пуховик";"'17.55";"'3.5";"0";"0";"0";"0";"0";"17500,00";"35500,00";;"5%";;
"839790N30N 25 52";"1134217462";"1648917123";"04640314570170";"Пуховик женский зимний NortFolk";"'69.5";"NortFolk";"Готов к продаже";;"0";"'4.90";;"2024-08-05 10:29:02";"Одежда";"Пуховик";"'17.55";"'3.5";"0";"0";"0";"0";"0";"17500,00";"35500,00";;"5%";;
"839790N30N 64 42";"1134217466";"1648916859";"04640314570262";"Пуховик женский зимний NortFolk";"'69.5";"NortFolk";"Продается";;"0";"'4.90";;"2024-08-05 10:29:03";"Одежда";"Пуховик";"'17.55";"'3.5";"1";"0";"0";"0";"0";"17500,00";"35500,00";;"5%";;
"839790N30N 100 46";"1134217480";"1648916878";"04640314570071";"Пуховик женский зимний NortFolk";"'69.5";"NortFolk";"Готов к продаже";;"4";"'4.90";;"2024-08-05 10:29:03";"Одежда";"Пуховик";"'17.55";"'3.5";"0";"0";"0";"0";"0";"17500,00";"35500,00";;"5%";;
"839790N30N 24-1 42";"1134217481";"1648916820";"04640314569983";"Пуховик женский зимний NortFolk";"'69.5";"NortFolk";"Готов к продаже";;"1";"'4.90";;"2024-08-05 10:29:03";"Одежда";"Пуховик";"'17.55";"'3.5";"0";"0";"0";"0";"0";"17500,00";"35500,00";;"5%";;
"839790N30N 64 44";"1134217482";"1648917094";"04640314570279";"Пуховик женский зимний NortFolk";"'69.5";"NortFolk";"Готов к продаже";;"0";"'4.90";;"2024-08-05 10:29:03";"Одежда";"Пуховик";"'17.55";"'3.5";"0";"0";"0";"0";"0";"17500,00";"35500,00";;"5%";;
"839790N30N 25 50";"1134217483";"1648917259";"04640314570163";"Пуховик женский зимний NortFolk";"'69.5";"NortFolk";"Готов к продаже";;"0";"'4.90";;"2024-08-05 10:29:03";"Одежда";"Пуховик";"'17.55";"'3.5";"0";"0";"0";"0";"0";"17500,00";"35500,00";;"5%";;
"839790N30N 64 48";"1134217485";"1648917660";"04640314570293";"Пуховик женский зимний NortFolk";"'69.5";"NortFolk";"Готов к продаже";;"1";"'4.90";;"2024-08-05 10:29:03";"Одежда";"Пуховик";"'17.55";"'3.5";"0";"0";"0";"0";"0";"17500,00";"35500,00";;"5%";;
"839790N30N 21 46";"1134217506";"1648917226";"04640314570217";"Пуховик женский зимний NortFolk";"'69.5";"NortFolk";"Готов к продаже";;"2";"'4.90";;"2024-08-05 10:29:03";"Одежда";"Пуховик";"'17.55";"'3.5";"0";"0";"0";"0";"0";"17500,00";"35500,00";;"5%";;
"839790N30N 100 42";"1134217549";"1648916695";"04640314570057";"Пуховик женский зимний NortFolk";"'69.5";"NortFolk";"Продается";;"2";"'4.90";;"2024-08-05 10:29:03";"Одежда";"Пуховик";"'17.55";"'3.5";"1";"0";"0";"0";"0";"17500,00";"35500,00";;"5%";;
"839790N30N 21 42";"1134217567";"1648917105";"04640314570194";"Пуховик женский зимний NortFolk";"'69.5";"NortFolk";"Готов к продаже";;"0";"'4.90";;"2024-08-05 10:29:03";"Одежда";"Пуховик";"'17.55";"'3.5";"0";"0";"0";"0";"0";"17500,00";"35500,00";;"5%";;
"839790N30N 21 52";"1134217603";"1648917020";"04640314570248";"Пуховик женский зимний NortFolk";"'69.5";"NortFolk";"Готов к продаже";;"0";"'4.90";;"2024-08-05 10:29:04";"Одежда";"Пуховик";"'17.55";"'3.5";"0";"0";"0";"0";"0";"17500,00";"35500,00";;"5%";;
"839790N30N 24-1 44";"1134217604";"1648917230";"04640314569990";"Пуховик женский зимний NortFolk";"'69.5";"NortFolk";"Готов к продаже";;"0";"'4.90";;"2024-08-05 10:29:04";"Одежда";"Пуховик";"'17.55";"'3.5";"0";"0";"0";"0";"0";"17500,00";"35500,00";;"5%";;
"839790N30N 25 42";"1134217605";"1648916793";"04640314570125";"Пуховик женский зимний NortFolk";"'69.5";"NortFolk";"Готов к продаже";;"1";"'4.90";;"2024-08-05 10:29:04";"Одежда";"Пуховик";"'17.55";"'3.5";"0";"0";"0";"0";"0";"17500,00";"35500,00";;"5%";;
"839790N30N 21 44";"1134217606";"1648916815";"04640314570200";"Пуховик женский зимний NortFolk";"'69.5";"NortFolk";"Готов к продаже";;"2";"'4.90";;"2024-08-05 10:29:04";"Одежда";"Пуховик";"'17.55";"'3.5";"0";"0";"0";"0";"0";"17500,00";"35500,00";;"5%";;
"839790N30N 25 48";"1134217635";"1648917108";"04640314570156";"Пуховик женский зимний NortFolk";"'69.5";"NortFolk";"Готов к продаже";;"2";"'4.90";;"2024-08-05 10:29:04";"Одежда";"Пуховик";"'17.55";"'3.5";"0";"0";"0";"0";"0";"17500,00";"35500,00";;"5%";;
"839790N30N 21 48";"1134217636";"1648917030";"04640314570224";"Пуховик женский зимний NortFolk";"'69.5";"NortFolk";"Готов к продаже";;"2";"'4.90";;"2024-08-05 10:29:04";"Одежда";"Пуховик";"'17.55";"'3.5";"0";"0";"0";"0";"0";"17500,00";"35500,00";;"5%";;
"839790N30N 100 44";"1134217637";"1648916776";"04640314570064";"Пуховик женский зимний NortFolk";"'69.5";"NortFolk";"Готов к продаже";;"0";"'4.90";;"2024-08-05 10:29:04";"Одежда";"Пуховик";"'17.55";"'3.5";"0";"0";"0";"0";"0";"17500,00";"35500,00";;"5%";;
"839790N30N 24-1 46";"1134217654";"1648917231";"04640314570002";"Пуховик женский зимний NortFolk";"'69.5";"NortFolk";"Готов к продаже";;"1";"'4.90";;"2024-08-05 10:29:04";"Одежда";"Пуховик";"'17.55";"'3.5";"0";"0";"0";"0";"0";"17500,00";"35500,00";;"5%";;
"839790N30N 21 50";"1134217655";"1648916957";"04640314570231";"Пуховик женский зимний NortFolk";"'69.5";"NortFolk";"Готов к продаже";;"2";"'4.90";;"2024-08-05 10:29:04";"Одежда";"Пуховик";"'17.55";"'3.5";"0";"0";"0";"0";"0";"17500,00";"35500,00";;"5%";;
"839790N30N 100 48";"1134217704";"1648917100";"04640314570088";"Пуховик женский зимний NortFolk";"'69.5";"NortFolk";"Продается";;"3";"'4.90";;"2024-08-05 10:29:07";"Одежда";"Пуховик";"'17.55";"'3.5";"1";"0";"0";"0";"0";"17500,00";"35500,00";;"5%";;
"839790N30N 25 44";"1134217705";"1648917016";"04640314570132";"Пуховик женский зимний NortFolk";"'69.5";"NortFolk";"Готов к продаже";;"0";"'4.90";;"2024-08-05 10:29:07";"Одежда";"Пуховик";"'17.55";"'3.5";"0";"0";"0";"0";"0";"17500,00";"35500,00";;"5%";;
"839790N30N 64 52";"1134217706";"1648917127";"04640314570316";"Пуховик женский зимний NortFolk";"'69.5";"NortFolk";"Готов к продаже";;"0";"'4.90";;"2024-08-05 10:29:07";"Одежда";"Пуховик";"'17.55";"'3.5";"0";"0";"0";"0";"0";"17500,00";"35500,00";;"5%";;
"839790N30N 24-1 52";"1134217708";"1648917040";"04640314570033";"Пуховик женский зимний NortFolk";"'69.5";"NortFolk";"Готов к продаже";;"0";"'4.90";;"2024-08-05 10:29:07";"Одежда";"Пуховик";"'17.55";"'3.5";"0";"0";"0";"0";"0";"17500,00";"35500,00";;"5%";;
"839790N30N 64 50";"1134217709";"1648917025";"04640314570309";"Пуховик женский зимний NortFolk";"'69.5";"NortFolk";"Готов к продаже";;"2";"'4.90";;"2024-08-05 10:29:07";"Одежда";"Пуховик";"'17.55";"'3.5";"0";"0";"0";"0";"0";"17500,00";"35500,00";;"5%";;
"839790N30N 24-1 50";"1134217710";"1648916956";"04640314570026";"Пуховик женский зимний NortFolk";"'69.5";"NortFolk";"Готов к продаже";;"0";"'4.90";;"2024-08-05 10:29:07";"Одежда";"Пуховик";"'17.55";"'3.5";"0";"0";"0";"0";"0";"17500,00";"35500,00";;"5%";;
"839790N30N 25 46";"1134217711";"1648916921";"04640314570149";"Пуховик женский зимний NortFolk";"'69.5";"NortFolk";"Готов к продаже";;"1";"'4.90";;"2024-08-05 10:29:07";"Одежда";"Пуховик";"'17.55";"'3.5";"0";"0";"0";"0";"0";"17500,00";"35500,00";;"5%";;
"839790N30N 24-1 48";"1134217713";"1648917131";"04640314570019";"Пуховик женский зимний NortFolk";"'69.5";"NortFolk";"Готов к продаже";;"2";"'4.90";;"2024-08-05 10:29:07";"Одежда";"Пуховик";"'17.55";"'3.5";"0";"0";"0";"0";"0";"17500,00";"35500,00";;"5%";;
"839790N30N 100 50";"1134217714";"1648916777";"04640314570095";"Пуховик женский зимний NortFolk";"'69.5";"NortFolk";"Готов к продаже";;"3";"'4.90";;"2024-08-05 10:29:07";"Одежда";"Пуховик";"'17.55";"'3.5";"0";"0";"0";"0";"0";"17500,00";"35500,00";;"5%";;
"839790N30N 64 46";"1134217721";"1648917114";"04640314570286";"Пуховик женский зимний NortFolk";"'69.5";"NortFolk";"Готов к продаже";;"1";"'4.90";;"2024-08-05 10:29:07";"Одежда";"Пуховик";"'17.55";"'3.5";"0";"0";"0";"0";"0";"17500,00";"35500,00";;"5%";;
"845790N20N 98 50";"1134241902";"1648943733";"04640314114916";"Куртка женская пальто NortFolk";"'67";"NortFolk";"Продается";;"7";"'4.80";;"2024-08-05 10:43:12";"Одежда";"Пальто";"'9.45";"'1.9";"3";"0";"0";"0";"0";"25990,00";"35000,00";;"5%";;
"845790N20N 98 58";"1134241905";"1648943705";"04640314114954";"Куртка женская пальто NortFolk";"'67";"NortFolk";"Продается";;"2";"'4.80";;"2024-08-05 10:43:12";"Одежда";"Пальто";"'9.45";"'1.9";"2";"0";"0";"0";"0";"25990,00";"35000,00";;"5%";;
"845790N20N 77-2 58";"1134241920";"1648943753";"04640314114886";"Куртка женская пальто NortFolk";"'67";"NortFolk";"Готов к продаже";;"5";"'4.80";;"2024-08-05 10:43:13";"Одежда";"Пальто";"'9.45";"'1.9";"0";"0";"0";"0";"0";"25990,00";"35000,00";;"5%";;
"845790N20N 77-2 48";"1134241923";"1648943820";"04640314114831";"Куртка женская пальто NortFolk";"'67";"NortFolk";"Готов к продаже";;"4";"'4.80";;"2024-08-05 10:43:13";"Одежда";"Пальто";"'9.45";"'1.9";"0";"0";"0";"0";"0";"25990,00";"35000,00";;"5%";;
"845790N20N 99 56";"1134241926";"1648943828";"04640314114732";"Куртка женская пальто NortFolk";"'67";"NortFolk";"Продается";;"6";"'4.80";;"2024-08-05 10:43:13";"Одежда";"Пальто";"'9.45";"'1.9";"2";"0";"0";"0";"0";"25990,00";"35000,00";;"5%";;
"845790N20N 77-2 54";"1134241936";"1648943689";"04640314114862";"Куртка женская пальто NortFolk";"'67";"NortFolk";"Готов к продаже";;"7";"'4.80";;"2024-08-05 10:43:13";"Одежда";"Пальто";"'9.45";"'1.9";"0";"0";"0";"0";"0";"25990,00";"35000,00";;"5%";;
"845790N20N 99 48";"1134241937";"1648943736";"04640314114695";"Куртка женская пальто NortFolk";"'67";"NortFolk";"Продается";;"2";"'4.80";;"2024-08-05 10:43:13";"Одежда";"Пальто";"'9.45";"'1.9";"5";"0";"0";"0";"0";"25990,00";"35000,00";;"5%";;
"845790N20N 77-2 56";"1134241944";"1648943858";"04640314114879";"Куртка женская пальто NortFolk";"'67";"NortFolk";"Готов к продаже";;"5";"'4.80";;"2024-08-05 10:43:15";"Одежда";"Пальто";"'9.45";"'1.9";"0";"0";"0";"0";"0";"25990,00";"35000,00";;"5%";;
"845790N20N 98 56";"1134241945";"1648943848";"04640314114947";"Куртка женская пальто NortFolk";"'67";"NortFolk";"Продается";;"3";"'4.80";;"2024-08-05 10:43:15";"Одежда";"Пальто";"'9.45";"'1.9";"3";"0";"0";"0";"0";"25990,00";"35000,00";;"5%";;
"845790N20N 77-2 46";"1134241952";"1648943754";"04640314114824";"Куртка женская пальто NortFolk";"'67";"NortFolk";"Продается";;"4";"'4.80";;"2024-08-05 10:43:15";"Одежда";"Пальто";"'9.45";"'1.9";"1";"0";"0";"0";"0";"25990,00";"35000,00";;"5%";;
"845790N20N 99 46";"1134241965";"1648943777";"04640314114688";"Куртка женская пальто NortFolk";"'67";"NortFolk";"Продается";;"3";"'4.80";;"2024-08-05 10:43:15";"Одежда";"Пальто";"'9.45";"'1.9";"6";"0";"0";"0";"0";"25990,00";"35000,00";;"5%";;
"845790N20N 77-2 50";"1134241973";"1648943833";"04640314114848";"Куртка женская пальто NortFolk";"'67";"NortFolk";"Готов к продаже";;"6";"'4.80";;"2024-08-05 10:43:15";"Одежда";"Пальто";"'9.45";"'1.9";"0";"0";"0";"0";"0";"25990,00";"35000,00";;"5%";;
"845790N20N 98 54";"1134241975";"1648943782";"04640314114930";"Куртка женская пальто NortFolk";"'67";"NortFolk";"Продается";;"10";"'4.80";;"2024-08-05 10:43:15";"Одежда";"Пальто";"'9.45";"'1.9";"3";"0";"0";"0";"0";"25990,00";"35000,00";;"5%";;
"845790N20N 99 58";"1134241980";"1648943781";"04640314114749";"Куртка женская пальто NortFolk";"'67";"NortFolk";"Продается";;"5";"'4.80";;"2024-08-05 10:43:15";"Одежда";"Пальто";"'9.45";"'1.9";"2";"0";"0";"0";"0";"25990,00";"35000,00";;"5%";;
"845790N20N 99 52";"1134241988";"1648943873";"04640314114718";"Куртка женская пальто NortFolk";"'67";"NortFolk";"Продается";;"9";"'4.80";;"2024-08-05 10:43:15";"Одежда";"Пальто";"'9.45";"'1.9";"3";"0";"0";"0";"0";"25990,00";"35000,00";;"5%";;
"845790N20N 77-2 52";"1134241999";"1648943875";"04640314114855";"Куртка женская пальто NortFolk";"'67";"NortFolk";"Готов к продаже";;"6";"'4.80";;"2024-08-05 10:43:18";"Одежда";"Пальто";"'9.45";"'1.9";"0";"0";"0";"0";"0";"25990,00";"35000,00";;"5%";;
"845790N20N 98 52";"1134242002";"1648943646";"04640314114923";"Куртка женская пальто NortFolk";"'67";"NortFolk";"Продается";;"8";"'4.80";;"2024-08-05 10:43:18";"Одежда";"Пальто";"'9.45";"'1.9";"3";"0";"0";"0";"0";"25990,00";"35000,00";;"5%";;
"845790N20N 98 48";"1134242007";"1648943741";"04640314114909";"Куртка женская пальто NortFolk";"'67";"NortFolk";"Продается";;"6";"'4.80";;"2024-08-05 10:43:18";"Одежда";"Пальто";"'9.45";"'1.9";"5";"0";"0";"0";"0";"25990,00";"35000,00";;"5%";;
"845790N20N 99 50";"1134242009";"1648943692";"04640314114701";"Куртка женская пальто NortFolk";"'67";"NortFolk";"Продается";;"5";"'4.80";;"2024-08-05 10:43:18";"Одежда";"Пальто";"'9.45";"'1.9";"6";"0";"0";"0";"0";"25990,00";"35000,00";;"5%";;
"845790N20N 98 46";"1134242015";"1648943690";"04640314114893";"Куртка женская пальто NortFolk";"'67";"NortFolk";"Продается";;"2";"'4.80";;"2024-08-05 10:43:19";"Одежда";"Пальто";"'9.45";"'1.9";"3";"0";"0";"0";"0";"25990,00";"35000,00";;"5%";;
"845790N20N 99 54";"1134242034";"1648943835";"04640314114725";"Куртка женская пальто NortFolk";"'67";"NortFolk";"Продается";;"6";"'4.80";;"2024-08-05 10:43:21";"Одежда";"Пальто";"'9.45";"'1.9";"1";"0";"0";"0";"0";"25990,00";"35000,00";;"5%";;
"860790Y21C 24-1 56";"1134268386";"1648968914";"04640314115951";"Куртка женская зимняя удлиненная NortFolk";"'42";"NortFolk";"Готов к продаже";;"0";"'5.00";;"2024-08-05 10:58:11";"Одежда";"Куртка";"'8.10";"'1.6";"0";"0";"0";"0";"0";"16800,00";"28500,00";;"5%";;
"860790Y21C 24-1 50";"1134268408";"1648968422";"04640314115920";"Куртка женская зимняя удлиненная NortFolk";"'42";"NortFolk";"Готов к продаже";;"2";"'5.00";;"2024-08-05 10:58:12";"Одежда";"Куртка";"'8.10";"'1.6";"0";"0";"0";"0";"0";"16800,00";"28500,00";;"5%";;
"860790Y21C 24-1 48";"1134268410";"1648968635";"04640314115913";"Куртка женская зимняя удлиненная NortFolk";"'42";"NortFolk";"Готов к продаже";;"2";"'5.00";;"2024-08-05 10:58:12";"Одежда";"Куртка";"'8.10";"'1.6";"0";"0";"0";"0";"0";"16800,00";"28500,00";;"5%";;
"860790Y21C 100 54";"1134268411";"1648968580";"04640314115791";"Куртка женская зимняя удлиненная NortFolk";"'42";"NortFolk";"Готов к продаже";;"1";"'5.00";;"2024-08-05 10:58:12";"Одежда";"Куртка";"'8.10";"'1.6";"0";"0";"0";"0";"0";"16800,00";"28500,00";;"5%";;
"860790Y21C FS 50";"1134268431";"1648968725";"04640314115753";"Куртка женская зимняя удлиненная NortFolk";"'42";"NortFolk";"Готов к продаже";;"0";"'5.00";;"2024-08-05 10:58:12";"Одежда";"Куртка";"'8.10";"'1.6";"0";"0";"0";"0";"0";"16800,00";"28500,00";;"5%";;
"860790Y21C 67 54";"1134268432";"1648968544";"04640314116026";"Куртка женская зимняя удлиненная NortFolk";"'42";"NortFolk";"Готов к продаже";;"2";"'5.00";;"2024-08-05 10:58:12";"Одежда";"Куртка";"'8.10";"'1.6";"0";"0";"0";"0";"0";"16800,00";"28500,00";;"5%";;
"860790Y21C 67 56";"1134268433";"1648968402";"04640314116033";"Куртка женская зимняя удлиненная NortFolk";"'42";"NortFolk";"Готов к продаже";;"0";"'5.00";;"2024-08-05 10:58:12";"Одежда";"Куртка";"'8.10";"'1.6";"0";"0";"0";"0";"0";"16800,00";"28500,00";;"5%";;
"860790Y21C FS 52";"1134268434";"1648968848";"04640314115760";"Куртка женская зимняя удлиненная NortFolk";"'42";"NortFolk";"Готов к продаже";;"1";"'5.00";;"2024-08-05 10:58:12";"Одежда";"Куртка";"'40.88";"'8.2";"0";"0";"0";"0";"0";"16800,00";"28500,00";;"5%";;
"860790Y21C 100 56";"1134268448";"1648968608";"04640314115807";"Куртка женская зимняя удлиненная NortFolk";"'42";"NortFolk";"Готов к продаже";;"2";"'5.00";;"2024-08-05 10:58:13";"Одежда";"Куртка";"'8.10";"'1.6";"0";"0";"0";"0";"0";"16800,00";"28500,00";;"5%";;
"860790Y21C FS";"1134268452";"1648968274";;"Куртка женская зимняя удлиненная NortFolk";"'42";"NortFolk";"Готов к продаже";;"0";"'5.00";;"2024-08-05 10:58:13";"Одежда";"Куртка";"'8.10";"'1.6";"0";"0";"0";"0";"0";"16800,00";"28500,00";;"5%";;
"860790Y21C 24-1 54";"1134268453";"1648968411";"04640314115944";"Куртка женская зимняя удлиненная NortFolk";"'42";"NortFolk";"Готов к продаже";;"1";"'5.00";;"2024-08-05 10:58:13";"Одежда";"Куртка";"'8.10";"'1.6";"0";"0";"0";"0";"0";"16800,00";"28500,00";;"5%";;
"860790Y21C FS 48";"1134268454";"1648968708";"04640314115746";"Куртка женская зимняя удлиненная NortFolk";"'42";"NortFolk";"Готов к продаже";;"2";"'5.00";;"2024-08-05 10:58:13";"Одежда";"Куртка";"'8.10";"'1.6";"0";"0";"0";"0";"0";"16800,00";"28500,00";;"5%";;
"860790Y21C 67 48";"1134268456";"1648968401";"04640314115999";"Куртка женская зимняя удлиненная NortFolk";"'42";"NortFolk";"Готов к продаже";;"1";"'5.00";;"2024-08-05 10:58:13";"Одежда";"Куртка";"'8.10";"'1.6";"0";"0";"0";"0";"0";"16800,00";"28500,00";;"5%";;
"860790Y21C 100 50";"1134268475";"1648968855";"04640314116088";"Куртка женская зимняя удлиненная NortFolk";"'42";"NortFolk";"Готов к продаже";;"3";"'5.00";;"2024-08-05 10:58:14";"Одежда";"Куртка";"'8.10";"'1.6";"0";"0";"0";"0";"0";"16800,00";"28500,00";;"5%";;
"860790Y21C 100 52";"1134268479";"1648968779";"04640314115784";"Куртка женская зимняя удлиненная NortFolk";"'42";"NortFolk";"Готов к продаже";;"2";"'5.00";;"2024-08-05 10:58:14";"Одежда";"Куртка";"'40.88";"'8.2";"0";"0";"0";"0";"0";"16800,00";"28500,00";;"5%";;
"860790Y21C 24-1 52";"1134268483";"1648968496";"04640314115937";"Куртка женская зимняя удлиненная NortFolk";"'42";"NortFolk";"Готов к продаже";;"1";"'5.00";;"2024-08-05 10:58:14";"Одежда";"Куртка";"'40.88";"'8.2";"0";"0";"0";"0";"0";"16800,00";"28500,00";;"5%";;
"860790Y21C 67 46";"1134268524";"1648968214";"04640314115982";"Куртка женская зимняя удлиненная NortFolk";"'42";"NortFolk";"Готов к продаже";;"2";"'5.00";;"2024-08-05 10:58:16";"Одежда";"Куртка";"'8.10";"'1.6";"0";"0";"0";"0";"0";"16800,00";"28500,00";;"5%";;
"860790Y21C 24-1 46";"1134268534";"1648968600";"04640314115906";"Куртка женская зимняя удлиненная NortFolk";"'42";"NortFolk";"Готов к продаже";;"2";"'5.00";;"2024-08-05 10:58:16";"Одежда";"Куртка";"'8.10";"'1.6";"0";"0";"0";"0";"0";"16800,00";"28500,00";;"5%";;
"860790Y21C 100 48";"1134268586";"1648968753";"04640314116071";"Куртка женская зимняя удлиненная NortFolk";"'42";"NortFolk";"Готов к продаже";;"0";"'5.00";;"2024-08-05 10:58:18";"Одежда";"Куртка";"'8.10";"'1.6";"0";"0";"0";"0";"0";"16800,00";"28500,00";;"5%";;
"860790Y21C 100 46";"1134268588";"1648968504";"04640314116064";"Куртка женская зимняя удлиненная NortFolk";"'42";"NortFolk";"Готов к продаже";;"0";"'5.00";;"2024-08-05 10:58:18";"Одежда";"Куртка";"'8.10";"'1.6";"0";"0";"0";"0";"0";"16800,00";"28500,00";;"5%";;
"860790Y21C FS 56";"1134268639";"1648968577";"04640314115876";"Куртка женская зимняя удлиненная NortFolk";"'42";"NortFolk";"Готов к продаже";;"1";"'5.00";;"2024-08-05 10:58:19";"Одежда";"Куртка";"'9.00";"'1.8";"0";"0";"0";"0";"0";"16800,00";"28500,00";;"5%";;
"860790Y21C 67 52";"1134268645";"1648968865";"04640314116019";"Куртка женская зимняя удлиненная NortFolk";"'42";"NortFolk";"Готов к продаже";;"2";"'5.00";;"2024-08-05 10:58:19";"Одежда";"Куртка";"'40.88";"'8.2";"0";"0";"0";"0";"0";"16800,00";"28500,00";;"5%";;
"860790Y21C 67 50";"1134268669";"1648968729";"04640314116002";"Куртка женская зимняя удлиненная NortFolk";"'42";"NortFolk";"Готов к продаже";;"3";"'5.00";;"2024-08-05 10:58:20";"Одежда";"Куртка";"'8.10";"'1.6";"0";"0";"0";"0";"0";"16800,00";"28500,00";;"5%";;
"860790Y21C FS 54";"1134268673";"1648968706";"04640314115777";"Куртка женская зимняя удлиненная NortFolk";"'42";"NortFolk";"Готов к продаже";;"3";"'5.00";;"2024-08-05 10:58:20";"Одежда";"Куртка";"'9.00";"'1.8";"0";"0";"0";"0";"0";"16800,00";"28500,00";;"5%";;
"924D107 GO15 48";"1134285387";"1648985032";"2085303048346";"Парка мужская куртка удлиненная";"'54.5";"Shark Force";"Готов к продаже";;"0";"'4.50";;"2024-08-05 11:11:39";"Одежда";"Парка";"'9.45";"'1.9";"0";"0";"0";"0";"0";"23500,00";"32500,00";;"5%";;
"924D107 GO15 54";"1134285430";"1648985059";"04640314006693";"Парка мужская куртка удлиненная";"'54.5";"Shark Force";"Готов к продаже";;"0";"'4.50";;"2024-08-05 11:11:39";"Одежда";"Парка";"'9.45";"'1.9";"0";"0";"0";"0";"0";"23500,00";"32500,00";;"5%";;
"924D107 GO1 52";"1134285441";"1648985108";"04640314006471";"Парка мужская куртка удлиненная";"'54.5";"Shark Force";"Готов к продаже";;"2";"'4.50";;"2024-08-05 11:11:39";"Одежда";"Парка";"'9.45";"'1.9";"0";"0";"0";"0";"0";"23500,00";"32500,00";;"5%";;
"924D107 GO10 54";"1134285443";"1648984973";"04640314006556";"Парка мужская куртка удлиненная";"'54.5";"Shark Force";"Готов к продаже";;"2";"'4.50";;"2024-08-05 11:11:39";"Одежда";"Парка";"'9.45";"'1.9";"0";"0";"0";"0";"0";"23500,00";"32500,00";;"5%";;
"924D107 GO15 58";"1134285452";"1648985208";;"Парка мужская куртка удлиненная";"'54.5";"Shark Force";"Готов к продаже";;"0";"'4.50";;"2024-08-05 11:11:39";"Одежда";"Парка";"'9.45";"'1.9";"0";"0";"0";"0";"0";"23500,00";"32500,00";;"5%";;
"924D107 GO15 50";"1134285454";"1648985120";"04640314006679";"Парка мужская куртка удлиненная";"'54.5";"Shark Force";"Готов к продаже";;"1";"'4.50";;"2024-08-05 11:11:39";"Одежда";"Парка";"'9.45";"'1.9";"0";"0";"0";"0";"0";"23500,00";"32500,00";;"5%";;
"924D107 GO1 46";"1134285455";"1648985115";"04640314006440";"Парка мужская куртка удлиненная";"'54.5";"Shark Force";"Продается";;"0";"'4.50";;"2024-08-05 11:11:39";"Одежда";"Парка";"'9.45";"'1.9";"1";"0";"0";"0";"0";"23500,00";"32500,00";;"5%";;
"924D107 GO1 54";"1134285465";"1648985150";"04640314006488";"Парка мужская куртка удлиненная";"'54.5";"Shark Force";"Готов к продаже";;"0";"'4.50";;"2024-08-05 11:11:39";"Одежда";"Парка";"'9.45";"'1.9";"0";"0";"0";"0";"0";"23500,00";"32500,00";;"5%";;
"924D107 GO10 52";"1134285468";"1648985155";"04640314006549";"Парка мужская куртка удлиненная";"'54.5";"Shark Force";"Готов к продаже";;"2";"'4.50";;"2024-08-05 11:11:39";"Одежда";"Парка";"'9.45";"'1.9";"0";"0";"0";"0";"0";"23500,00";"32500,00";;"5%";;
"924D107 GO15 46";"1134285473";"1648985107";"2085303048339";"Парка мужская куртка удлиненная";"'54.5";"Shark Force";"Готов к продаже";;"0";"'4.50";;"2024-08-05 11:11:39";"Одежда";"Парка";"'9.45";"'1.9";"0";"0";"0";"0";"0";"23500,00";"32500,00";;"5%";;
"924D107 GO1 48";"1134285482";"1648985170";"04640314006457";"Парка мужская куртка удлиненная";"'54.5";"Shark Force";"Готов к продаже";;"1";"'4.50";;"2024-08-05 11:11:39";"Одежда";"Парка";"'9.45";"'1.9";"0";"0";"0";"0";"0";"23500,00";"32500,00";;"5%";;
"924D107 GO1 50";"1134285501";"1648985193";"04640314006464";"Парка мужская куртка удлиненная";"'54.5";"Shark Force";"Готов к продаже";;"1";"'4.50";;"2024-08-05 11:11:39";"Одежда";"Парка";"'9.45";"'1.9";"0";"0";"0";"0";"0";"23500,00";"32500,00";;"5%";;
"924D107 GO10 56";"1134285504";"1648985048";"04640314006563";"Парка мужская куртка удлиненная";"'54.5";"Shark Force";"Готов к продаже";;"1";"'4.50";;"2024-08-05 11:11:39";"Одежда";"Парка";"'9.45";"'1.9";"0";"0";"0";"0";"0";"23500,00";"32500,00";;"5%";;
"924D107 GO1 58";"1134285521";"1648985173";"04640314006501";"Парка мужская куртка удлиненная";"'54.5";"Shark Force";"Продается";;"1";"'4.50";;"2024-08-05 11:11:39";"Одежда";"Парка";"'9.45";"'1.9";"1";"0";"0";"0";"0";"23500,00";"32500,00";;"5%";;
"924D107 GO10 46";"1134285539";"1648985063";"04640314006518";"Парка мужская куртка удлиненная";"'54.5";"Shark Force";"Готов к продаже";;"1";"'4.50";;"2024-08-05 11:11:39";"Одежда";"Парка";"'9.45";"'1.9";"0";"0";"0";"0";"0";"23500,00";"32500,00";;"5%";;
"924D107 GO1 56";"1134285546";"1648985075";"04640314006495";"Парка мужская куртка удлиненная";"'54.5";"Shark Force";"Продается";;"3";"'4.50";;"2024-08-05 11:11:39";"Одежда";"Парка";"'9.45";"'1.9";"1";"0";"0";"0";"0";"23500,00";"32500,00";;"5%";;
"924D107 GO15 52";"1134285547";"1648985183";"04640314006686";"Парка мужская куртка удлиненная";"'54.5";"Shark Force";"Готов к продаже";;"1";"'4.50";;"2024-08-05 11:11:39";"Одежда";"Парка";"'9.45";"'1.9";"0";"0";"0";"0";"0";"23500,00";"32500,00";;"5%";;
"924D107 GO10 48";"1134285548";"1648985189";"04640314006525";"Парка мужская куртка удлиненная";"'54.5";"Shark Force";"Готов к продаже";;"1";"'4.50";;"2024-08-05 11:11:39";"Одежда";"Парка";"'9.45";"'1.9";"0";"0";"0";"0";"0";"23500,00";"32500,00";;"5%";;
"924D107 GO10 58";"1134285551";"1648985264";"04640314006570";"Парка мужская куртка удлиненная";"'54.5";"Shark Force";"Готов к продаже";;"1";"'4.50";;"2024-08-05 11:11:39";"Одежда";"Парка";"'9.45";"'1.9";"0";"0";"0";"0";"0";"23500,00";"32500,00";;"5%";;
"924D107 GO10 50";"1134285556";"1648985122";"04640314006532";"Парка мужская куртка удлиненная";"'54.5";"Shark Force";"Готов к продаже";;"4";"'4.50";;"2024-08-05 11:11:40";"Одежда";"Парка";"'9.45";"'1.9";"0";"0";"0";"0";"0";"23500,00";"32500,00";;"5%";;
"924D107 GO15 56";"1134285568";"1648985265";;"Парка мужская куртка удлиненная";"'54.5";"Shark Force";"Готов к продаже";;"0";"'4.50";;"2024-08-05 11:11:40";"Одежда";"Парка";"'9.45";"'1.9";"0";"0";"0";"0";"0";"23500,00";"32500,00";;"5%";;
"617280Y15N 90 58";"1134293462";"1648990221";"04680654256488";"Куртка зимняя NortFolk";"'69.5";"NortFolk";"Готов к продаже";;"2";"'4.70";;"2024-08-05 11:15:47";"Одежда";"Куртка";"'19.50";"'3.9";"0";"0";"0";"0";"0";"18500,00";"23700,00";;"5%";;
"617280Y15N 90 44";"1134293496";"1648990202";"04680654256419";"Куртка зимняя NortFolk";"'69.5";"NortFolk";"Готов к продаже";;"1";"'4.70";;"2024-08-05 11:15:49";"Одежда";"Куртка";"'19.50";"'3.9";"0";"0";"0";"0";"0";"18500,00";"23700,00";;"5%";;
"626280Y20N 25 46";"1134297590";"1648991778";"04680654256907";"Куртка женская зимняя стеганая на синтепоне с мехом";"'69.5";"NortFolk";"Продается";;"4";"'4.90";;"2024-08-05 11:18:15";"Одежда";"Куртка";"'17.55";"'3.5";"1";"0";"0";"0";"0";"24900,00";"49990,00";;"5%";;
"626280Y20N 98 44";"1134300837";"1648994458";"04680654257218";"Куртка женская зимняя стеганая на синтепоне с мехом";"'69.5";"NortFolk";"Продается";;"1";"'4.90";;"2024-08-05 11:21:28";"Одежда";"Куртка";"'17.55";"'3.5";"4";"0";"0";"0";"0";"24900,00";"49990,00";;"5%";;
"626280Y20N 98 46";"1134300842";"1648994498";"04680654256976";"Куртка женская зимняя стеганая на синтепоне с мехом";"'69.5";"NortFolk";"Продается";;"5";"'4.90";;"2024-08-05 11:21:28";"Одежда";"Куртка";"'17.55";"'3.5";"3";"0";"0";"0";"0";"24900,00";"49990,00";;"5%";;
"626280Y20N 137 44";"1134303663";"1648996551";"04680654257126";"Куртка женская зимняя стеганая на синтепоне с мехом";"'69.5";"NortFolk";"Продается";;"4";"'4.90";;"2024-08-05 11:23:22";"Одежда";"Куртка";"'17.55";"'3.5";"3";"0";"0";"0";"0";"24900,00";"49990,00";;"5%";;
"626280Y20N 137 46";"1134303674";"1648996885";"04680654257133";"Куртка женская зимняя стеганая на синтепоне с мехом";"'69.5";"NortFolk";"Продается";;"3";"'4.90";;"2024-08-05 11:23:22";"Одежда";"Куртка";"'29.25";"'5.9";"4";"0";"0";"0";"0";"24900,00";"49990,00";;"5%";;
"632430N12C 225/25-1 48";"1134309803";"1649001314";"04610279099795";"Куртка двухсторонняя";"'42";"City Classic";"Готов к продаже";;"1";"'0.00";;"2024-08-05 11:30:12";"Одежда";"Куртка";"'5.40";"'1.1";"0";"0";"0";"0";"0";"12999,00";"18000,00";;"5%";;
"632430N12C 225/25-1 46";"1134309809";"1649001677";"04610279099788";"Куртка двухсторонняя";"'42";"City Classic";"Готов к продаже";;"1";"'0.00";;"2024-08-05 11:30:13";"Одежда";"Куртка";"'5.40";"'1.1";"0";"0";"0";"0";"0";"12999,00";"18000,00";;"5%";;
"839790N30N 100 54";"1134366060";"1649053745";"04640314570118";"Пуховик женский зимний NortFolk";"'69.5";"NortFolk";"Готов к продаже";;"3";"'4.90";;"2024-08-05 11:57:42";"Одежда";"Пуховик";"'17.55";"'3.5";"0";"0";"0";"0";"0";"17500,00";"35500,00";;"5%";;
"429340Y21C 05 56";"1134380305";"1649067796";"2085302943956";"Куртка женская City Classic";"'54.5";"City Classic";"Готов к продаже";;"1";"'4.90";;"2024-08-05 12:04:03";"Одежда";"Куртка";"'15.60";"'3.1";"0";"0";"0";"0";"0";"16800,00";"24700,00";;"5%";;
"429340Y21C 05 54";"1134380309";"1649068358";"2085302943949";"Куртка женская City Classic";"'54.5";"City Classic";"Готов к продаже";;"1";"'4.90";;"2024-08-05 12:04:04";"Одежда";"Куртка";"'15.60";"'3.1";"0";"0";"0";"0";"0";"16800,00";"24700,00";;"5%";;
"429340Y21C 05 52";"1134380319";"1649068112";"2085302943932";"Куртка женская City Classic";"'54.5";"City Classic";"Готов к продаже";;"3";"'4.90";;"2024-08-05 12:04:04";"Одежда";"Куртка";"'15.60";"'3.1";"0";"0";"0";"0";"0";"16800,00";"24700,00";;"5%";;
"416430N10C 200 56";"1134398123";"1649084152";"04610334788176";"Куртка женская демисезонная City Classic";"'42";"City Classic";"Готов к продаже";;"1";"'4.90";;"2024-08-05 12:15:48";"Одежда";"Куртка";"'13.65";"'2.7";"0";"0";"0";"0";"0";"11250,00";"23500,00";;"5%";;
"416430N10C 25 50";"1134398124";"1649084189";"04610334788077";"Куртка женская демисезонная City Classic";"'42";"City Classic";"Готов к продаже";;"4";"'4.90";;"2024-08-05 12:15:48";"Одежда";"Куртка";"'13.65";"'2.7";"0";"0";"0";"0";"0";"11250,00";"23500,00";;"5%";;
"416430N10C 223 50";"1134398125";"1649084783";"04610334788008";"Куртка женская демисезонная City Classic";"'42";"City Classic";"Готов к продаже";;"2";"'4.90";;"2024-08-05 12:15:48";"Одежда";"Куртка";"'13.65";"'2.7";"0";"0";"0";"0";"0";"11250,00";"23500,00";;"5%";;
"416430N10C 25 54";"1134398126";"1649084527";"04610334788091";"Куртка женская демисезонная City Classic";"'42";"City Classic";"Готов к продаже";;"6";"'4.90";;"2024-08-05 12:15:48";"Одежда";"Куртка";"'13.65";"'2.7";"0";"0";"0";"0";"0";"11250,00";"23500,00";;"5%";;
"416430N10C 25 48";"1134398128";"1649083885";"04610334788060";"Куртка женская демисезонная City Classic";"'42";"City Classic";"Готов к продаже";;"5";"'4.90";;"2024-08-05 12:15:48";"Одежда";"Куртка";"'13.65";"'2.7";"0";"0";"0";"0";"0";"11250,00";"23500,00";;"5%";;
"416430N10C 200 50";"1134398131";"1649084200";"04610334788145";"Куртка женская демисезонная City Classic";"'42";"City Classic";"Готов к продаже";;"2";"'4.90";;"2024-08-05 12:15:48";"Одежда";"Куртка";"'13.65";"'2.7";"0";"0";"0";"0";"0";"11250,00";"23500,00";;"5%";;
"416430N10C 223 48";"1134398133";"1649084438";"04610334787995";"Куртка женская демисезонная City Classic";"'42";"City Classic";"Готов к продаже";;"1";"'4.90";;"2024-08-05 12:15:48";"Одежда";"Куртка";"'13.65";"'2.7";"0";"0";"0";"0";"0";"11250,00";"23500,00";;"5%";;
"416430N10C 200 58";"1134398134";"1649084129";"04610334788183";"Куртка женская демисезонная City Classic";"'42";"City Classic";"Готов к продаже";;"2";"'4.90";;"2024-08-05 12:15:48";"Одежда";"Куртка";"'13.65";"'2.7";"0";"0";"0";"0";"0";"11250,00";"23500,00";;"5%";;
"416430N10C 200 54";"1134398137";"1649084443";"04610334788169";"Куртка женская демисезонная City Classic";"'42";"City Classic";"Готов к продаже";;"6";"'4.90";;"2024-08-05 12:15:48";"Одежда";"Куртка";"'13.65";"'2.7";"0";"0";"0";"0";"0";"11250,00";"23500,00";;"5%";;
"416430N10C 223 54";"1134398141";"1649084502";"04610334788022";"Куртка женская демисезонная City Classic";"'42";"City Classic";"Готов к продаже";;"3";"'4.90";;"2024-08-05 12:15:48";"Одежда";"Куртка";"'13.65";"'2.7";"0";"0";"0";"0";"0";"11250,00";"23500,00";;"5%";;
"416430N10C 25 56";"1134398146";"1649084574";"04610334788107";"Куртка женская демисезонная City Classic";"'42";"City Classic";"Готов к продаже";;"4";"'4.90";;"2024-08-05 12:15:48";"Одежда";"Куртка";"'13.65";"'2.7";"0";"0";"0";"0";"0";"11250,00";"23500,00";;"5%";;
"416430N10C 223 56";"1134398147";"1649083986";"04610334788039";"Куртка женская демисезонная City Classic";"'42";"City Classic";"Готов к продаже";;"3";"'4.90";;"2024-08-05 12:15:48";"Одежда";"Куртка";"'13.65";"'2.7";"0";"0";"0";"0";"0";"11250,00";"23500,00";;"5%";;
"416430N10C 200 48";"1134398156";"1649084084";"04610334788138";"Куртка женская демисезонная City Classic";"'42";"City Classic";"Готов к продаже";;"3";"'4.90";;"2024-08-05 12:15:48";"Одежда";"Куртка";"'13.65";"'2.7";"0";"0";"0";"0";"0";"11250,00";"23500,00";;"5%";;
"416430N10C 25 58";"1134398159";"1649084507";"04610334788114";"Куртка женская демисезонная City Classic";"'42";"City Classic";"Готов к продаже";;"3";"'4.90";;"2024-08-05 12:15:48";"Одежда";"Куртка";"'13.65";"'2.7";"0";"0";"0";"0";"0";"11250,00";"23500,00";;"5%";;
"416430N10C 223 58";"1134398160";"1649084027";"04610334788046";"Куртка женская демисезонная City Classic";"'42";"City Classic";"Готов к продаже";;"1";"'4.90";;"2024-08-05 12:15:48";"Одежда";"Куртка";"'13.65";"'2.7";"0";"0";"0";"0";"0";"11250,00";"23500,00";;"5%";;
"416430N10C 25 52";"1134398161";"1649084382";"04610334788084";"Куртка женская демисезонная City Classic";"'42";"City Classic";"Готов к продаже";;"4";"'4.90";;"2024-08-05 12:15:48";"Одежда";"Куртка";"'13.65";"'2.7";"0";"0";"0";"0";"0";"11250,00";"23500,00";;"5%";;
"416430N10C 223 52";"1134398162";"1649084709";"04610334788015";"Куртка женская демисезонная City Classic";"'42";"City Classic";"Готов к продаже";;"5";"'4.90";;"2024-08-05 12:15:48";"Одежда";"Куртка";"'13.65";"'2.7";"0";"0";"0";"0";"0";"11250,00";"23500,00";;"5%";;
"416430N10C 200 52";"1134398163";"1649083971";"04610334788152";"Куртка женская демисезонная City Classic";"'42";"City Classic";"Готов к продаже";;"2";"'4.90";;"2024-08-05 12:15:48";"Одежда";"Куртка";"'13.65";"'2.7";"0";"0";"0";"0";"0";"11250,00";"23500,00";;"5%";;
"527791N28N 100 48";"1159096065";"1670344436";"04640314120627";"Куртка зимняя мужская c Trmoreflection";"'54.5";"NortFolk";"Продается";;"1";"'4.90";;"2024-08-26 07:55:50";"Одежда";"Куртка";"'20.48";"'4.1";"1";"0";"0";"0";"0";"18900,00";"30850,00";;"5%";;
"924D151U-FN FN42 48";"1159138010";"1670400573";"04640314039899";"Куртка парка зимняя";"'57";"Shark Force";"Готов к продаже";;"1";"'4.90";;"2024-08-26 08:18:20";"Одежда";"Парка";"'24.86";"'5.0";"0";"0";"0";"0";"0";"25800,00";"41500,00";;"5%";;
"924D151U-FN FN42 46";"1159138023";"1670400628";"04640314039882";"Куртка парка зимняя";"'57";"Shark Force";"Готов к продаже";;"1";"'4.90";;"2024-08-26 08:18:20";"Одежда";"Парка";"'24.86";"'5.0";"0";"0";"0";"0";"0";"25800,00";"41500,00";;"5%";;
"924D151U-FN FN152 46";"1159138032";"1670400389";"04640314039813";"Куртка парка зимняя";"'57";"Shark Force";"Готов к продаже";;"1";"'4.90";;"2024-08-26 08:18:21";"Одежда";"Парка";"'24.86";"'5.0";"0";"0";"0";"0";"0";"25800,00";"41500,00";;"5%";;
"924D151U-FN FN1 54";"1159138043";"1670400672";"04640314039783";"Куртка парка зимняя";"'57";"Shark Force";"Готов к продаже";;"2";"'4.90";;"2024-08-26 08:18:21";"Одежда";"Парка";"'24.86";"'5.0";"0";"0";"0";"0";"0";"25800,00";"41500,00";;"5%";;
"924D151U-FN FN101 48";"1159138045";"1670400650";"04640314039967";"Куртка парка зимняя";"'57";"Shark Force";"Готов к продаже";;"0";"'4.90";;"2024-08-26 08:18:21";"Одежда";"Парка";"'24.86";"'5.0";"0";"0";"0";"0";"0";"25800,00";"41500,00";;"5%";;
"924D151U-FN FN152 50";"1159138060";"1670400587";"04640314039837";"Куртка парка зимняя";"'57";"Shark Force";"Готов к продаже";;"3";"'4.90";;"2024-08-26 08:18:22";"Одежда";"Парка";"'24.86";"'5.0";"0";"0";"0";"0";"0";"25800,00";"41500,00";;"5%";;
"924D151U-FN FN42 54";"1159138061";"1670400457";"04640314039929";"Куртка парка зимняя";"'57";"Shark Force";"Готов к продаже";;"1";"'4.90";;"2024-08-26 08:18:22";"Одежда";"Парка";"'24.86";"'5.0";"0";"0";"0";"0";"0";"25800,00";"41500,00";;"5%";;
"924D151U-FN FN101 54";"1159138062";"1670400503";"04640314039998";"Куртка парка зимняя";"'57";"Shark Force";"Готов к продаже";;"2";"'4.90";;"2024-08-26 08:18:22";"Одежда";"Парка";"'24.86";"'5.0";"0";"0";"0";"0";"0";"25800,00";"41500,00";;"5%";;
"924D151U-FN FN1 46";"1159138123";"1670400581";"04640314039745";"Куртка парка зимняя";"'57";"Shark Force";"Готов к продаже";;"1";"'4.90";;"2024-08-26 08:18:23";"Одежда";"Парка";"'24.86";"'5.0";"0";"0";"0";"0";"0";"25800,00";"41500,00";;"5%";;
"924D151U-FN FN101 52";"1159138129";"1670400694";"04640314039981";"Куртка парка зимняя";"'57";"Shark Force";"Готов к продаже";;"2";"'4.90";;"2024-08-26 08:18:23";"Одежда";"Парка";"'24.86";"'5.0";"0";"0";"0";"0";"0";"25800,00";"41500,00";;"5%";;
"924D151U-FN FN1 58";"1159138136";"1670400878";"04640314039806";"Куртка парка зимняя";"'57";"Shark Force";"Готов к продаже";;"2";"'4.90";;"2024-08-26 08:18:23";"Одежда";"Парка";"'24.86";"'5.0";"0";"0";"0";"0";"0";"25800,00";"41500,00";;"5%";;
"924D151U-FN FN1 48";"1159138138";"1670400569";"04640314039752";"Куртка парка зимняя";"'57";"Shark Force";"Готов к продаже";;"1";"'4.90";;"2024-08-26 08:18:23";"Одежда";"Парка";"'24.86";"'5.0";"0";"0";"0";"0";"0";"25800,00";"41500,00";;"5%";;
"924D151U-FN FN152 54";"1159138140";"1670400488";"04640314039851";"Куртка парка зимняя";"'57";"Shark Force";"Готов к продаже";;"2";"'4.90";;"2024-08-26 08:18:23";"Одежда";"Парка";"'24.86";"'5.0";"0";"0";"0";"0";"0";"25800,00";"41500,00";;"5%";;
"924D151U-FN FN42 50";"1159138142";"1670400418";"04640314039905";"Куртка парка зимняя";"'57";"Shark Force";"Готов к продаже";;"3";"'4.90";;"2024-08-26 08:18:23";"Одежда";"Парка";"'24.86";"'5.0";"0";"0";"0";"0";"0";"25800,00";"41500,00";;"5%";;
"924D151U-FN FN101 58";"1159138143";"1670400751";"04640314040017";"Куртка парка зимняя";"'57";"Shark Force";"Готов к продаже";;"1";"'4.90";;"2024-08-26 08:18:23";"Одежда";"Парка";"'24.86";"'5.0";"0";"0";"0";"0";"0";"25800,00";"41500,00";;"5%";;
"924D151U-FN FN101 50";"1159138156";"1670400571";"04640314039974";"Куртка парка зимняя";"'57";"Shark Force";"Готов к продаже";;"1";"'4.90";;"2024-08-26 08:18:23";"Одежда";"Парка";"'24.86";"'5.0";"0";"0";"0";"0";"0";"25800,00";"41500,00";;"5%";;
"924D151U-FN FN101 46";"1159138158";"1670400815";"04640314039950";"Куртка парка зимняя";"'57";"Shark Force";"Продается";;"0";"'4.90";;"2024-08-26 08:18:23";"Одежда";"Парка";"'24.86";"'5.0";"1";"0";"0";"0";"0";"25800,00";"41500,00";;"5%";;
"924D151U-FN FN1 52";"1159138159";"1670400572";"04640314039776";"Куртка парка зимняя";"'57";"Shark Force";"Готов к продаже";;"1";"'4.90";;"2024-08-26 08:18:23";"Одежда";"Парка";"'24.86";"'5.0";"0";"0";"0";"0";"0";"25800,00";"41500,00";;"5%";;
"924D151U-FN FN152 48";"1159138163";"1670400669";"04640314039820";"Куртка парка зимняя";"'57";"Shark Force";"Готов к продаже";;"1";"'4.90";;"2024-08-26 08:18:23";"Одежда";"Парка";"'24.86";"'5.0";"0";"0";"0";"0";"0";"25800,00";"41500,00";;"5%";;
"924D151U-FN FN1 50";"1159138164";"1670400698";"04640314039769";"Куртка парка зимняя";"'57";"Shark Force";"Готов к продаже";;"1";"'4.90";;"2024-08-26 08:18:23";"Одежда";"Парка";"'24.86";"'5.0";"0";"0";"0";"0";"0";"25800,00";"41500,00";;"5%";;
"924D151U-FN FN42 58";"1159138204";"1670400687";"04640314039943";"Куртка парка зимняя";"'57";"Shark Force";"Готов к продаже";;"1";"'4.90";;"2024-08-26 08:18:25";"Одежда";"Парка";"'24.86";"'5.0";"0";"0";"0";"0";"0";"25800,00";"41500,00";;"5%";;
"924D151U-FN FN152 58";"1159138205";"1670400588";"04640314039875";"Куртка парка зимняя";"'57";"Shark Force";"Готов к продаже";;"0";"'4.90";;"2024-08-26 08:18:25";"Одежда";"Парка";"'24.86";"'5.0";"0";"0";"0";"0";"0";"25800,00";"41500,00";;"5%";;
"924D151U-FN FN42 52";"1159138207";"1670400623";"04640314039912";"Куртка парка зимняя";"'57";"Shark Force";"Готов к продаже";;"2";"'4.90";;"2024-08-26 08:18:25";"Одежда";"Парка";"'24.86";"'5.0";"0";"0";"0";"0";"0";"25800,00";"41500,00";;"5%";;
"924D151U-FN FN152 56";"1159138208";"1670400607";"04640314039868";"Куртка парка зимняя";"'57";"Shark Force";"Продается";;"1";"'4.90";;"2024-08-26 08:18:25";"Одежда";"Парка";"'24.86";"'5.0";"1";"0";"0";"0";"0";"25800,00";"41500,00";;"5%";;
"924D151U-FN FN42 56";"1159138224";"1670400881";"04640314039936";"Куртка парка зимняя";"'57";"Shark Force";"Продается";;"0";"'4.90";;"2024-08-26 08:18:25";"Одежда";"Парка";"'24.86";"'5.0";"2";"0";"0";"0";"0";"25800,00";"41500,00";;"5%";;
"924D151U-FN FN101 56";"1159138225";"1670400834";"04640314040000";"Куртка парка зимняя";"'57";"Shark Force";"Готов к продаже";;"3";"'4.90";;"2024-08-26 08:18:25";"Одежда";"Парка";"'24.86";"'5.0";"0";"0";"0";"0";"0";"25800,00";"41500,00";;"5%";;
"924D151U-FN FN152 52";"1159138227";"1670400884";"04640314039844";"Куртка парка зимняя";"'57";"Shark Force";"Готов к продаже";;"1";"'4.90";;"2024-08-26 08:18:25";"Одежда";"Парка";"'24.86";"'5.0";"0";"0";"0";"0";"0";"25800,00";"41500,00";;"5%";;
"924D151U-FN FN1 56";"1159138255";"1670400732";"04640314039790";"Куртка парка зимняя";"'57";"Shark Force";"Продается";;"2";"'4.90";;"2024-08-26 08:18:28";"Одежда";"Парка";"'24.86";"'5.0";"1";"0";"0";"0";"0";"25800,00";"41500,00";;"5%";;
"527791N28N 100 54";"1159202041";"1670480844";"04640314120658";"Куртка зимняя мужская c Trmoreflection";"'54.5";"NortFolk";"Продается";;"0";"'4.90";;"2024-08-26 08:49:59";"Одежда";"Куртка";"'20.48";"'4.1";"1";"0";"0";"0";"0";"18900,00";"30850,00";;"5%";;
"527791N28N 98 54";"1159202126";"1670481075";"04640314120719";"Куртка зимняя мужская c Trmoreflection";"'54.5";"NortFolk";"Готов к продаже";;"1";"'4.90";;"2024-08-26 08:50:01";"Одежда";"Куртка";"'20.48";"'4.1";"0";"0";"0";"0";"0";"18900,00";"30850,00";;"5%";;
"527791N28N 99 54";"1159202164";"1670480928";"04640314120580";"Куртка зимняя мужская c Trmoreflection";"'54.5";"NortFolk";"Готов к продаже";;"1";"'4.90";;"2024-08-26 08:50:02";"Одежда";"Куртка";"'20.48";"'4.1";"0";"0";"0";"0";"0";"18900,00";"30850,00";;"5%";;
"527791N28N 99 56";"1159202187";"1670481006";"04640314120597";"Куртка зимняя мужская c Trmoreflection";"'54.5";"NortFolk";"Готов к продаже";;"3";"'4.90";;"2024-08-26 08:50:04";"Одежда";"Куртка";"'20.48";"'4.1";"0";"0";"0";"0";"0";"18900,00";"30850,00";;"5%";;
"527791N28N 100 50";"1159202236";"1670480916";"04640314120634";"Куртка зимняя мужская c Trmoreflection";"'54.5";"NortFolk";"Готов к продаже";;"1";"'4.90";;"2024-08-26 08:50:05";"Одежда";"Куртка";"'20.48";"'4.1";"0";"0";"0";"0";"0";"18900,00";"30850,00";;"5%";;
"527791N28N 98 52";"1159202239";"1670480895";"04640314120702";"Куртка зимняя мужская c Trmoreflection";"'54.5";"NortFolk";"Продается";;"1";"'4.90";;"2024-08-26 08:50:05";"Одежда";"Куртка";"'20.48";"'4.1";"1";"0";"0";"0";"0";"18900,00";"30850,00";;"5%";;
"527791N28N 98 48";"1159202254";"1670481009";"04640314120689";"Куртка зимняя мужская c Trmoreflection";"'54.5";"NortFolk";"Готов к продаже";;"2";"'4.90";;"2024-08-26 08:50:05";"Одежда";"Куртка";"'20.48";"'4.1";"0";"0";"0";"0";"0";"18900,00";"30850,00";;"5%";;
"527791N28N 98 56";"1159202272";"1670481011";"04640314120726";"Куртка зимняя мужская c Trmoreflection";"'54.5";"NortFolk";"Готов к продаже";;"2";"'4.90";;"2024-08-26 08:50:05";"Одежда";"Куртка";"'20.48";"'4.1";"0";"0";"0";"0";"0";"18900,00";"30850,00";;"5%";;
"527791N28N 100 58";"1159202289";"1670481181";"04640314120672";"Куртка зимняя мужская c Trmoreflection";"'54.5";"NortFolk";"Готов к продаже";;"1";"'4.90";;"2024-08-26 08:50:05";"Одежда";"Куртка";"'20.48";"'4.1";"0";"0";"0";"0";"0";"18900,00";"30850,00";;"5%";;
"527791N28N 100 56";"1159202309";"1670481349";"04640314120665";"Куртка зимняя мужская c Trmoreflection";"'54.5";"NortFolk";"Готов к продаже";;"1";"'4.90";;"2024-08-26 08:50:05";"Одежда";"Куртка";"'20.48";"'4.1";"0";"0";"0";"0";"0";"18900,00";"30850,00";;"5%";;
"527791N28N 99 48";"1159202325";"1670481146";"04640314120559";"Куртка зимняя мужская c Trmoreflection";"'54.5";"NortFolk";"Готов к продаже";;"2";"'4.90";;"2024-08-26 08:50:05";"Одежда";"Куртка";"'20.48";"'4.1";"0";"0";"0";"0";"0";"18900,00";"30850,00";;"5%";;
"527791N28N 98 58";"1159202329";"1670481082";"04640314120733";"Куртка зимняя мужская c Trmoreflection";"'54.5";"NortFolk";"Готов к продаже";;"1";"'4.90";;"2024-08-26 08:50:05";"Одежда";"Куртка";"'20.48";"'4.1";"0";"0";"0";"0";"0";"18900,00";"30850,00";;"5%";;
"527791N28N 99 52";"1159202358";"1670481061";"04640314120573";"Куртка зимняя мужская c Trmoreflection";"'54.5";"NortFolk";"Готов к продаже";;"2";"'4.90";;"2024-08-26 08:50:06";"Одежда";"Куртка";"'20.48";"'4.1";"0";"0";"0";"0";"0";"18900,00";"30850,00";;"5%";;
"527791N28N 99 58";"1159202359";"1670481157";"04640314120603";"Куртка зимняя мужская c Trmoreflection";"'54.5";"NortFolk";"Готов к продаже";;"1";"'4.90";;"2024-08-26 08:50:06";"Одежда";"Куртка";"'20.48";"'4.1";"0";"0";"0";"0";"0";"18900,00";"30850,00";;"5%";;
"527791N28N 99 50";"1159202362";"1670481164";"04640314120566";"Куртка зимняя мужская c Trmoreflection";"'54.5";"NortFolk";"Готов к продаже";;"3";"'4.90";;"2024-08-26 08:50:06";"Одежда";"Куртка";"'20.48";"'4.1";"0";"0";"0";"0";"0";"18900,00";"30850,00";;"5%";;
"527791N28N 100 52";"1159202407";"1670481002";"04640314120641";"Куртка зимняя мужская c Trmoreflection";"'54.5";"NortFolk";"Готов к продаже";;"1";"'4.90";;"2024-08-26 08:50:08";"Одежда";"Куртка";"'20.48";"'4.1";"0";"0";"0";"0";"0";"18900,00";"30850,00";;"5%";;
"527791N28N 98 50";"1159202408";"1670481385";"04640314120696";"Куртка зимняя мужская c Trmoreflection";"'54.5";"NortFolk";"Готов к продаже";;"1";"'4.90";;"2024-08-26 08:50:08";"Одежда";"Куртка";"'20.48";"'4.1";"0";"0";"0";"0";"0";"18900,00";"30850,00";;"5%";;
"924D041U MG010 48";"1174986804";"1684157555";"04640314039240";"Куртка парка мужская зимняя с капюшоном SharkForce";"'69.5";"Shark Force";"Готов к продаже";;"2";"'4.90";;"2024-09-06 10:27:36";"Одежда";"Парка";"'24.86";"'5.0";"0";"0";"0";"0";"0";"29900,00";"49950,00";;"5%";;
"924D041U MG0122 48";"1174986805";"1684174810";"04640314039349";"Куртка парка мужская зимняя с капюшоном SharkForce";"'69.5";"Shark Force";"Готов к продаже";;"1";"'4.90";;"2024-09-06 10:27:36";"Одежда";"Парка";"'24.86";"'5.0";"0";"0";"0";"0";"0";"29900,00";"49950,00";;"5%";;
"924D041U MG0122 64";"1174986823";"1684174889";"04640314039424";"Куртка парка мужская зимняя с капюшоном SharkForce";"'69.5";"Shark Force";"Готов к продаже";;"2";"'4.90";;"2024-09-06 10:27:37";"Одежда";"Парка";"'24.86";"'5.0";"0";"0";"0";"0";"0";"29900,00";"49950,00";;"5%";;
"924D041U MG06 52";"1174986824";"1684157698";"04640314039462";"Куртка парка мужская зимняя с капюшоном SharkForce";"'69.5";"Shark Force";"Готов к продаже";;"3";"'4.90";;"2024-09-06 10:27:37";"Одежда";"Парка";"'24.86";"'5.0";"0";"0";"0";"0";"0";"29900,00";"49950,00";;"5%";;
"924D041U MG042 50";"1174986825";"1684157504";"04640314039158";"Куртка парка мужская зимняя с капюшоном SharkForce";"'69.5";"Shark Force";"Готов к продаже";;"1";"'4.90";;"2024-09-06 10:27:37";"Одежда";"Парка";"'24.86";"'5.0";"0";"0";"0";"0";"0";"29900,00";"49950,00";;"5%";;
"724D930U MG015 52";"1174986831";"1684157943";"04640314040260";"Куртка парка мужская зимняя с капюшоном SharkForce";"'67";"Shark Force";"Готов к продаже";;"1";"'4.90";;"2024-09-06 10:27:37";"Одежда";"Парка";"'23.40";"'4.7";"0";"0";"0";"0";"0";"28900,00";"49900,00";;"5%";;
"724D930U MG06 58";"1174986832";"1684157613";"04640314040222";"Куртка парка мужская зимняя с капюшоном SharkForce";"'82";"Shark Force";"Готов к продаже";;"0";"'4.90";;"2024-09-06 10:27:37";"Одежда";"Парка";"'23.40";"'4.7";"0";"0";"0";"0";"0";"28900,00";"49900,00";;"5%";;
"924D041U MG01 54";"1174986833";"1684157541";"04640314039073";"Куртка парка мужская зимняя с капюшоном SharkForce";"'69.5";"Shark Force";"Готов к продаже";;"3";"'4.90";;"2024-09-06 10:27:37";"Одежда";"Парка";"'24.86";"'5.0";"0";"0";"0";"0";"0";"29900,00";"49950,00";;"5%";;
"924D041U MG0122 50";"1174986834";"1684174786";"04640314039356";"Куртка парка мужская зимняя с капюшоном SharkForce";"'69.5";"Shark Force";"Готов к продаже";;"1";"'4.90";;"2024-09-06 10:27:37";"Одежда";"Парка";"'24.86";"'5.0";"0";"0";"0";"0";"0";"29900,00";"49950,00";;"5%";;
"924D041U MG042 46";"1174986835";"1684157598";"04640314039134";"Куртка парка мужская зимняя с капюшоном SharkForce";"'69.5";"Shark Force";"Готов к продаже";;"1";"'4.90";;"2024-09-06 10:27:37";"Одежда";"Парка";"'24.86";"'5.0";"0";"0";"0";"0";"0";"29900,00";"49950,00";;"5%";;
"924D041U MG042 60";"1174986836";"1684157657";"04640314039202";"Куртка парка мужская зимняя с капюшоном SharkForce";"'69.5";"Shark Force";"Готов к продаже";;"2";"'4.90";;"2024-09-06 10:27:37";"Одежда";"Парка";"'24.86";"'5.0";"0";"0";"0";"0";"0";"29900,00";"49950,00";;"5%";;
"924D041U MG0122 58";"1174986837";"1684174898";"04640314039394";"Куртка парка мужская зимняя с капюшоном SharkForce";"'69.5";"Shark Force";"Готов к продаже";;"0";"'4.90";;"2024-09-06 10:27:37";"Одежда";"Парка";"'24.86";"'5.0";"0";"0";"0";"0";"0";"29900,00";"49950,00";;"5%";;
"724D930U MG015 56";"1174986841";"1684157641";"04640314040284";"Куртка парка мужская зимняя с капюшоном SharkForce";"'67";"Shark Force";"Готов к продаже";;"1";"'4.90";;"2024-09-06 10:27:37";"Одежда";"Парка";"'23.40";"'4.7";"0";"0";"0";"0";"0";"28900,00";"49900,00";;"5%";;
"924D041U MG0122 54";"1174986842";"1684174845";"04640314039370";"Куртка парка мужская зимняя с капюшоном SharkForce";"'69.5";"Shark Force";"Готов к продаже";;"2";"'4.90";;"2024-09-06 10:27:37";"Одежда";"Парка";"'24.86";"'5.0";"0";"0";"0";"0";"0";"29900,00";"49950,00";;"5%";;
"724D930U MG01 46";"1174986845";"1684157724";"04640314040024";"Куртка парка мужская зимняя с капюшоном SharkForce";"'67";"Shark Force";"Готов к продаже";;"2";"'4.90";;"2024-09-06 10:27:37";"Одежда";"Парка";"'23.40";"'4.7";"0";"0";"0";"0";"0";"28900,00";"49900,00";;"5%";;
"724D930U MG01 50";"1174986855";"1684157524";"04640314040048";"Куртка парка мужская зимняя с капюшоном SharkForce";"'67";"Shark Force";"Готов к продаже";;"0";"'4.90";;"2024-09-06 10:27:37";"Одежда";"Парка";"'23.40";"'4.7";"0";"0";"0";"0";"0";"28900,00";"49900,00";;"5%";;
"924D216U MG042 54";"1174986856";"1684157729";"04640314038816";"Куртка парка мужская зимняя с капюшоном SharkForce";"'54.5";"Shark Force";"Готов к продаже";;"0";"'5.00";;"2024-09-06 10:27:37";"Одежда";"Парка";"'23.40";"'4.7";"0";"0";"0";"0";"0";"24800,00";"49900,00";;"5%";;
"724D930U MG042 52";"1174986868";"1684157546";"04640314040123";"Куртка парка мужская зимняя с капюшоном SharkForce";"'67";"Shark Force";"Готов к продаже";;"2";"'4.90";;"2024-09-06 10:27:38";"Одежда";"Парка";"'23.40";"'4.7";"0";"0";"0";"0";"0";"28900,00";"49900,00";;"5%";;
"924D041U MG010 52";"1174986869";"1684157742";"04640314039264";"Куртка парка мужская зимняя с капюшоном SharkForce";"'69.5";"Shark Force";"Готов к продаже";;"2";"'4.90";;"2024-09-06 10:27:38";"Одежда";"Парка";"'24.86";"'5.0";"0";"0";"0";"0";"0";"29900,00";"49950,00";;"5%";;
"724D930U MG06 50";"1174986871";"1684157545";"04640314040185";"Куртка парка мужская зимняя с капюшоном SharkForce";"'82";"Shark Force";"Готов к продаже";;"2";"'4.90";;"2024-09-06 10:27:38";"Одежда";"Парка";"'23.40";"'4.7";"0";"0";"0";"0";"0";"28900,00";"49900,00";;"5%";;
"924D041U MG042 64";"1174986872";"1684157843";"04640314039226";"Куртка парка мужская зимняя с капюшоном SharkForce";"'69.5";"Shark Force";"Готов к продаже";;"1";"'4.90";;"2024-09-06 10:27:38";"Одежда";"Парка";"'24.86";"'5.0";"0";"0";"0";"0";"0";"29900,00";"49950,00";;"5%";;
"924D216U MG06 48";"1174986873";"1684157821";"04640314038854";"Куртка парка мужская зимняя с капюшоном SharkForce";"'54.5";"Shark Force";"Готов к продаже";;"0";"'5.00";;"2024-09-06 10:27:38";"Одежда";"Парка";"'23.40";"'4.7";"0";"0";"0";"0";"0";"24800,00";"49900,00";;"5%";;
"724D930U MG01 54";"1174986887";"1684158048";"04640314040062";"Куртка парка мужская зимняя с капюшоном SharkForce";"'67";"Shark Force";"Готов к продаже";;"0";"'4.90";;"2024-09-06 10:27:38";"Одежда";"Парка";"'23.40";"'4.7";"0";"0";"0";"0";"0";"28900,00";"49900,00";;"5%";;
"924D041U MG01 46";"1174986888";"1684157965";"04640314039035";"Куртка парка мужская зимняя с капюшоном SharkForce";"'69.5";"Shark Force";"Готов к продаже";;"1";"'4.90";;"2024-09-06 10:27:38";"Одежда";"Парка";"'24.86";"'5.0";"0";"0";"0";"0";"0";"29900,00";"49950,00";;"5%";;
"724D930U MG06 48";"1174986889";"1684157587";"04640314040178";"Куртка парка мужская зимняя с капюшоном SharkForce";"'82";"Shark Force";"Готов к продаже";;"1";"'4.90";;"2024-09-06 10:27:38";"Одежда";"Парка";"'23.40";"'4.7";"0";"0";"0";"0";"0";"28900,00";"49900,00";;"5%";;
"924D216U MG042 50";"1174986890";"1684157792";"04640314038793";"Куртка парка мужская зимняя с капюшоном SharkForce";"'54.5";"Shark Force";"Готов к продаже";;"1";"'5.00";;"2024-09-06 10:27:38";"Одежда";"Парка";"'23.40";"'4.7";"0";"0";"0";"0";"0";"24800,00";"49900,00";;"5%";;
"924D041U MG06 54";"1174986891";"1684157633";"04640314039479";"Куртка парка мужская зимняя с капюшоном SharkForce";"'69.5";"Shark Force";"Готов к продаже";;"5";"'4.90";;"2024-09-06 10:27:38";"Одежда";"Парка";"'24.86";"'5.0";"0";"0";"0";"0";"0";"29900,00";"49950,00";;"5%";;
"924D216U MG06 50";"1174986892";"1684157727";"04640314038861";"Куртка парка мужская зимняя с капюшоном SharkForce";"'54.5";"Shark Force";"Готов к продаже";;"1";"'5.00";;"2024-09-06 10:27:38";"Одежда";"Парка";"'23.40";"'4.7";"0";"0";"0";"0";"0";"24800,00";"49900,00";;"5%";;
"924D041U MG06 48";"1174986896";"1684158162";"04640314039448";"Куртка парка мужская зимняя с капюшоном SharkForce";"'69.5";"Shark Force";"Готов к продаже";;"3";"'4.90";;"2024-09-06 10:27:38";"Одежда";"Парка";"'24.86";"'5.0";"0";"0";"0";"0";"0";"29900,00";"49950,00";;"5%";;
"724D930U MG015 50";"1174986897";"1684157947";"04640314040253";"Куртка парка мужская зимняя с капюшоном SharkForce";"'67";"Shark Force";"Готов к продаже";;"1";"'4.90";;"2024-09-06 10:27:38";"Одежда";"Парка";"'23.40";"'4.7";"0";"0";"0";"0";"0";"28900,00";"49900,00";;"5%";;
"924D041U MG0122 56";"1174986899";"1684174859";"04640314039387";"Куртка парка мужская зимняя с капюшоном SharkForce";"'69.5";"Shark Force";"Готов к продаже";;"1";"'4.90";;"2024-09-06 10:27:38";"Одежда";"Парка";"'24.86";"'5.0";"0";"0";"0";"0";"0";"29900,00";"49950,00";;"5%";;
"924D041U MG042 62";"1174986905";"1684157848";"04640314039219";"Куртка парка мужская зимняя с капюшоном SharkForce";"'69.5";"Shark Force";"Готов к продаже";;"0";"'4.90";;"2024-09-06 10:27:38";"Одежда";"Парка";"'24.86";"'5.0";"0";"0";"0";"0";"0";"29900,00";"49950,00";;"5%";;
"724D930U MG015 58";"1174986906";"1684157602";"04640314040291";"Куртка парка мужская зимняя с капюшоном SharkForce";"'67";"Shark Force";"Продается";;"3";"'4.90";;"2024-09-06 10:27:38";"Одежда";"Парка";"'23.40";"'4.7";"2";"0";"0";"0";"0";"28900,00";"49900,00";;"5%";;
"724D930U MG042 54";"1174986907";"1684157612";"04640314040130";"Куртка парка мужская зимняя с капюшоном SharkForce";"'67";"Shark Force";"Готов к продаже";;"0";"'4.90";;"2024-09-06 10:27:38";"Одежда";"Парка";"'23.40";"'4.7";"0";"0";"0";"0";"0";"28900,00";"49900,00";;"5%";;
"924D041U MG01 52";"1174986908";"1684157603";"04640314039066";"Куртка парка мужская зимняя с капюшоном SharkForce";"'69.5";"Shark Force";"Готов к продаже";;"3";"'4.90";;"2024-09-06 10:27:38";"Одежда";"Парка";"'24.86";"'5.0";"0";"0";"0";"0";"0";"29900,00";"49950,00";;"5%";;
"924D216U MG042 46";"1174986910";"1684158063";"04640314038779";"Куртка парка мужская зимняя с капюшоном SharkForce";"'54.5";"Shark Force";"Готов к продаже";;"0";"'5.00";;"2024-09-06 10:27:38";"Одежда";"Парка";"'23.40";"'4.7";"0";"0";"0";"0";"0";"24800,00";"49900,00";;"5%";;
"924D041U MG010 50";"1174986916";"1684157606";"04640314039257";"Куртка парка мужская зимняя с капюшоном SharkForce";"'69.5";"Shark Force";"Готов к продаже";;"3";"'4.90";;"2024-09-06 10:27:38";"Одежда";"Парка";"'24.86";"'5.0";"0";"0";"0";"0";"0";"29900,00";"49950,00";;"5%";;
"724D930U MG042 56";"1174986921";"1684158159";"04640314040147";"Куртка парка мужская зимняя с капюшоном SharkForce";"'67";"Shark Force";"Готов к продаже";;"1";"'4.90";;"2024-09-06 10:27:39";"Одежда";"Парка";"'23.40";"'4.7";"0";"0";"0";"0";"0";"28900,00";"49900,00";;"5%";;
"924D041U MG010 56";"1174986922";"1684157697";"04640314039288";"Куртка парка мужская зимняя с капюшоном SharkForce";"'69.5";"Shark Force";"Готов к продаже";;"1";"'4.90";;"2024-09-06 10:27:39";"Одежда";"Парка";"'24.86";"'5.0";"0";"0";"0";"0";"0";"29900,00";"49950,00";;"5%";;
"924D041U MG01 50";"1174986923";"1684157936";"04640314039059";"Куртка парка мужская зимняя с капюшоном SharkForce";"'69.5";"Shark Force";"Готов к продаже";;"2";"'4.90";;"2024-09-06 10:27:39";"Одежда";"Парка";"'24.86";"'5.0";"0";"0";"0";"0";"0";"29900,00";"49950,00";;"5%";;
"724D930U MG06 54";"1174986927";"1684157615";"04640314040208";"Куртка парка мужская зимняя с капюшоном SharkForce";"'82";"Shark Force";"Готов к продаже";;"2";"'4.90";;"2024-09-06 10:27:39";"Одежда";"Парка";"'23.40";"'4.7";"0";"0";"0";"0";"0";"28900,00";"49900,00";;"5%";;
"924D041U MG01 58";"1174986928";"1684157798";"04640314039097";"Куртка парка мужская зимняя с капюшоном SharkForce";"'69.5";"Shark Force";"Готов к продаже";;"3";"'4.90";;"2024-09-06 10:27:39";"Одежда";"Парка";"'24.86";"'5.0";"0";"0";"0";"0";"0";"29900,00";"49950,00";;"5%";;
"924D041U MG06 46";"1174986931";"1684157705";"04640314039431";"Куртка парка мужская зимняя с капюшоном SharkForce";"'69.5";"Shark Force";"Готов к продаже";;"0";"'4.90";;"2024-09-06 10:27:39";"Одежда";"Парка";"'24.86";"'5.0";"0";"0";"0";"0";"0";"29900,00";"49950,00";;"5%";;
"924D216U MG042 48";"1174986941";"1684157894";"04640314038786";"Куртка парка мужская зимняя с капюшоном SharkForce";"'54.5";"Shark Force";"Готов к продаже";;"1";"'5.00";;"2024-09-06 10:27:39";"Одежда";"Парка";"'23.40";"'4.7";"0";"0";"0";"0";"0";"24800,00";"49900,00";;"5%";;
"924D041U MG042 54";"1174986952";"1684157747";"04640314039172";"Куртка парка мужская зимняя с капюшоном SharkForce";"'69.5";"Shark Force";"Готов к продаже";;"3";"'4.90";;"2024-09-06 10:27:39";"Одежда";"Парка";"'24.86";"'5.0";"0";"0";"0";"0";"0";"29900,00";"49950,00";;"5%";;
"724D930U MG042 48";"1174986953";"1684157900";"04640314040109";"Куртка парка мужская зимняя с капюшоном SharkForce";"'67";"Shark Force";"Готов к продаже";;"1";"'4.90";;"2024-09-06 10:27:39";"Одежда";"Парка";"'23.40";"'4.7";"0";"0";"0";"0";"0";"28900,00";"49900,00";;"5%";;
"924D041U MG01 48";"1174986955";"1684157751";"04640314039042";"Куртка парка мужская зимняя с капюшоном SharkForce";"'69.5";"Shark Force";"Готов к продаже";;"1";"'4.90";;"2024-09-06 10:27:39";"Одежда";"Парка";"'24.86";"'5.0";"0";"0";"0";"0";"0";"29900,00";"49950,00";;"5%";;
"924D041U MG0122 60";"1174986957";"1684174906";"04640314039400";"Куртка парка мужская зимняя с капюшоном SharkForce";"'69.5";"Shark Force";"Готов к продаже";;"1";"'4.90";;"2024-09-06 10:27:39";"Одежда";"Парка";"'24.86";"'5.0";"0";"0";"0";"0";"0";"29900,00";"49950,00";;"5%";;
"724D930U MG06 52";"1174986960";"1684157907";"04640314040192";"Куртка парка мужская зимняя с капюшоном SharkForce";"'82";"Shark Force";"Готов к продаже";;"3";"'4.90";;"2024-09-06 10:27:40";"Одежда";"Парка";"'23.40";"'4.7";"0";"0";"0";"0";"0";"28900,00";"49900,00";;"5%";;
"724D930U MG01 48";"1174986961";"1684157823";"04640314040031";"Куртка парка мужская зимняя с капюшоном SharkForce";"'67";"Shark Force";"Готов к продаже";;"1";"'4.90";;"2024-09-06 10:27:40";"Одежда";"Парка";"'23.40";"'4.7";"0";"0";"0";"0";"0";"28900,00";"49900,00";;"5%";;
"724D930U MG042 50";"1174986962";"1684157752";"04640314040116";"Куртка парка мужская зимняя с капюшоном SharkForce";"'67";"Shark Force";"Готов к продаже";;"0";"'4.90";;"2024-09-06 10:27:40";"Одежда";"Парка";"'23.40";"'4.7";"0";"0";"0";"0";"0";"28900,00";"49900,00";;"5%";;
"724D930U MG015 48";"1174986968";"1684158059";"04640314040246";"Куртка парка мужская зимняя с капюшоном SharkForce";"'67";"Shark Force";"Готов к продаже";;"1";"'4.90";;"2024-09-06 10:27:40";"Одежда";"Парка";"'23.40";"'4.7";"0";"0";"0";"0";"0";"28900,00";"49900,00";;"5%";;
"924D216U MG06 54";"1174986969";"1684158068";"04640314038885";"Куртка парка мужская зимняя с капюшоном SharkForce";"'54.5";"Shark Force";"Готов к продаже";;"2";"'5.00";;"2024-09-06 10:27:40";"Одежда";"Парка";"'23.40";"'4.7";"0";"0";"0";"0";"0";"24800,00";"49900,00";;"5%";;
"924D041U MG042 52";"1174986970";"1684158025";"04640314039165";"Куртка парка мужская зимняя с капюшоном SharkForce";"'69.5";"Shark Force";"Готов к продаже";;"3";"'4.90";;"2024-09-06 10:27:40";"Одежда";"Парка";"'24.86";"'5.0";"0";"0";"0";"0";"0";"29900,00";"49950,00";;"5%";;
"924D041U MG0122 46";"1174986971";"1684174900";"04640314039332";"Куртка парка мужская зимняя с капюшоном SharkForce";"'69.5";"Shark Force";"Готов к продаже";;"0";"'4.90";;"2024-09-06 10:27:40";"Одежда";"Парка";"'24.86";"'5.0";"0";"0";"0";"0";"0";"29900,00";"49950,00";;"5%";;
"924D041U MG06 50";"1174986972";"1684157952";"04640314039455";"Куртка парка мужская зимняя с капюшоном SharkForce";"'69.5";"Shark Force";"Готов к продаже";;"2";"'4.90";;"2024-09-06 10:27:40";"Одежда";"Парка";"'24.86";"'5.0";"0";"0";"0";"0";"0";"29900,00";"49950,00";;"5%";;
"924D041U MG0122 62";"1174986978";"1684174839";"04640314039417";"Куртка парка мужская зимняя с капюшоном SharkForce";"'69.5";"Shark Force";"Готов к продаже";;"2";"'4.90";;"2024-09-06 10:27:41";"Одежда";"Парка";"'24.86";"'5.0";"0";"0";"0";"0";"0";"29900,00";"49950,00";;"5%";;
"924D041U MG042 56";"1174986979";"1684157937";"04640314039189";"Куртка парка мужская зимняя с капюшоном SharkForce";"'69.5";"Shark Force";"Готов к продаже";;"0";"'4.90";;"2024-09-06 10:27:41";"Одежда";"Парка";"'24.86";"'5.0";"0";"0";"0";"0";"0";"29900,00";"49950,00";;"5%";;
"724D930U MG042 58";"1174986995";"1684157744";"04640314040154";"Куртка парка мужская зимняя с капюшоном SharkForce";"'67";"Shark Force";"Готов к продаже";;"1";"'4.90";;"2024-09-06 10:27:41";"Одежда";"Парка";"'23.40";"'4.7";"0";"0";"0";"0";"0";"28900,00";"49900,00";;"5%";;
"924D041U MG0122 52";"1174986996";"1684175036";"04640314039363";"Куртка парка мужская зимняя с капюшоном SharkForce";"'69.5";"Shark Force";"Готов к продаже";;"2";"'4.90";;"2024-09-06 10:27:41";"Одежда";"Парка";"'24.86";"'5.0";"0";"0";"0";"0";"0";"29900,00";"49950,00";;"5%";;
"924D041U MG01 56";"1174986997";"1684157950";"04640314039080";"Куртка парка мужская зимняя с капюшоном SharkForce";"'69.5";"Shark Force";"Готов к продаже";;"3";"'4.90";;"2024-09-06 10:27:41";"Одежда";"Парка";"'24.86";"'5.0";"0";"0";"0";"0";"0";"29900,00";"49950,00";;"5%";;
"924D041U MG010 54";"1174986999";"1684157884";"04640314039271";"Куртка парка мужская зимняя с капюшоном SharkForce";"'69.5";"Shark Force";"Готов к продаже";;"1";"'4.90";;"2024-09-06 10:27:41";"Одежда";"Парка";"'24.86";"'5.0";"0";"0";"0";"0";"0";"29900,00";"49950,00";;"5%";;
"924D041U MG042 48";"1174987000";"1684157867";"04640314039141";"Куртка парка мужская зимняя с капюшоном SharkForce";"'69.5";"Shark Force";"Готов к продаже";;"2";"'4.90";;"2024-09-06 10:27:41";"Одежда";"Парка";"'24.86";"'5.0";"0";"0";"0";"0";"0";"29900,00";"49950,00";;"5%";;
"924D216U MG042 56";"1174987005";"1684157856";"04640314038823";"Куртка парка мужская зимняя с капюшоном SharkForce";"'54.5";"Shark Force";"Готов к продаже";;"2";"'5.00";;"2024-09-06 10:27:41";"Одежда";"Парка";"'23.40";"'4.7";"0";"0";"0";"0";"0";"24800,00";"49900,00";;"5%";;
"724D930U MG01 52";"1174987006";"1684157853";"04640314040055";"Куртка парка мужская зимняя с капюшоном SharkForce";"'67";"Shark Force";"Готов к продаже";;"4";"'4.90";;"2024-09-06 10:27:41";"Одежда";"Парка";"'23.40";"'4.7";"0";"0";"0";"0";"0";"28900,00";"49900,00";;"5%";;
"724D930U MG01 58";"1174987007";"1684157826";"04640314040086";"Куртка парка мужская зимняя с капюшоном SharkForce";"'67";"Shark Force";"Готов к продаже";;"1";"'4.90";;"2024-09-06 10:27:41";"Одежда";"Парка";"'23.40";"'4.7";"0";"0";"0";"0";"0";"28900,00";"49900,00";;"5%";;
"724D930U MG06 46";"1174987011";"1684158073";"04640314040161";"Куртка парка мужская зимняя с капюшоном SharkForce";"'82";"Shark Force";"Готов к продаже";;"1";"'4.90";;"2024-09-06 10:27:41";"Одежда";"Парка";"'23.40";"'4.7";"0";"0";"0";"0";"0";"28900,00";"49900,00";;"5%";;
"924D041U MG042 58";"1174987013";"1684157781";"04640314039196";"Куртка парка мужская зимняя с капюшоном SharkForce";"'69.5";"Shark Force";"Готов к продаже";;"1";"'4.90";;"2024-09-06 10:27:41";"Одежда";"Парка";"'24.86";"'5.0";"0";"0";"0";"0";"0";"29900,00";"49950,00";;"5%";;
"924D041U MG06 58";"1174987034";"1684157786";"04640314039493";"Куртка парка мужская зимняя с капюшоном SharkForce";"'69.5";"Shark Force";"Готов к продаже";;"2";"'4.90";;"2024-09-06 10:27:43";"Одежда";"Парка";"'24.86";"'5.0";"0";"0";"0";"0";"0";"29900,00";"49950,00";;"5%";;
"924D216U MG042 58";"1174987035";"1684157957";"04640314038830";"Куртка парка мужская зимняя с капюшоном SharkForce";"'54.5";"Shark Force";"Готов к продаже";;"0";"'5.00";;"2024-09-06 10:27:43";"Одежда";"Парка";"'23.40";"'4.7";"0";"0";"0";"0";"0";"24800,00";"49900,00";;"5%";;
"724D930U MG015 54";"1174987038";"1684157748";"04640314040277";"Куртка парка мужская зимняя с капюшоном SharkForce";"'67";"Shark Force";"Готов к продаже";;"1";"'4.90";;"2024-09-06 10:27:44";"Одежда";"Парка";"'23.40";"'4.7";"0";"0";"0";"0";"0";"28900,00";"49900,00";;"5%";;
"924D041U MG010 58";"1174987040";"1684157859";"04640314039295";"Куртка парка мужская зимняя с капюшоном SharkForce";"'69.5";"Shark Force";"Готов к продаже";;"2";"'4.90";;"2024-09-06 10:27:44";"Одежда";"Парка";"'24.86";"'5.0";"0";"0";"0";"0";"0";"29900,00";"49950,00";;"5%";;
"724D930U MG06 56";"1174987042";"1684157953";"04640314040215";"Куртка парка мужская зимняя с капюшоном SharkForce";"'82";"Shark Force";"Готов к продаже";;"1";"'4.90";;"2024-09-06 10:27:44";"Одежда";"Парка";"'23.40";"'4.7";"0";"0";"0";"0";"0";"28900,00";"49900,00";;"5%";;
"924D216U MG06 52";"1174987067";"1684157958";"04640314038878";"Куртка парка мужская зимняя с капюшоном SharkForce";"'54.5";"Shark Force";"Готов к продаже";;"2";"'5.00";;"2024-09-06 10:27:47";"Одежда";"Парка";"'23.40";"'4.7";"0";"0";"0";"0";"0";"24800,00";"49900,00";;"5%";;
"724D930U MG01 56";"1174987068";"1684157941";"04640314040079";"Куртка парка мужская зимняя с капюшоном SharkForce";"'67";"Shark Force";"Продается";;"1";"'4.90";;"2024-09-06 10:27:47";"Одежда";"Парка";"'23.40";"'4.7";"3";"0";"0";"0";"0";"28900,00";"49900,00";;"5%";;
"924D041U MG06 56";"1174987070";"1684158071";"04640314039486";"Куртка парка мужская зимняя с капюшоном SharkForce";"'69.5";"Shark Force";"Готов к продаже";;"2";"'4.90";;"2024-09-06 10:27:47";"Одежда";"Парка";"'24.86";"'5.0";"0";"0";"0";"0";"0";"29900,00";"49950,00";;"5%";;
"924D216U MG042 52";"1174987071";"1684158232";"04640314038809";"Куртка парка мужская зимняя с капюшоном SharkForce";"'54.5";"Shark Force";"Готов к продаже";;"2";"'5.00";;"2024-09-06 10:27:47";"Одежда";"Парка";"'23.40";"'4.7";"0";"0";"0";"0";"0";"24800,00";"49900,00";;"5%";;
"310281N22N 99 58";"1199369813";"1704952533";"04680351435803";"Куртка NortFolk";"'34.5";"NortFolk";"Готов к продаже";;"1";"'5.00";;"2024-09-25 13:10:49";"Одежда";"Куртка";"'22.05";"'4.4";"0";"0";"0";"0";"0";"19919,00";"34500,00";;"5%";;
"617280Y15NB 200 60";"1199369814";"1704951956";"04680654256662";"Куртка зимняя NortFolk";"'69.5";"NortFolk";"Готов к продаже";;"3";"'4.70";;"2024-09-25 13:10:49";"Одежда";"Куртка";"'22.05";"'4.4";"0";"0";"0";"0";"0";"19500,00";"23700,00";;"5%";;
"206791N15N 168/100 52";"1199369815";"1704952367";"04640314021559";"Куртка NortFolk";"'42";"NortFolk";"Готов к продаже";;"2";"'0.00";;"2024-09-25 13:10:49";"Одежда";"Куртка";"'22.05";"'4.4";"0";"0";"0";"0";"0";"14500,00";"29999,00";;"5%";;
"617280Y15NB 200 64";"1199369816";"1704952463";"04680654256686";"Куртка зимняя NortFolk";"'69.5";"NortFolk";"Готов к продаже";;"2";"'4.70";;"2024-09-25 13:10:49";"Одежда";"Куртка";"'22.05";"'4.4";"0";"0";"0";"0";"0";"19500,00";"29999,00";;"5%";;
"206791N15N 168/100 54";"1199369817";"1704952269";"04640314021566";"Куртка NortFolk";"'42";"NortFolk";"Готов к продаже";;"1";"'0.00";;"2024-09-25 13:10:49";"Одежда";"Куртка";"'22.05";"'4.4";"0";"0";"0";"0";"0";"14500,00";"29999,00";;"5%";;
"617280Y15NB 200 66";"1199369818";"1704952143";"04680654256693";"Куртка зимняя NortFolk";"'69.5";"NortFolk";"Готов к продаже";;"1";"'4.70";;"2024-09-25 13:10:49";"Одежда";"Куртка";"'22.05";"'4.4";"0";"0";"0";"0";"0";"19500,00";"29999,00";;"5%";;
"617280Y15NB 225 68";"1199369819";"1704952215";"04680654256761";"Куртка зимняя NortFolk";"'69.5";"NortFolk";"Готов к продаже";;"1";"'4.70";;"2024-09-25 13:10:49";"Одежда";"Куртка";"'22.05";"'4.4";"0";"0";"0";"0";"0";"19500,00";"29999,00";;"5%";;
"617280Y15NB 200 68";"1199369820";"1704952274";"04680654256709";"Куртка зимняя NortFolk";"'69.5";"NortFolk";"Готов к продаже";;"1";"'4.70";;"2024-09-25 13:10:49";"Одежда";"Куртка";"'22.05";"'4.4";"0";"0";"0";"0";"0";"19500,00";"29999,00";;"5%";;
"022820N10C FS 50";"1199369821";"1704952038";"04610279151936";"Куртка демисезонная NortFolk";"'54.5";"City Classic";"Готов к продаже";;"2";"'5.00";;"2024-09-25 13:10:49";"Одежда";"Куртка";"'17.55";"'3.5";"0";"0";"0";"0";"0";"12500,00";"20700,00";;"5%";;
"022820N10C FS 54";"1199369822";"1704952363";"04610279151950";"Куртка демисезонная NortFolk";"'54.5";"City Classic";"Готов к продаже";;"1";"'5.00";;"2024-09-25 13:10:49";"Одежда";"Куртка";"'17.55";"'3.5";"0";"0";"0";"0";"0";"12500,00";"20700,00";;"5%";;
"206791N15N 168/100 50";"1199369823";"1704952280";"04640314021542";"Куртка NortFolk";"'42";"NortFolk";"Готов к продаже";;"3";"'0.00";;"2024-09-25 13:10:49";"Одежда";"Куртка";"'22.05";"'4.4";"0";"0";"0";"0";"0";"14500,00";"29999,00";;"5%";;
"022820N10C FS 52";"1199369824";"1704952414";"04610279151943";"Куртка демисезонная NortFolk";"'54.5";"City Classic";"Готов к продаже";;"3";"'5.00";;"2024-09-25 13:10:49";"Одежда";"Куртка";"'17.55";"'3.5";"0";"0";"0";"0";"0";"12500,00";"20700,00";;"5%";;
"693340N30N 25 48";"1199369825";"1704952290";"04630308317621";"Пуховик NortFolk";"'54.5";"NortFolk";"Готов к продаже";;"2";"'4.90";;"2024-09-25 13:10:49";"Одежда";"Куртка";"'22.05";"'4.4";"0";"0";"0";"0";"0";"17200,00";"39900,00";;"5%";;
"022820N10C FS 58";"1199369826";"1704952431";"04610279151974";"Куртка демисезонная NortFolk";"'54.5";"City Classic";"Готов к продаже";;"3";"'5.00";;"2024-09-25 13:10:49";"Одежда";"Куртка";"'17.55";"'3.5";"0";"0";"0";"0";"0";"12500,00";"20700,00";;"5%";;
"693340N30N 200 52";"1199369827";"1704952137";"04630308317690";"Пуховик NortFolk";"'54.5";"NortFolk";"Готов к продаже";;"2";"'4.90";;"2024-09-25 13:10:49";"Одежда";"Куртка";"'22.05";"'4.4";"0";"0";"0";"0";"0";"17200,00";"39900,00";;"5%";;
"617280Y15NB 200 70";"1199369828";"1704952535";"04680654256716";"Куртка зимняя NortFolk";"'69.5";"NortFolk";"Готов к продаже";;"1";"'4.70";;"2024-09-25 13:10:49";"Одежда";"Куртка";"'22.05";"'4.4";"0";"0";"0";"0";"0";"19500,00";"29999,00";;"5%";;
"531431N11N 99 56";"1199369829";"1704952377";"04610279163540";"Куртка NortFolk";"'34.5";"NortFolk";"Готов к продаже";;"0";"'5.00";;"2024-09-25 13:10:49";"Одежда";"Куртка";"'22.05";"'4.4";"0";"0";"0";"0";"0";"13150,00";"20500,00";;"5%";;
"617280Y15NB 200 62";"1199369830";"1704952379";"04680654256679";"Куртка зимняя NortFolk";"'69.5";"NortFolk";"Готов к продаже";;"1";"'4.70";;"2024-09-25 13:10:49";"Одежда";"Куртка";"'22.05";"'4.4";"0";"0";"0";"0";"0";"19500,00";"29999,00";;"5%";;
"693340N30N 100 48";"1199369831";"1704952380";"04630308317577";"Пуховик NortFolk";"'54.5";"NortFolk";"Готов к продаже";;"4";"'4.90";;"2024-09-25 13:10:49";"Одежда";"Куртка";"'22.05";"'4.4";"0";"0";"0";"0";"0";"17200,00";"39900,00";;"5%";;
"668280N21N 100 56";"1199369832";"1704952250";"04660227204641";"Куртка NortFolk";"'69.5";"NortFolk";"Готов к продаже";;"2";"'5.00";;"2024-09-25 13:10:49";"Одежда";"Куртка";"'22.05";"'4.4";"0";"0";"0";"0";"0";"17900,00";"29999,00";;"5%";;
"693340N30N 100 52";"1199369833";"1704952012";"04630308317591";"Пуховик NortFolk";"'54.5";"NortFolk";"Готов к продаже";;"4";"'4.90";;"2024-09-25 13:10:49";"Одежда";"Куртка";"'22.05";"'4.4";"0";"0";"0";"0";"0";"17200,00";"39900,00";;"5%";;
"693340N30N 100 56";"1199369834";"1704952384";"04630308317713";"Пуховик NortFolk";"'54.5";"NortFolk";"Готов к продаже";;"2";"'4.90";;"2024-09-25 13:10:49";"Одежда";"Куртка";"'22.05";"'4.4";"0";"0";"0";"0";"0";"17200,00";"39900,00";;"5%";;
"693340N30N 25 56";"1199369835";"1704952047";"04630308317744";"Пуховик NortFolk";"'54.5";"NortFolk";"Готов к продаже";;"2";"'4.90";;"2024-09-25 13:10:49";"Одежда";"Куртка";"'22.05";"'4.4";"0";"0";"0";"0";"0";"17200,00";"39900,00";;"5%";;
"693340N30N 200 50";"1199369836";"1704952432";"04630308317683";"Пуховик NortFolk";"'54.5";"NortFolk";"Готов к продаже";;"1";"'4.90";;"2024-09-25 13:10:49";"Одежда";"Куртка";"'22.05";"'4.4";"0";"0";"0";"0";"0";"17200,00";"39900,00";;"5%";;
"693340N30N 200 54";"1199369837";"1704952311";"04630308317768";"Пуховик NortFolk";"'54.5";"NortFolk";"Готов к продаже";;"0";"'4.90";;"2024-09-25 13:10:49";"Одежда";"Куртка";"'22.05";"'4.4";"0";"0";"0";"0";"0";"17200,00";"39900,00";;"5%";;
"693340N30N 200 56";"1199369838";"1704952427";"04630308317775";"Пуховик NortFolk";"'54.5";"NortFolk";"Готов к продаже";;"2";"'4.90";;"2024-09-25 13:10:49";"Одежда";"Куртка";"'22.05";"'4.4";"0";"0";"0";"0";"0";"17200,00";"39900,00";;"5%";;
"693340N30N 100 46";"1199369839";"1704952153";"04630308317560";"Пуховик NortFolk";"'54.5";"NortFolk";"Готов к продаже";;"5";"'4.90";;"2024-09-25 13:10:49";"Одежда";"Куртка";"'22.05";"'4.4";"0";"0";"0";"0";"0";"17200,00";"39900,00";;"5%";;
"206791N15N 168/100 48";"1199369840";"1704952424";"04640314021535";"Куртка NortFolk";"'42";"NortFolk";"Готов к продаже";;"0";"'0.00";;"2024-09-25 13:10:49";"Одежда";"Куртка";"'22.05";"'4.4";"0";"0";"0";"0";"0";"14500,00";"29999,00";;"5%";;
"531431N11N 99 52";"1199369841";"1704952562";"04610279163526";"Куртка NortFolk";"'34.5";"NortFolk";"Готов к продаже";;"1";"'5.00";;"2024-09-25 13:10:49";"Одежда";"Куртка";"'22.05";"'4.4";"0";"0";"0";"0";"0";"13150,00";"20500,00";;"5%";;
"693340N30N 100 54";"1199369842";"1704952423";"04630308317706";"Пуховик NortFolk";"'54.5";"NortFolk";"Готов к продаже";;"5";"'4.90";;"2024-09-25 13:10:49";"Одежда";"Куртка";"'22.05";"'4.4";"0";"0";"0";"0";"0";"17200,00";"39900,00";;"5%";;
"617280Y15NB 225 70";"1199369843";"1704952466";"04680654256778";"Куртка зимняя NortFolk";"'69.5";"NortFolk";"Готов к продаже";;"0";"'4.70";;"2024-09-25 13:10:49";"Одежда";"Куртка";"'22.05";"'4.4";"0";"0";"0";"0";"0";"19500,00";"29999,00";;"5%";;
"693340N30N 100 50";"1199369844";"1704952155";"04630308317584";"Пуховик NortFolk";"'54.5";"NortFolk";"Готов к продаже";;"5";"'4.90";;"2024-09-25 13:10:49";"Одежда";"Куртка";"'22.05";"'4.4";"0";"0";"0";"0";"0";"17200,00";"39900,00";;"5%";;
"693340N30N 200 58";"1199369845";"1704952360";"04630308317782";"Пуховик NortFolk";"'54.5";"NortFolk";"Готов к продаже";;"0";"'4.90";;"2024-09-25 13:10:49";"Одежда";"Куртка";"'22.05";"'4.4";"0";"0";"0";"0";"0";"17200,00";"39900,00";;"5%";;
"617280Y15NB 225 66";"1199369846";"1704952438";"04680654256754";"Куртка зимняя NortFolk";"'69.5";"NortFolk";"Готов к продаже";;"1";"'4.70";;"2024-09-25 13:10:49";"Одежда";"Куртка";"'22.05";"'4.4";"0";"0";"0";"0";"0";"19500,00";"29999,00";;"5%";;
"617280Y15NB 225 64";"1199369847";"1704952317";"04680654256747";"Куртка зимняя NortFolk";"'69.5";"NortFolk";"Готов к продаже";;"1";"'4.70";;"2024-09-25 13:10:49";"Одежда";"Куртка";"'22.05";"'4.4";"0";"0";"0";"0";"0";"19500,00";"29999,00";;"5%";;
"531431N11N 99 50";"1199369848";"1704952446";"04610279163519";"Куртка NortFolk";"'34.5";"NortFolk";"Готов к продаже";;"2";"'5.00";;"2024-09-25 13:10:49";"Одежда";"Куртка";"'22.05";"'4.4";"0";"0";"0";"0";"0";"13150,00";"20500,00";;"5%";;
"693340N30N 200 48";"1199369849";"1704952313";"04630308317676";"Пуховик NortFolk";"'54.5";"NortFolk";"Готов к продаже";;"2";"'4.90";;"2024-09-25 13:10:49";"Одежда";"Куртка";"'22.05";"'4.4";"0";"0";"0";"0";"0";"17200,00";"39900,00";;"5%";;
"617280Y15NB 225 60";"1199369850";"1704952489";"04680654256723";"Куртка зимняя NortFolk";"'69.5";"NortFolk";"Готов к продаже";;"1";"'4.70";;"2024-09-25 13:10:49";"Одежда";"Куртка";"'22.05";"'4.4";"0";"0";"0";"0";"0";"19500,00";"23700,00";;"5%";;
"693340N30N 25 52";"1199369851";"1704952325";"04630308317645";"Пуховик NortFolk";"'54.5";"NortFolk";"Готов к продаже";;"1";"'4.90";;"2024-09-25 13:10:49";"Одежда";"Куртка";"'22.05";"'4.4";"0";"0";"0";"0";"0";"17200,00";"39900,00";;"5%";;
"693340N30N 200 46";"1199369852";"1704952435";"04630308317669";"Пуховик NortFolk";"'54.5";"NortFolk";"Готов к продаже";;"0";"'4.90";;"2024-09-25 13:10:49";"Одежда";"Куртка";"'22.05";"'4.4";"0";"0";"0";"0";"0";"17200,00";"39900,00";;"5%";;
"693340N30N 25 54";"1199369853";"1704952428";"04630308317737";"Пуховик NortFolk";"'54.5";"NortFolk";"Готов к продаже";;"1";"'4.90";;"2024-09-25 13:10:49";"Одежда";"Куртка";"'22.05";"'4.4";"0";"0";"0";"0";"0";"17200,00";"39900,00";;"5%";;
"693340N30N 25 50";"1199369854";"1704952302";"04630308317638";"Пуховик NortFolk";"'54.5";"NortFolk";"Готов к продаже";;"2";"'4.90";;"2024-09-25 13:10:49";"Одежда";"Куртка";"'22.05";"'4.4";"0";"0";"0";"0";"0";"17200,00";"39900,00";;"5%";;
"617280Y15NB 225 62";"1199369855";"1704952214";"04680654256730";"Куртка зимняя NortFolk";"'69.5";"NortFolk";"Готов к продаже";;"4";"'4.70";;"2024-09-25 13:10:49";"Одежда";"Куртка";"'22.05";"'4.4";"0";"0";"0";"0";"0";"19500,00";"23700,00";;"5%";;
"302281N22N 100 56";"1199369856";"1704952213";"04680351435070";"Куртка NortFolk";"'30";"NortFolk";"Готов к продаже";;"2";"'5.00";;"2024-09-25 13:10:49";"Одежда";"Куртка";"'22.05";"'4.4";"0";"0";"0";"0";"0";"20550,00";"35840,00";;"5%";;
"011820N10CB-1 36 66";"1226461540";"1728278946";"2085302902373";"Куртка демисезонная большие размеры City Classic";"'54.5";"City Classic";"Продается";;"0";"'5.00";;"2024-10-16 12:24:57";"Одежда";"Куртка";"'11.38";"'2.3";"1";"0";"0";"0";"0";"13500,00";"20500,00";;"5%";;
"011820N10CB-1 36 68";"1226467767";"1728285240";"2085302902380";"Куртка City Classic красный 58";"'54.5";"City Classic";"Готов к продаже";;"0";"'5.00";;"2024-10-16 12:27:29";"Одежда";"Куртка";"'8.40";"'1.7";"0";"0";"0";"0";"0";"13500,00";"20500,00";;"5%";;
"011820N10CB-1 36 70";"1226469300";"1728286747";"2085302902397";"Куртка демисезонная большие размеры City Classic";"'54.5";"City Classic";"Готов к продаже";;"0";"'5.00";;"2024-10-16 12:28:53";"Одежда";"Куртка";"'13.00";"'2.6";"0";"0";"0";"0";"0";"13500,00";"20500,00";;"5%";;
"022820N10C FS 46";"1226473666";"1728291196";"2085302896139";"Куртка демисезонная NortFolk";"'54.5";"City Classic";"Готов к продаже";;"1";"'5.00";;"2024-10-16 12:33:17";"Одежда";"Куртка";"'17.55";"'3.5";"0";"0";"0";"0";"0";"12500,00";"20700,00";;"5%";;
"022820N10C FS 48";"1226475589";"1728292885";"2085302896146";"Куртка демисезонная NortFolk";"'54.5";"City Classic";"Готов к продаже";;"3";"'5.00";;"2024-10-16 12:34:47";"Одежда";"Куртка";"'17.55";"'3.5";"0";"0";"0";"0";"0";"12500,00";"20700,00";;"5%";;
"022820N10C FS 56";"1226477010";"1728294295";"2085302896184";"Куртка демисезонная NortFolk";"'54.5";"City Classic";"Готов к продаже";;"3";"'5.00";;"2024-10-16 12:36:04";"Одежда";"Куртка";"'17.55";"'3.5";"0";"0";"0";"0";"0";"12500,00";"20700,00";;"5%";;
"302281N22N 99 46";"1226488285";"1728305131";"04610279096695";"Куртка зимняя на утеплителе с верблюжьей шерстью NortFolk";"'67";"NortFolk";"Готов к продаже";;"1";"'5.00";;"2024-10-16 12:39:48";"Одежда";"Куртка";"'23.40";"'4.7";"0";"0";"0";"0";"0";"20550,00";"35840,00";;"5%";;
"302281N22N 99 48";"1226497673";"1728315312";"04680351435100";"Куртка зимняя на утеплителе с верблюжьей шерстью NortFolk";"'67";"NortFolk";"Готов к продаже";;"2";"'5.00";;"2024-10-16 12:41:06";"Одежда";"Куртка";"'23.40";"'4.7";"0";"0";"0";"0";"0";"20550,00";"35840,00";;"5%";;
"427340Y15N 99 48";"1226507456";"1728324286";"04660426876311";"Куртка женская NortFolk с SUGENRO";"'69.5";"NortFolk";"Продается";;"7";"'4.90";;"2024-10-16 12:49:16";"Одежда";"Куртка";"'23.40";"'4.7";"3";"0";"0";"0";"0";"19950,00";"34450,00";;"5%";;
"429340Y21C 25 46";"1226509293";"1728325390";"04680654251940";"Куртка женская City Classic";"'54.5";"City Classic";"Готов к продаже";;"2";"'4.90";;"2024-10-16 12:51:07";"Одежда";"Куртка";"'15.60";"'3.1";"0";"0";"0";"0";"0";"16800,00";"24700,00";;"5%";;
"427340Y15N 255 44";"1226511320";"1728327426";"04660426876625";"Куртка женская NortFolk с SUGENRO";"'69.5";"NortFolk";"Продается";;"1";"'4.90";;"2024-10-16 12:52:58";"Одежда";"Куртка";"'23.40";"'4.7";"1";"0";"0";"0";"0";"19950,00";"34450,00";;"5%";;
"427340Y15N 99 50";"1226512442";"1728328269";"04660426876328";"Куртка женская NortFolk с SUGENRO";"'69.5";"NortFolk";"Продается";;"10";"'4.90";;"2024-10-16 12:53:55";"Одежда";"Куртка";"'23.40";"'4.7";"1";"0";"0";"0";"0";"19950,00";"34450,00";;"5%";;
"429340Y21C 05 58";"1226515307";"1728331007";"2085302943963";"Куртка женская City Classic";"'54.5";"City Classic";"Готов к продаже";;"1";"'4.90";;"2024-10-16 12:56:25";"Одежда";"Куртка";"'15.60";"'3.1";"0";"0";"0";"0";"0";"16800,00";"24700,00";;"5%";;
"617280Y15N FS 58";"1226518843";"1728334236";"04680654256396";"Куртка зимняя NortFolk";"'69.5";"NortFolk";"Готов к продаже";;"1";"'4.70";;"2024-10-16 12:59:14";"Одежда";"Куртка";"'19.50";"'3.9";"0";"0";"0";"0";"0";"18500,00";"23700,00";;"5%";;
"617280Y15N 200 58";"1226520407";"1728335940";"04680654256297";"Куртка зимняя NortFolk";"'69.5";"NortFolk";"Готов к продаже";;"2";"'4.70";;"2024-10-16 13:01:02";"Одежда";"Куртка";"'19.50";"'3.9";"0";"0";"0";"0";"0";"18500,00";"23700,00";;"5%";;
"626280Y20N 25 44";"1226537180";"1728350242";"04680654257201";"Куртка женская зимняя стеганая на синтепоне с мехом";"'69.5";"NortFolk";"Продается";;"0";"'4.90";;"2024-10-16 13:12:50";"Одежда";"Куртка";"'17.55";"'3.5";"5";"0";"0";"0";"0";"24900,00";"49990,00";;"5%";;
"668280N21N 36 44";"1226539456";"1728352254";"2085302854177";"Куртка женская NortFolk";"'69.5";"NortFolk";"Готов к продаже";;"0";"'5.00";;"2024-10-16 13:14:33";"Одежда";"Куртка";"'7.09";"'1.4";"0";"0";"0";"0";"0";"17900,00";"30900,00";;"5%";;
"670340N21N 99 46";"1226550194";"1728362060";"04630308317881";"Куртка удлиненная с капюшоном NortFolk";"'54.5";"NortFolk";"Готов к продаже";;"0";"'5.00";;"2024-10-16 13:23:49";"Одежда";"Куртка";"'14.62";"'2.9";"0";"0";"0";"0";"0";"16800,00";"25900,00";;"5%";;
"320281N15N 159 52";"1226598745";"1728532814";"04660227171714";"Куртка еврозима NortFolk";"'53.5";"NortFolk";"Готов к продаже";;"2";"'4.30";;"2024-10-16 14:08:01";"Одежда";"Куртка";"'28.00";"'5.6";"0";"0";"0";"0";"0";"25000,00";"39900,00";;"5%";;
"877630N10N 100 44";"1226598746";"1728532801";"04680351552388";"Куртка демисезонная NortFolk";"'62.5";"NortFolk";"Готов к продаже";;"0";"'5.00";;"2024-10-16 14:08:01";"Одежда";"Куртка";"'28.00";"'5.6";"0";"0";"0";"0";"0";"13500,00";"39900,00";;"5%";;
"877630N10N 100 54";"1226598747";"1728532694";"04680351552357";"Куртка демисезонная NortFolk";"'62.5";"NortFolk";"Готов к продаже";;"1";"'5.00";;"2024-10-16 14:08:01";"Одежда";"Куртка";"'28.00";"'5.6";"0";"0";"0";"0";"0";"13500,00";"39900,00";;"5%";;
"173821N10N 99 52";"1226598748";"1728532777";"04610334787681";"Куртка демисезонная NortFolk";"'54.5";"NortFolk";"Готов к продаже";;"2";"'5.00";;"2024-10-16 14:08:01";"Одежда";"Куртка";"'28.00";"'5.6";"0";"0";"0";"0";"0";"13150,00";"18950,00";;"5%";;
"320281N15N 159 48";"1226598749";"1728532764";"04660227171691";"Куртка еврозима NortFolk";"'53.5";"NortFolk";"Готов к продаже";;"1";"'4.30";;"2024-10-16 14:08:01";"Одежда";"Куртка";"'28.00";"'5.6";"0";"0";"0";"0";"0";"25000,00";"39900,00";;"5%";;
"779951N10NB 99 62";"1226598750";"1728532830";"04630187070211";"Парка демисезонная большие размеры NortFolk";"'67";"NortFolk";"Готов к продаже";;"3";"'4.00";;"2024-10-16 14:08:01";"Одежда";"Куртка";"'28.00";"'5.6";"0";"0";"0";"0";"0";"11350,00";"39900,00";;"5%";;
"779951N10NB 99 60";"1226598751";"1728532798";"04630187070204";"Парка демисезонная большие размеры NortFolk";"'67";"NortFolk";"Готов к продаже";;"2";"'4.00";;"2024-10-16 14:08:01";"Одежда";"Куртка";"'28.00";"'5.6";"0";"0";"0";"0";"0";"11350,00";"39900,00";;"5%";;
"779951N10NB 99 64";"1226598752";"1728532755";"04630187070228";"Парка демисезонная большие размеры NortFolk";"'67";"NortFolk";"Готов к продаже";;"1";"'4.00";;"2024-10-16 14:08:01";"Одежда";"Куртка";"'28.00";"'5.6";"0";"0";"0";"0";"0";"11350,00";"39900,00";;"5%";;
"877630N10N 100 46";"1226598753";"1728532753";"04680351552395";"Куртка демисезонная NortFolk";"'62.5";"NortFolk";"Готов к продаже";;"1";"'5.00";;"2024-10-16 14:08:01";"Одежда";"Куртка";"'28.00";"'5.6";"0";"0";"0";"0";"0";"13500,00";"39900,00";;"5%";;
"320281N15N 165 46";"1226598754";"1728532725";"04660227171820";"Куртка еврозима NortFolk";"'53.5";"NortFolk";"Готов к продаже";;"2";"'4.30";;"2024-10-16 14:08:01";"Одежда";"Куртка";"'28.00";"'5.6";"0";"0";"0";"0";"0";"25000,00";"39900,00";;"5%";;
"547281F21N 168 58";"1226598755";"1728532729";"04660227309018";"Куртка зимняя NortFolk";"'67";"NortFolk";"Готов к продаже";;"1";"'5.00";;"2024-10-16 14:08:01";"Одежда";"Куртка";"'28.00";"'5.6";"0";"0";"0";"0";"0";"20150,00";"39900,00";;"5%";;
"173821N10N 99 56";"1226598756";"1728532749";"04610334787704";"Куртка демисезонная NortFolk";"'54.5";"NortFolk";"Готов к продаже";;"1";"'5.00";;"2024-10-16 14:08:01";"Одежда";"Куртка";"'19.03";"'3.8";"0";"0";"0";"0";"0";"13150,00";"18950,00";;"5%";;
"320281N15N 165 48";"1226598757";"1728532696";"04660227171837";"Куртка еврозима NortFolk";"'53.5";"NortFolk";"Готов к продаже";;"1";"'4.30";;"2024-10-16 14:08:01";"Одежда";"Куртка";"'28.00";"'5.6";"0";"0";"0";"0";"0";"25000,00";"39900,00";;"5%";;
"547281F21N 168 52";"1226598758";"1728532820";"04660227308981";"Куртка зимняя NortFolk";"'67";"NortFolk";"Готов к продаже";;"0";"'5.00";;"2024-10-16 14:08:01";"Одежда";"Куртка";"'28.00";"'5.6";"0";"0";"0";"0";"0";"20150,00";"39900,00";;"5%";;
"877630N10N 100 48";"1226598759";"1728532690";"04680351552401";"Куртка демисезонная NortFolk";"'62.5";"NortFolk";"Готов к продаже";;"1";"'5.00";;"2024-10-16 14:08:01";"Одежда";"Куртка";"'28.00";"'5.6";"0";"0";"0";"0";"0";"13500,00";"39900,00";;"5%";;
"173821N10N 100 52";"1226598760";"1728532723";"04610334787636";"Куртка демисезонная NortFolk";"'50";"NortFolk";"Готов к продаже";;"2";"'5.00";;"2024-10-16 14:08:01";"Одежда";"Куртка";"'28.00";"'5.6";"0";"0";"0";"0";"0";"13150,00";"18950,00";;"5%";;
"320281N15N 165 50";"1226598761";"1728532741";"04660227171844";"Куртка еврозима NortFolk";"'53.5";"NortFolk";"Готов к продаже";;"3";"'4.30";;"2024-10-16 14:08:01";"Одежда";"Куртка";"'28.00";"'5.6";"0";"0";"0";"0";"0";"25000,00";"39900,00";;"5%";;
"877630N10N 100 56";"1226598763";"1728532842";"04680351552364";"Куртка демисезонная NortFolk";"'62.5";"NortFolk";"Готов к продаже";;"1";"'5.00";;"2024-10-16 14:08:01";"Одежда";"Куртка";"'28.00";"'5.6";"0";"0";"0";"0";"0";"13500,00";"39900,00";;"5%";;
"173821N10N 99 50";"1226598764";"1728532760";"04610334787674";"Куртка демисезонная NortFolk";"'54.5";"NortFolk";"Готов к продаже";;"1";"'5.00";;"2024-10-16 14:08:01";"Одежда";"Куртка";"'28.00";"'5.6";"0";"0";"0";"0";"0";"13150,00";"18950,00";;"5%";;
"173821N10N 99 54";"1226598765";"1728532804";"04610334787698";"Куртка демисезонная NortFolk";"'54.5";"NortFolk";"Готов к продаже";;"2";"'5.00";;"2024-10-16 14:08:01";"Одежда";"Куртка";"'28.00";"'5.6";"0";"0";"0";"0";"0";"13150,00";"18950,00";;"5%";;
"320281N15N 206 48";"1226598766";"1728532734";"04660227171769";"Куртка еврозима NortFolk";"'62.5";"NortFolk";"Готов к продаже";;"1";"'4.30";;"2024-10-16 14:08:01";"Одежда";"Куртка";"'28.00";"'5.6";"0";"0";"0";"0";"0";"25000,00";"39900,00";;"5%";;
"547281F21N 168 48";"1226598767";"1728532768";"04660227309032";"Куртка зимняя NortFolk";"'67";"NortFolk";"Готов к продаже";;"1";"'5.00";;"2024-10-16 14:08:01";"Одежда";"Куртка";"'28.00";"'5.6";"0";"0";"0";"0";"0";"20150,00";"39900,00";;"5%";;
"320281N15N 206 52";"1226598768";"1728532743";"04660227171783";"Куртка еврозима NortFolk";"'62.5";"NortFolk";"Готов к продаже";;"2";"'4.30";;"2024-10-16 14:08:01";"Одежда";"Куртка";"'28.00";"'5.6";"0";"0";"0";"0";"0";"25000,00";"39900,00";;"5%";;
"877630N10N 100 52";"1226598769";"1728532678";"04680351552340";"Куртка демисезонная NortFolk";"'62.5";"NortFolk";"Готов к продаже";;"0";"'5.00";;"2024-10-16 14:08:01";"Одежда";"Куртка";"'28.00";"'5.6";"0";"0";"0";"0";"0";"13500,00";"39900,00";;"5%";;
"547281F21N 168 54";"1226598770";"1728532701";"04660227308998";"Куртка зимняя NortFolk";"'67";"NortFolk";"Готов к продаже";;"0";"'5.00";;"2024-10-16 14:08:01";"Одежда";"Куртка";"'28.00";"'5.6";"0";"0";"0";"0";"0";"20150,00";"39900,00";;"5%";;
"547281F21N 168 46";"1226598771";"1728532758";"04660227341650";"Куртка зимняя NortFolk";"'67";"NortFolk";"Готов к продаже";;"0";"'5.00";;"2024-10-16 14:08:01";"Одежда";"Куртка";"'28.00";"'5.6";"0";"0";"0";"0";"0";"20150,00";"39900,00";;"5%";;
"779951N10NB 99 66";"1226598772";"1728532737";"04630187070235";"Парка демисезонная большие размеры NortFolk";"'67";"NortFolk";"Готов к продаже";;"1";"'4.00";;"2024-10-16 14:08:01";"Одежда";"Куртка";"'28.00";"'5.6";"0";"0";"0";"0";"0";"11350,00";"39900,00";;"5%";;
"547281F21N 168 50";"1226598773";"1728532733";"04660227309049";"Куртка зимняя NortFolk";"'67";"NortFolk";"Готов к продаже";;"1";"'5.00";;"2024-10-16 14:08:01";"Одежда";"Куртка";"'28.00";"'5.6";"0";"0";"0";"0";"0";"20150,00";"39900,00";;"5%";;
"320281N15N 165 54";"1226598774";"1728532683";"04660227171868";"Куртка еврозима NortFolk";"'53.5";"NortFolk";"Готов к продаже";;"0";"'4.30";;"2024-10-16 14:08:01";"Одежда";"Куртка";"'28.00";"'5.6";"0";"0";"0";"0";"0";"25000,00";"39900,00";;"5%";;
"547281F21N 168 56";"1226598775";"1728532718";"04660227309001";"Куртка зимняя NortFolk";"'67";"NortFolk";"Готов к продаже";;"1";"'5.00";;"2024-10-16 14:08:01";"Одежда";"Куртка";"'28.00";"'5.6";"0";"0";"0";"0";"0";"20150,00";"39900,00";;"5%";;
"320281N15N 206 54";"1226598776";"1728532681";"04660227171790";"Куртка еврозима NortFolk";"'62.5";"NortFolk";"Готов к продаже";;"0";"'4.30";;"2024-10-16 14:08:01";"Одежда";"Куртка";"'28.00";"'5.6";"0";"0";"0";"0";"0";"25000,00";"39900,00";;"5%";;
"320281N15N 159 50";"1226598777";"1728532692";"04660227171707";"Куртка еврозима NortFolk";"'53.5";"NortFolk";"Готов к продаже";;"2";"'4.30";;"2024-10-16 14:08:01";"Одежда";"Куртка";"'28.00";"'5.6";"0";"0";"0";"0";"0";"25000,00";"39900,00";;"5%";;
"320281N15N 159 54";"1226598778";"1728532638";"04660227171721";"Куртка еврозима NortFolk";"'53.5";"NortFolk";"Готов к продаже";;"0";"'4.30";;"2024-10-16 14:08:01";"Одежда";"Куртка";"'28.00";"'5.6";"0";"0";"0";"0";"0";"25000,00";"39900,00";;"5%";;
"320281N15N 206 50";"1226598779";"1728532730";"04660227171776";"Куртка еврозима NortFolk";"'62.5";"NortFolk";"Готов к продаже";;"1";"'4.30";;"2024-10-16 14:08:01";"Одежда";"Куртка";"'28.00";"'5.6";"0";"0";"0";"0";"0";"25000,00";"39900,00";;"5%";;
"320281N15N 159 46";"1226598780";"1728532642";"04660227171684";"Куртка еврозима NortFolk";"'53.5";"NortFolk";"Готов к продаже";;"1";"'4.30";;"2024-10-16 14:08:01";"Одежда";"Куртка";"'28.00";"'5.6";"0";"0";"0";"0";"0";"25000,00";"39900,00";;"5%";;
"877630N10N 100 50";"1226598781";"1728532731";"04680351555556";"Куртка демисезонная NortFolk";"'62.5";"NortFolk";"Готов к продаже";;"0";"'5.00";;"2024-10-16 14:08:02";"Одежда";"Куртка";"'28.00";"'5.6";"0";"0";"0";"0";"0";"13500,00";"39900,00";;"5%";;
"320281N15N 206 46";"1226598783";"1728532810";"04660227171752";"Куртка еврозима NortFolk";"'62.5";"NortFolk";"Готов к продаже";;"0";"'4.30";;"2024-10-16 14:08:02";"Одежда";"Куртка";"'28.00";"'5.6";"0";"0";"0";"0";"0";"25000,00";"39900,00";;"5%";;
"320281N15N 165 52";"1226598784";"1728532699";"04660227171851";"Куртка еврозима NortFolk";"'53.5";"NortFolk";"Готов к продаже";;"1";"'4.30";;"2024-10-16 14:08:02";"Одежда";"Куртка";"'28.00";"'5.6";"0";"0";"0";"0";"0";"25000,00";"39900,00";;"5%";;
"670340N21N 99 48";"1226709826";"1728536862";"04630308317898";"Куртка удлиненная с капюшоном NortFolk";"'54.5";"NortFolk";"Готов к продаже";;"2";"'5.00";;"2024-10-16 16:07:55";"Одежда";"Куртка";"'14.62";"'2.9";"0";"0";"0";"0";"0";"16800,00";"25900,00";;"5%";;
"670340N21N 99 50";"1226710523";"1728537357";"04630308317904";"Куртка удлиненная с капюшоном NortFolk";"'54.5";"NortFolk";"Готов к продаже";;"1";"'5.00";;"2024-10-16 16:09:03";"Одежда";"Куртка";"'14.62";"'2.9";"0";"0";"0";"0";"0";"16800,00";"25900,00";;"5%";;
"031820N11CJB 102 60";"1242791517";"1742407359";"04610279152742";"Жилетка утепленная стеганая City Classic";"'82";"City Classic";"Готов к продаже";;"0";"'5.00";;"2024-10-28 08:02:14";"Одежда";"Жилет";"'17.48";"'3.5";"0";"0";"0";"0";"0";"12520,00";"20550,00";;"5%";;
"281820N10C 05 48";"1242833675";"1742442330";"2085302888318";"Куртка демисезонная легкая City Classic";"'68";"City Classic";"Готов к продаже";;"2";"'5.00";;"2024-10-28 08:22:01";"Одежда";"Куртка";"'6.75";"'1.4";"0";"0";"0";"0";"0";"12550,00";"13900,00";;"5%";;
"281820N10C 05 52";"1242833698";"1742442239";"2085302888332";"Куртка демисезонная легкая City Classic";"'68";"City Classic";"Готов к продаже";;"4";"'5.00";;"2024-10-28 08:22:02";"Одежда";"Куртка";"'6.75";"'1.4";"0";"0";"0";"0";"0";"12550,00";"13900,00";;"5%";;
"416430N10CB 25 60";"1242839749";"1742446537";"2085302984034";"Куртка женская демисезонная City Classic";"'54.5";"City Classic";"Готов к продаже";;"2";"'4.90";;"2024-10-28 08:26:24";"Одежда";"Куртка";"'13.65";"'2.7";"0";"0";"0";"0";"0";"13100,00";"23500,00";;"5%";;
"416430N10CB 223 64";"1242862351";"1742465376";"2085302984171";"Куртка демисезонная большие размеры";"'72.5";"City Classic";"Готов к продаже";;"2";"'4.90";;"2024-10-28 08:42:49";"Одежда";"Куртка";"'19.25";"'3.9";"0";"0";"0";"0";"0";"13100,00";"23500,00";;"5%";;
"416430N10CB 223 70";"1242862352";"1742465368";"2085302984201";"Куртка демисезонная большие размеры";"'72.5";"City Classic";"Готов к продаже";;"3";"'4.90";;"2024-10-28 08:42:49";"Одежда";"Куртка";"'19.25";"'3.9";"0";"0";"0";"0";"0";"13100,00";"23500,00";;"5%";;
"416430N10CB 25 66";"1242862353";"1742465397";"2085302984065";"Куртка демисезонная большие размеры";"'54.5";"City Classic";"Готов к продаже";;"0";"'4.90";;"2024-10-28 08:42:49";"Одежда";"Куртка";"'19.25";"'3.9";"0";"0";"0";"0";"0";"13100,00";"23500,00";;"5%";;
"416430N10CB 25 68";"1242862354";"1742465312";"2085302984072";"Куртка демисезонная большие размеры";"'54.5";"City Classic";"Готов к продаже";;"1";"'4.90";;"2024-10-28 08:42:49";"Одежда";"Куртка";"'19.25";"'3.9";"0";"0";"0";"0";"0";"13100,00";"23500,00";;"5%";;
"416430N10CB 200 70";"1242862355";"1742465404";"2085302984140";"Куртка демисезонная большие размеры";"'54.5";"City Classic";"Готов к продаже";;"3";"'4.90";;"2024-10-28 08:42:49";"Одежда";"Куртка";"'19.25";"'3.9";"0";"0";"0";"0";"0";"13100,00";"23500,00";;"5%";;
"416430N10CB 223 62";"1242862356";"1742465349";"2085302984164";"Куртка демисезонная большие размеры";"'72.5";"City Classic";"Готов к продаже";;"1";"'4.90";;"2024-10-28 08:42:49";"Одежда";"Куртка";"'19.25";"'3.9";"0";"0";"0";"0";"0";"13100,00";"23500,00";;"5%";;
"416430N10CB 25 70";"1242862357";"1742465354";"2085302984089";"Куртка демисезонная большие размеры";"'54.5";"City Classic";"Готов к продаже";;"2";"'4.90";;"2024-10-28 08:42:49";"Одежда";"Куртка";"'19.25";"'3.9";"0";"0";"0";"0";"0";"13100,00";"23500,00";;"5%";;
"416430N10CB 25 64";"1242862358";"1742465360";"2085302984058";"Куртка демисезонная большие размеры";"'54.5";"City Classic";"Готов к продаже";;"1";"'4.90";;"2024-10-28 08:42:49";"Одежда";"Куртка";"'19.25";"'3.9";"0";"0";"0";"0";"0";"13100,00";"23500,00";;"5%";;
"416430N10CB 200 68";"1242862359";"1742465453";"2085302984133";"Куртка демисезонная большие размеры";"'54.5";"City Classic";"Готов к продаже";;"0";"'4.90";;"2024-10-28 08:42:49";"Одежда";"Куртка";"'19.25";"'3.9";"0";"0";"0";"0";"0";"13100,00";"23500,00";;"5%";;
"416430N10CB 25 62";"1242862360";"1742465357";"2085302984041";"Куртка демисезонная большие размеры";"'54.5";"City Classic";"Готов к продаже";;"1";"'4.90";;"2024-10-28 08:42:49";"Одежда";"Куртка";"'19.25";"'3.9";"0";"0";"0";"0";"0";"13100,00";"23500,00";;"5%";;
"416430N10CB 223 60";"1242862361";"1742465371";"2085302984157";"Куртка демисезонная большие размеры";"'72.5";"City Classic";"Готов к продаже";;"0";"'4.90";;"2024-10-28 08:42:49";"Одежда";"Куртка";"'19.25";"'3.9";"0";"0";"0";"0";"0";"13100,00";"23500,00";;"5%";;
"416430N10CB 223 68";"1242862362";"1742465489";"2085302984195";"Куртка демисезонная большие размеры";"'72.5";"City Classic";"Готов к продаже";;"0";"'4.90";;"2024-10-28 08:42:49";"Одежда";"Куртка";"'19.25";"'3.9";"0";"0";"0";"0";"0";"13100,00";"23500,00";;"5%";;
"416430N10CB 223 66";"1242862369";"1742465193";"2085302984188";"Куртка демисезонная большие размеры";"'72.5";"City Classic";"Готов к продаже";;"0";"'4.90";;"2024-10-28 08:42:50";"Одежда";"Куртка";"'19.25";"'3.9";"0";"0";"0";"0";"0";"13100,00";"23500,00";;"5%";;
"429340Y21C 223 54";"1242968946";"1742555535";"2085302944182";"Куртка женская City Classic";"'54.5";"City Classic";"Готов к продаже";;"2";"'4.90";;"2024-10-28 09:46:04";"Одежда";"Куртка";"'15.60";"'3.1";"0";"0";"0";"0";"0";"16800,00";"24700,00";;"5%";;
"429340Y21C 223 52";"1242972195";"1742558357";"2085302944175";"Куртка женская City Classic";"'54.5";"City Classic";"Готов к продаже";;"4";"'4.90";;"2024-10-28 09:47:48";"Одежда";"Куртка";"'15.60";"'3.1";"0";"0";"0";"0";"0";"16800,00";"24700,00";;"5%";;
"670340N21N 100 46";"1243009449";"1742588558";"04630308317966";"Куртка удлиненная с капюшоном NortFolk";"'54.5";"NortFolk";"Продается";;"0";"'5.00";;"2024-10-28 10:11:48";"Одежда";"Куртка";"'14.62";"'2.9";"1";"0";"0";"0";"0";"16800,00";"25900,00";;"5%";;
"670340N21N 100 48";"1243376696";"1742919395";"04630308317973";"Куртка удлиненная с капюшоном NortFolk";"'54.5";"NortFolk";"Готов к продаже";;"1";"'5.00";;"2024-10-28 15:19:53";"Одежда";"Куртка";"'14.62";"'2.9";"0";"0";"0";"0";"0";"16800,00";"25900,00";;"5%";;
"670340N21N 100 50";"1243377333";"1742919797";"04630308317980";"Куртка удлиненная с капюшоном NortFolk";"'54.5";"NortFolk";"Готов к продаже";;"1";"'5.00";;"2024-10-28 15:21:14";"Одежда";"Куртка";"'14.62";"'2.9";"0";"0";"0";"0";"0";"16800,00";"25900,00";;"5%";;
"281820N10C 05 46";"1260324084";"1757834430";"2085302888301";"Куртка демисезонная легкая City Classic";"'83";"City Classic";"Готов к продаже";;"3";"'5.00";;"2024-11-13 21:15:56";"Одежда";"Куртка";"'6.75";"'1.4";"0";"0";"0";"0";"0";"12550,00";"13900,00";;"5%";;
"281820N10C 05 50";"1260324265";"1757834582";"2085302888325";"Куртка демисезонная легкая City Classic";"'83";"City Classic";"Готов к продаже";;"1";"'5.00";;"2024-11-13 21:17:21";"Одежда";"Куртка";"'6.75";"'1.4";"0";"0";"0";"0";"0";"12550,00";"13900,00";;"5%";;
"281820N10C 05 54";"1260324828";"1757835153";"2085302888349";"Куртка демисезонная легкая City Classic";"'83";"City Classic";"Готов к продаже";;"2";"'5.00";;"2024-11-13 21:18:55";"Одежда";"Куртка";"'6.75";"'1.4";"0";"0";"0";"0";"0";"12550,00";"13900,00";;"5%";;
"281820N10C 05 56";"1260324993";"1757835275";"2085302888356";"Куртка демисезонная легкая City Classic";"'83";"City Classic";"Готов к продаже";;"1";"'5.00";;"2024-11-13 21:19:55";"Одежда";"Куртка";"'6.75";"'1.4";"0";"0";"0";"0";"0";"12550,00";"13900,00";;"5%";;
"281820N10C 05 58";"1260325069";"1757835385";"2085302888363";"Куртка демисезонная легкая City Classic";"'83";"City Classic";"Готов к продаже";;"0";"'5.00";;"2024-11-13 21:20:56";"Одежда";"Куртка";"'6.75";"'1.4";"0";"0";"0";"0";"0";"12550,00";"13900,00";;"5%";;
"429340Y21C 36 46";"1260325146";"1757835462";"2085302943987";"Куртка женская City Classic";"'54.5";"City Classic";"Готов к продаже";;"0";"'4.90";;"2024-11-13 21:22:11";"Одежда";"Куртка";"'15.60";"'3.1";"0";"0";"0";"0";"0";"16800,00";"24700,00";;"5%";;
"429340Y21C 05 44";"1260326006";"1757835879";"2085302943895";"Куртка женская City Classic";"'54.5";"City Classic";"Готов к продаже";;"0";"'4.90";;"2024-11-13 21:24:00";"Одежда";"Куртка";"'15.60";"'3.1";"0";"0";"0";"0";"0";"16800,00";"24700,00";;"5%";;
"860790Y21C 67 58";"1260327475";"1757837259";"2085303035117";"Куртка женская зимняя удлиненная NortFolk";"'42";"NortFolk";"Готов к продаже";;"0";"'5.00";;"2024-11-13 21:31:16";"Одежда";"Куртка";"'8.10";"'1.6";"0";"0";"0";"0";"0";"16800,00";"28500,00";;"5%";;
"429340Y21C 99 44";"1260327903";"1757837665";"2085302943819";"Куртка женская City Classic";"'54.5";"City Classic";"Готов к продаже";;"0";"'4.90";;"2024-11-13 21:34:52";"Одежда";"Куртка";"'15.60";"'3.1";"0";"0";"0";"0";"0";"16800,00";"24700,00";;"5%";;
"737951N10C 90 50";"1260940580";"1758354608";"04680806036449";"Куртка мужская демисезонная City Classic";"'44.5";"City Classic";"Продается";;"2";"'4.90";;"2024-11-14 11:06:43";"Одежда";"Куртка";"'18.90";"'3.8";"5";"0";"0";"0";"0";"15900,00";"22500,00";;"5%";;
"737951N10C 90 52";"1260940589";"1758354611";"04680806036456";"Куртка мужская демисезонная City Classic";"'44.5";"City Classic";"Продается";;"1";"'4.90";;"2024-11-14 11:06:43";"Одежда";"Куртка";"'18.90";"'3.8";"4";"0";"0";"0";"0";"15900,00";"22500,00";;"5%";;
"737951N10C 97 50";"1260940593";"1758354604";"04680806036548";"Куртка мужская демисезонная City Classic";"'44.5";"City Classic";"Продается";;"0";"'4.90";;"2024-11-14 11:06:43";"Одежда";"Куртка";"'18.90";"'3.8";"5";"0";"0";"0";"0";"15900,00";"22500,00";;"5%";;
"737951N10C 90 54";"1260940596";"1758354609";"04680806036463";"Куртка мужская демисезонная City Classic";"'44.5";"City Classic";"Продается";;"4";"'4.90";;"2024-11-14 11:06:43";"Одежда";"Куртка";"'18.90";"'3.8";"4";"0";"0";"0";"0";"15900,00";"22500,00";;"5%";;
"737951N10C 97 58";"1260940612";"1758354666";"04680806036586";"Куртка мужская демисезонная City Classic";"'44.5";"City Classic";"Продается";;"0";"'4.90";;"2024-11-14 11:06:43";"Одежда";"Куртка";"'18.90";"'3.8";"4";"0";"0";"0";"0";"15900,00";"22500,00";;"5%";;
"737951N10C 90 58";"1260940615";"1758354650";"04680806036487";"Куртка мужская демисезонная City Classic";"'44.5";"City Classic";"Продается";;"0";"'4.90";;"2024-11-14 11:06:43";"Одежда";"Куртка";"'18.90";"'3.8";"4";"0";"0";"0";"0";"15900,00";"22500,00";;"5%";;
"737951N10C 90 56";"1260940618";"1758354721";"04680806036470";"Куртка мужская демисезонная City Classic";"'44.5";"City Classic";"Продается";;"1";"'4.90";;"2024-11-14 11:06:43";"Одежда";"Куртка";"'18.90";"'3.8";"4";"0";"0";"0";"0";"15900,00";"22500,00";;"5%";;
"737951N10C 97 56";"1260940619";"1758354658";"04680806036579";"Куртка мужская демисезонная City Classic";"'44.5";"City Classic";"Продается";;"2";"'5.00";;"2024-11-14 11:06:43";"Одежда";"Куртка";"'18.90";"'3.8";"4";"0";"0";"0";"0";"15900,00";"22500,00";;"5%";;
"693340N30N 100 44";"1266492200";"1763209983";"2085302949941";"Пуховик NortFolk";"'54.5";"NortFolk";"Готов к продаже";;"1";"'4.90";;"2024-11-20 18:25:05";"Одежда";"Куртка";"'22.05";"'4.4";"0";"0";"0";"0";"0";"17200,00";"39900,00";;"5%";;
"437340N15N-1 99 52";"1266499831";"1763216167";"04680351858039";"Куртка женская";"'42";"NortFolk";"Готов к продаже";;"1";"'5.00";;"2024-11-20 18:45:04";"Одежда";"Куртка";"'15.60";"'3.1";"0";"0";"0";"0";"0";"16500,00";"28990,00";;"5%";;
"437340N15N-1 99 48";"1266499832";"1763216163";"04680351858015";"Куртка женская";"'42";"NortFolk";"Готов к продаже";;"2";"'5.00";;"2024-11-20 18:45:04";"Одежда";"Куртка";"'15.60";"'3.1";"0";"0";"0";"0";"0";"16500,00";"28990,00";;"5%";;
"622340N21N 100 44";"1266499833";"1763216183";"04680351803466";"Куртка женская";"'42";"NortFolk";"Готов к продаже";;"0";"'5.00";;"2024-11-20 18:45:04";"Одежда";"Куртка";"'23.40";"'4.7";"0";"0";"0";"0";"0";"17500,00";"28990,00";;"5%";;
"437340N15N-1 99 50";"1266499834";"1763216180";"04680351858022";"Куртка женская";"'42";"NortFolk";"Готов к продаже";;"1";"'5.00";;"2024-11-20 18:45:04";"Одежда";"Куртка";"'15.60";"'3.1";"0";"0";"0";"0";"0";"16500,00";"28990,00";;"5%";;
"690340N21C 100 50";"1266499835";"1763216182";"04680351803022";"Пальто длинное зимнее NortFolk";"'41";"City Classic";"Готов к продаже";;"2";"'4.70";;"2024-11-20 18:45:04";"Одежда";"Пальто";"'23.40";"'4.7";"0";"0";"0";"0";"0";"19500,00";"38990,00";;"5%";;
"622340N21N 100 46";"1266499836";"1763216158";"04680351803473";"Куртка женская";"'42";"NortFolk";"Готов к продаже";;"2";"'5.00";;"2024-11-20 18:45:04";"Одежда";"Куртка";"'23.40";"'4.7";"0";"0";"0";"0";"0";"18000,00";"28990,00";;"5%";;
"437340N15N-1 99 54";"1266499837";"1763216159";"04680351858046";"Куртка женская";"'42";"NortFolk";"Готов к продаже";;"4";"'5.00";;"2024-11-20 18:45:04";"Одежда";"Куртка";"'15.60";"'3.1";"0";"0";"0";"0";"0";"16500,00";"28990,00";;"5%";;
"690340N21C 100 54";"1266499838";"1763216175";"04680351803046";"Пальто длинное зимнее NortFolk";"'41";"City Classic";"Готов к продаже";;"1";"'4.70";;"2024-11-20 18:45:04";"Одежда";"Пальто";"'23.40";"'4.7";"0";"0";"0";"0";"0";"19500,00";"38990,00";;"5%";;
"437340N15N-1 99 58";"1266499839";"1763216161";"04680351858060";"Куртка женская";"'42";"NortFolk";"Готов к продаже";;"1";"'5.00";;"2024-11-20 18:45:04";"Одежда";"Куртка";"'15.60";"'3.1";"0";"0";"0";"0";"0";"16500,00";"28990,00";;"5%";;
"690340N21C 100 52";"1266499840";"1763216165";"04680351803039";"Пальто длинное зимнее NortFolk";"'41";"City Classic";"Готов к продаже";;"1";"'4.70";;"2024-11-20 18:45:04";"Одежда";"Пальто";"'23.40";"'4.7";"0";"0";"0";"0";"0";"19500,00";"38990,00";;"5%";;
"437340N15N-1 99 46";"1266499841";"1763216160";"04680351858084";"Куртка женская";"'42";"NortFolk";"Продается";;"1";"'5.00";;"2024-11-20 18:45:04";"Одежда";"Куртка";"'15.60";"'3.1";"1";"0";"0";"0";"0";"16500,00";"28990,00";;"5%";;
"437340N15N-1 99 56";"1266499842";"1763216152";"04680351858053";"Куртка женская";"'42";"NortFolk";"Продается";;"3";"'5.00";;"2024-11-20 18:45:04";"Одежда";"Куртка";"'15.60";"'3.1";"1";"0";"0";"0";"0";"16500,00";"28990,00";;"5%";;
"690340N21C 100 48";"1266499843";"1763216153";"04680351803015";"Пальто длинное зимнее NortFolk";"'41";"City Classic";"Продается";;"1";"'4.70";;"2024-11-20 18:45:04";"Одежда";"Пальто";"'23.40";"'4.7";"1";"0";"0";"0";"0";"19500,00";"38990,00";;"5%";;
"690340N21C 100 46";"1266499844";"1763216185";"04680351803008";"Пальто длинное зимнее NortFolk";"'41";"City Classic";"Готов к продаже";;"2";"'4.70";;"2024-11-20 18:45:04";"Одежда";"Пальто";"'23.40";"'4.7";"0";"0";"0";"0";"0";"19500,00";"38990,00";;"5%";;
"690340N21C 100 44";"1266499845";"1763216177";"04680351803077";"Пальто длинное зимнее NortFolk";"'41";"City Classic";"Готов к продаже";;"1";"'4.70";;"2024-11-20 18:45:04";"Одежда";"Пальто";"'23.40";"'4.7";"0";"0";"0";"0";"0";"19500,00";"38990,00";;"5%";;
"692340N21N 200 54";"1271271713";"1767204520";"2085302949231";"Куртка женская NortFolk";"'19.5";"NortFolk";"Продается";;"2";"'4.90";;"2024-11-25 11:59:01";"Одежда";"Куртка";"'14.40";"'2.9";"2";"0";"0";"0";"0";"17200,00";"39900,00";;"5%";;
"692340N21N 200 52";"1271271714";"1767204480";"2085302949224";"Куртка женская NortFolk";"'19.5";"NortFolk";"Продается";;"0";"'4.90";;"2024-11-25 11:59:01";"Одежда";"Куртка";"'14.40";"'2.9";"3";"0";"0";"0";"0";"17200,00";"39900,00";;"5%";;
"692340N21N 200 58";"1271271715";"1767204509";"2085302949255";"Куртка женская NortFolk";"'19.5";"NortFolk";"Готов к продаже";;"1";"'4.90";;"2024-11-25 11:59:01";"Одежда";"Куртка";"'14.40";"'2.9";"0";"0";"0";"0";"0";"17200,00";"39900,00";;"5%";;
"692340N21N FS 44";"1271271716";"1767208668";"2085302948951";"Куртка женская NortFolk";"'42";"NortFolk";"Готов к продаже";;"0";"'4.90";;"2024-11-25 11:59:01";"Одежда";"Куртка";"'14.40";"'2.9";"0";"0";"0";"0";"0";"17200,00";"39900,00";;"5%";;
"022820N10C 137 50";"1271271717";"1767204475";"2085302896559";"Куртка демисезонная NortFolk";"'37.5";"City Classic";"Готов к продаже";;"2";"'5.00";;"2024-11-25 11:59:01";"Одежда";"Куртка";"'9.95";"'2.0";"0";"0";"0";"0";"0";"12500,00";"20700,00";;"5%";;
"692340N21N 200 56";"1271271718";"1767204510";"2085302949248";"Куртка женская NortFolk";"'19.5";"NortFolk";"Продается";;"0";"'4.90";;"2024-11-25 11:59:01";"Одежда";"Куртка";"'14.40";"'2.9";"4";"0";"0";"0";"0";"17200,00";"39900,00";;"5%";;
"212820N12C 67/05 50";"1271271720";"1767208666";"2085302888158";"Куртка";"'42";"City Classic";"Готов к продаже";;"4";"'4.70";;"2024-11-25 11:59:01";"Одежда";"Куртка";"'19.50";"'3.9";"0";"0";"0";"0";"0";"13050,00";"39900,00";;"5%";;
"022820N10C 36 50";"1271271721";"1767204494";"2085302896399";"Куртка демисезонная NortFolk";"'42";"City Classic";"Готов к продаже";;"0";"'5.00";;"2024-11-25 11:59:01";"Одежда";"Куртка";"'9.95";"'2.0";"0";"0";"0";"0";"0";"12500,00";"20700,00";;"5%";;
"692340N21N 200 48";"1271271722";"1767204489";"2085302949200";"Куртка женская NortFolk";"'19.5";"NortFolk";"Продается";;"1";"'4.90";;"2024-11-25 11:59:01";"Одежда";"Куртка";"'15.00";"'3.0";"2";"0";"0";"0";"0";"17200,00";"39900,00";;"5%";;
"692340N21N 100 44";"1271271723";"1767204465";"2085302949033";"Куртка женская NortFolk";"'42";"NortFolk";"Готов к продаже";;"0";"'4.90";;"2024-11-25 11:59:01";"Одежда";"Куртка";"'14.40";"'2.9";"0";"0";"0";"0";"0";"17200,00";"39900,00";;"5%";;
"212820N12C 67/05 58";"1271271724";"1767208657";"2085302888196";"Куртка";"'42";"City Classic";"Готов к продаже";;"2";"'4.70";;"2024-11-25 11:59:01";"Одежда";"Куртка";"'19.50";"'3.9";"0";"0";"0";"0";"0";"13050,00";"39900,00";;"5%";;
"839790N30N 64 54";"1271271725";"1767204481";"2085303028355";"Куртка";"'42";"NortFolk";"Готов к продаже";;"0";"'5.00";;"2024-11-25 11:59:01";"Одежда";"Куртка";"'19.50";"'3.9";"0";"0";"0";"0";"0";"17500,00";"35500,00";;"5%";;
"839790N30N 21 54";"1271271726";"1767204549";"2085303028263";"Куртка";"'42";"NortFolk";"Готов к продаже";;"1";"'5.00";;"2024-11-25 11:59:01";"Одежда";"Куртка";"'19.50";"'3.9";"0";"0";"0";"0";"0";"17500,00";"35500,00";;"5%";;
"022820N10C 137 56";"1271271728";"1767204482";"2085302896580";"Куртка демисезонная NortFolk";"'37.5";"City Classic";"Готов к продаже";;"1";"'5.00";;"2024-11-25 11:59:01";"Одежда";"Куртка";"'9.95";"'2.0";"0";"0";"0";"0";"0";"12500,00";"20700,00";;"5%";;
"212820N12C 67/05 52";"1271271729";"1767208648";"2085302888165";"Куртка";"'42";"City Classic";"Готов к продаже";;"3";"'4.70";;"2024-11-25 11:59:01";"Одежда";"Куртка";"'19.50";"'3.9";"0";"0";"0";"0";"0";"13050,00";"39900,00";;"5%";;
"212820N12C 67/05 48";"1271271730";"1767208629";"2085302888141";"Куртка";"'42";"City Classic";"Готов к продаже";;"1";"'4.70";;"2024-11-25 11:59:01";"Одежда";"Куртка";"'19.50";"'3.9";"0";"0";"0";"0";"0";"13050,00";"39900,00";;"5%";;
"692340N21N 200 50";"1271271731";"1767204477";"2085302949217";"Куртка женская NortFolk";"'32";"NortFolk";"Продается";;"2";"'4.90";;"2024-11-25 11:59:01";"Одежда";"Куртка";"'15.00";"'3.0";"2";"0";"0";"0";"0";"17200,00";"39900,00";;"5%";;
"022820N10C 137 52";"1271271732";"1767204523";"2085302896566";"Куртка демисезонная NortFolk";"'37.5";"City Classic";"Готов к продаже";;"1";"'5.00";;"2024-11-25 11:59:01";"Одежда";"Куртка";"'9.95";"'2.0";"0";"0";"0";"0";"0";"12500,00";"20700,00";;"5%";;
"212820N12C 67/05 56";"1271271733";"1767208676";"2085302888189";"Куртка";"'42";"City Classic";"Готов к продаже";;"0";"'4.70";;"2024-11-25 11:59:01";"Одежда";"Куртка";"'19.50";"'3.9";"0";"0";"0";"0";"0";"13050,00";"39900,00";;"5%";;
"692340N21N 200 46";"1271271734";"1767204472";"2085302949194";"Куртка женская NortFolk";"'19.5";"NortFolk";"Продается";;"0";"'4.90";;"2024-11-25 11:59:02";"Одежда";"Куртка";"'15.00";"'3.0";"1";"0";"0";"0";"0";"17200,00";"39900,00";;"5%";;
"212820N12C 67/05 54";"1271271735";"1767208643";"2085302888172";"Куртка";"'42";"City Classic";"Готов к продаже";;"2";"'4.70";;"2024-11-25 11:59:02";"Одежда";"Куртка";"'19.50";"'3.9";"0";"0";"0";"0";"0";"13050,00";"39900,00";;"5%";;
"433590Y21N 36/21 58";"1271573572";"1767479623";"2085302913119";"Куртка зимняя женская NortFolk";"'69.5";"NortFolk";"Готов к продаже";;"1";"'4.90";;"2024-11-25 19:43:22";"Одежда";"Куртка";"'12.60";"'2.5";"0";"0";"0";"0";"0";"21990,00";"26900,00";;"5%";;
"429340Y21C 223 50";"1271954112";"1767786377";"2085302944168";"Куртка женская City Classic";"'54.5";"City Classic";"Готов к продаже";;"5";"'4.90";;"2024-11-26 07:01:39";"Одежда";"Куртка";"'15.60";"'3.1";"0";"0";"0";"0";"0";"16800,00";"24700,00";;"5%";;
"433590Y21N 36/21 56";"1271956818";"1767788188";"2085302913102";"Куртка зимняя женская NortFolk";"'69.5";"NortFolk";"Готов к продаже";;"0";"'4.90";;"2024-11-26 07:02:49";"Одежда";"Куртка";"'13.68";"'2.7";"0";"0";"0";"0";"0";"21990,00";"26900,00";;"5%";;
"622340N21N 87 44";"1273725386";"1769290058";"04680351803367";"Куртка NortFolk";"'19.5";"NortFolk";"Продается";;"1";"'5.00";;"2024-11-27 11:47:03";"Одежда";"Куртка";"'9.45";"'1.9";"1";"0";"0";"0";"0";"18000,00";"28600,00";;"5%";;
"622340N21N 87 46";"1273725388";"1769290076";"04680351803374";"Куртка NortFolk";"'19.5";"NortFolk";"Продается";;"1";"'5.00";;"2024-11-27 11:47:03";"Одежда";"Куртка";"'9.45";"'1.9";"1";"0";"0";"0";"0";"18000,00";"28600,00";;"5%";;
"437340N15N-1 99 44";"1287557603";"1781130062";"2085302946766";"Куртка женская";"'42";"NortFolk";"Готов к продаже";;"2";"'5.00";;"2024-12-09 11:18:13";"Одежда";"Куртка";"'15.60";"'3.1";"0";"0";"0";"0";"0";"16500,00";"28990,00";;"5%";;
"681340N23C 100 54";"1287594257";"1781169663";"2085302922005";"Куртка двухстороняя";"'41";"City Classic";"Готов к продаже";;"1";"'4.70";;"2024-12-09 11:54:36";"Одежда";"Куртка";"'16.20";"'3.2";"0";"0";"0";"0";"0";"16000,00";"23900,00";;"5%";;
"681340N23C 17 50";"1287594258";"1781216293";"2085302922227";"Куртка двухстороняя";"'32";"City Classic";"Продается";;"2";"'4.70";;"2024-12-09 11:54:36";"Одежда";"Куртка";"'16.20";"'3.2";"1";"0";"0";"0";"0";"16000,00";"23900,00";;"5%";;
"681340N23C 100 58";"1287594259";"1781169632";"2085302922029";"Куртка двухстороняя";"'41";"City Classic";"Продается";;"0";"'4.70";;"2024-12-09 11:54:36";"Одежда";"Куртка";"'16.20";"'3.2";"1";"0";"0";"0";"0";"16000,00";"23900,00";;"5%";;
"681340N23C 17 44";"1287594260";"1781216287";"2085302922197";"Куртка двухстороняя";"'32";"City Classic";"Готов к продаже";;"1";"'4.70";;"2024-12-09 11:54:36";"Одежда";"Куртка";"'18.90";"'3.8";"0";"0";"0";"0";"0";"16000,00";"23900,00";;"5%";;
"681340N23C 17 56";"1287594261";"1781216282";"2085302922258";"Куртка двухстороняя";"'32";"City Classic";"Готов к продаже";;"0";"'4.70";;"2024-12-09 11:54:36";"Одежда";"Куртка";"'16.20";"'3.2";"0";"0";"0";"0";"0";"16000,00";"23900,00";;"5%";;
"681340N23C 100 52";"1287594262";"1781169629";"2085302921992";"Куртка двухстороняя";"'41";"City Classic";"Готов к продаже";;"1";"'4.70";;"2024-12-09 11:54:36";"Одежда";"Куртка";"'16.20";"'3.2";"0";"0";"0";"0";"0";"16000,00";"23900,00";;"5%";;
"681340N23C 100 46";"1287594264";"1781169630";"2085302921961";"Куртка двухстороняя";"'41";"City Classic";"Готов к продаже";;"1";"'4.70";;"2024-12-09 11:54:36";"Одежда";"Куртка";"'16.20";"'3.2";"0";"0";"0";"0";"0";"16000,00";"23900,00";;"5%";;
"681340N23C 17 46";"1287594265";"1781216305";"2085302922203";"Куртка двухстороняя";"'32";"City Classic";"Продается";;"1";"'4.70";;"2024-12-09 11:54:36";"Одежда";"Куртка";"'18.90";"'3.8";"2";"0";"0";"0";"0";"16000,00";"23900,00";;"5%";;
"681340N23C 100 48";"1287594266";"1781169667";"2085302921978";"Куртка двухстороняя";"'41";"City Classic";"Продается";;"1";"'4.70";;"2024-12-09 11:54:36";"Одежда";"Куртка";"'16.20";"'3.2";"1";"0";"0";"0";"0";"16000,00";"23900,00";;"5%";;
"681340N23C 17 52";"1287594267";"1781216285";"2085302922234";"Куртка двухстороняя";"'32";"City Classic";"Продается";;"0";"'4.70";;"2024-12-09 11:54:36";"Одежда";"Куртка";"'16.20";"'3.2";"2";"0";"0";"0";"0";"16000,00";"23900,00";;"5%";;
"681340N23C 17 58";"1287594268";"1781216360";"2085302922265";"Куртка двухстороняя";"'32";"City Classic";"Продается";;"0";"'4.70";;"2024-12-09 11:54:36";"Одежда";"Куртка";"'16.20";"'3.2";"2";"0";"0";"0";"0";"16000,00";"23900,00";;"5%";;
"681340N23C 17 54";"1287594269";"1781216302";"2085302922241";"Куртка двухстороняя";"'32";"City Classic";"Продается";;"1";"'4.70";;"2024-12-09 11:54:36";"Одежда";"Куртка";"'18.90";"'3.8";"1";"0";"0";"0";"0";"16000,00";"23900,00";;"5%";;
"681340N23C 17 48";"1287594270";"1781216278";"2085302922210";"Куртка двухстороняя";"'32";"City Classic";"Продается";;"0";"'4.70";;"2024-12-09 11:54:36";"Одежда";"Куртка";"'16.20";"'3.2";"2";"0";"0";"0";"0";"16000,00";"23900,00";;"5%";;
"681340N23C 100 50";"1287594272";"1781169684";"2085302921985";"Куртка двухстороняя";"'41";"City Classic";"Продается";;"1";"'4.70";;"2024-12-09 11:54:36";"Одежда";"Куртка";"'16.20";"'3.2";"1";"0";"0";"0";"0";"16000,00";"23900,00";;"5%";;
"681340N23C 100 56";"1287594273";"1781169642";"2085302922012";"Куртка двухстороняя";"'41";"City Classic";"Готов к продаже";;"1";"'4.70";;"2024-12-09 11:54:36";"Одежда";"Куртка";"'16.20";"'3.2";"0";"0";"0";"0";"0";"16000,00";"23900,00";;"5%";;
"031820N11CJ 3-2 46";"1361562491";"1839087740";"04660426040996";"Жилетка утепленная стеганая City Classic";"'82";"City Classic";"Готов к продаже";;"2";"'5.00";;"2025-01-19 07:33:59";"Одежда";"Жилет";"'17.48";"'3.5";"0";"0";"0";"0";"0";"11920,00";"19550,00";;"5%";;
"031820N11CJ 3-2 48";"1361563784";"1839088900";"04660426041009";"Жилетка утепленная стеганая City Classic";"'82";"City Classic";"Готов к продаже";;"3";"'5.00";;"2025-01-19 07:36:41";"Одежда";"Жилет";"'20.91";"'4.2";"0";"0";"0";"0";"0";"11920,00";"19550,00";;"5%";;
"031820N11CJ 3-2 56";"1361565093";"1839089673";"04660426041047";"Жилетка утепленная стеганая City Classic";"'82";"City Classic";"Готов к продаже";;"1";"'5.00";;"2025-01-19 07:38:28";"Одежда";"Жилет";"'17.48";"'3.5";"0";"0";"0";"0";"0";"11920,00";"19550,00";;"5%";;
"031820N11CJ 99 44";"1361565864";"1839090633";"04660426040828";"Жилетка утепленная стеганая City Classic";"'82";"City Classic";"Продается";;"0";"'5.00";;"2025-01-19 07:40:21";"Одежда";"Жилет";"'17.48";"'3.5";"5";"0";"0";"0";"0";"11920,00";"19550,00";;"5%";;
"031820N11CJ 99 58";"1361566776";"1839090967";"04660426040897";"Жилетка утепленная стеганая City Classic";"'82";"City Classic";"Готов к продаже";;"7";"'5.00";;"2025-01-19 07:42:02";"Одежда";"Жилет";"'17.48";"'3.5";"0";"0";"0";"0";"0";"11920,00";"19550,00";;"5%";;
"031820N11CJ FS 44";"1361576244";"1839099254";"04660426040743";"Жилетка утепленная стеганая City Classic";"'82";"City Classic";"Продается";;"2";"'5.00";;"2025-01-19 07:55:58";"Одежда";"Жилет";"'17.48";"'3.5";"5";"0";"0";"0";"0";"11920,00";"19550,00";;"5%";;
"031820N11CJ FS 58";"1361577974";"1839100640";"04660426040811";"Жилетка утепленная стеганая City Classic";"'82";"City Classic";"Продается";;"6";"'5.00";;"2025-01-19 07:59:22";"Одежда";"Жилет";"'29.44";"'5.9";"5";"0";"0";"0";"0";"11920,00";"19550,00";;"5%";;
"031820N11CJ FS 48";"1361584761";"1839106229";"04660426040767";"Жилетка утепленная стеганая City Classic";"'82";"City Classic";"Продается";;"8";"'5.00";;"2025-01-19 08:09:40";"Одежда";"Жилет";"'17.48";"'3.5";"4";"0";"0";"0";"0";"11920,00";"19550,00";;"5%";;
"031820N11CJ FS 46";"1361585704";"1839107038";"04660426040750";"Жилетка утепленная стеганая City Classic";"'82";"City Classic";"Продается";;"6";"'5.00";;"2025-01-19 08:11:28";"Одежда";"Жилет";"'19.38";"'3.9";"4";"0";"0";"0";"0";"11920,00";"19550,00";;"5%";;
"031820N11CJ FS 50";"1361586359";"1839107595";"04660426040774";"Жилетка утепленная стеганая City Classic";"'82";"City Classic";"Продается";;"8";"'5.00";;"2025-01-19 08:12:38";"Одежда";"Жилет";"'31.39";"'6.3";"6";"0";"0";"0";"0";"11920,00";"19550,00";;"5%";;
"031820N11CJ FS 54";"1361587007";"1839108223";"04660426040798";"Жилетка утепленная стеганая City Classic";"'82";"City Classic";"Продается";;"10";"'5.00";;"2025-01-19 08:14:17";"Одежда";"Жилет";"'23.95";"'4.8";"4";"1";"0";"0";"0";"11920,00";"19550,00";;"5%";;
"031820N11CJ FS 56";"1361587805";"1839108773";"04660426040804";"Жилетка утепленная стеганая City Classic";"'82";"City Classic";"Продается";;"7";"'5.00";;"2025-01-19 08:15:57";"Одежда";"Жилет";"'24.94";"'5.0";"5";"1";"0";"0";"0";"11920,00";"19550,00";;"5%";;
"780951N11NJ 206 48";"1361588921";"1839109760";"04660426039952";"Жилет утепленный NortFolk";"'83";"NortFolk";"Продается";;"2";"'4.90";;"2025-01-19 08:19:06";"Одежда";"Жилет";"'10.50";"'2.1";"3";"0";"0";"0";"0";"11350,00";"20150,00";;"5%";;
"780951N11NJ 206 52";"1361589634";"1839110433";"04660426039976";"Жилет утепленный NortFolk";"'65";"NortFolk";"Готов к продаже";;"5";"'4.90";;"2025-01-19 08:20:27";"Одежда";"Жилет";"'30.69";"'6.1";"0";"0";"0";"0";"0";"11350,00";"20150,00";;"5%";;"Изменить габариты и вес нельзя: мы уже замерили их и закрепили за карточкой товара. Если заметили неточность, напишите в поддержку — всё проверим и исправим."
"780951N11NJ 206 54";"1361590844";"1839111226";"04660426039983";"Жилет утепленный NortFolk";"'83";"NortFolk";"Продается";;"2";"'4.90";;"2025-01-19 08:22:23";"Одежда";"Жилет";"'25.03";"'5.0";"3";"0";"0";"0";"0";"11350,00";"20150,00";;"5%";;"Изменить габариты и вес нельзя: мы уже замерили их и закрепили за карточкой товара. Если заметили неточность, напишите в поддержку — всё проверим и исправим."
"780951N11NJ 206 56";"1361591384";"1839111655";"04660426039990";"Жилет утепленный NortFolk";"'65";"NortFolk";"Продается";;"0";"'4.90";;"2025-01-19 08:23:47";"Одежда";"Жилет";"'44.42";"'8.9";"4";"0";"0";"0";"0";"11350,00";"20150,00";;"5%";;"Изменить габариты и вес нельзя: мы уже замерили их и закрепили за карточкой товара. Если заметили неточность, напишите в поддержку — всё проверим и исправим."
"780951N11NJ 77 48";"1361593253";"1839113029";"04660426040163";"Жилет утепленный NortFolk";"'56";"NortFolk";"Продается";;"0";"'4.90";;"2025-01-19 08:26:30";"Одежда";"Жилет";"'10.50";"'2.1";"3";"0";"0";"0";"0";"11350,00";"20150,00";;"5%";;
"780951N11NJ 77 54";"1361595104";"1839114416";"04660426040194";"Жилет утепленный NortFolk";"'65";"NortFolk";"Продается";;"1";"'4.90";;"2025-01-19 08:28:40";"Одежда";"Жилет";"'10.50";"'2.1";"2";"0";"0";"0";"0";"11350,00";"20150,00";;"5%";;
"780951N11NJ 77 56";"1361597225";"1839116009";"04660426040200";"Жилет утепленный NortFolk";"'56";"NortFolk";"Готов к продаже";;"5";"'4.90";;"2025-01-19 08:30:35";"Одежда";"Жилет";"'10.50";"'2.1";"0";"0";"0";"0";"0";"11350,00";"20150,00";;"5%";;
"780951N11NJ 77 58";"1361601383";"1839117469";"04660426040217";"Жилет утепленный NortFolk";"'65";"NortFolk";"Продается";;"2";"'5.00";;"2025-01-19 08:33:08";"Одежда";"Жилет";"'10.50";"'2.1";"3";"0";"0";"0";"0";"11350,00";"20150,00";;"5%";;
"780951N11NJ 90 46";"1361603171";"1839120837";"04660426039792";"Жилет утепленный NortFolk";"'65";"NortFolk";"Продается";;"2";"'4.90";;"2025-01-19 08:35:28";"Одежда";"Жилет";"'10.50";"'2.1";"3";"0";"0";"0";"0";"11350,00";"20150,00";;"5%";;
"780951N11NJ 97 46";"1361604511";"1839122162";"04660426040316";"Жилет утепленный NortFolk";"'69.5";"NortFolk";"Продается";;"0";"'4.90";;"2025-01-19 08:36:57";"Одежда";"Жилет";"'10.50";"'2.1";"1";"0";"0";"0";"0";"11350,00";"20150,00";;"5%";;
"780951N11NJ 97 50";"1361605670";"1839123098";"04660426040101";"Жилет утепленный NortFolk";"'69.5";"NortFolk";"Готов к продаже";;"6";"'4.90";;"2025-01-19 08:38:38";"Одежда";"Жилет";"'18.21";"'3.6";"0";"0";"0";"0";"0";"11350,00";"20150,00";;"5%";;"Изменить габариты и вес нельзя: мы уже замерили их и закрепили за карточкой товара. Если заметили неточность, напишите в поддержку — всё проверим и исправим."
"780951N11NJ 99 46";"1361607006";"1839123977";"04660426039877";"Жилет утепленный NortFolk";"'69.5";"NortFolk";"Продается";;"3";"'4.90";;"2025-01-19 08:40:18";"Одежда";"Жилет";"'23.44";"'4.7";"4";"0";"0";"0";"0";"11350,00";"20150,00";;"5%";;"Изменить габариты и вес нельзя: мы уже замерили их и закрепили за карточкой товара. Если заметили неточность, напишите в поддержку — всё проверим и исправим."
"780951N11NJ 99 50";"1361608198";"1839124787";"04660426039891";"Жилет утепленный NortFolk";"'69.5";"NortFolk";"Продается";;"6";"'4.90";;"2025-01-19 08:41:42";"Одежда";"Жилет";"'31.42";"'6.3";"3";"0";"0";"0";"0";"11350,00";"20150,00";;"5%";;
"780951N11NJ 165 54";"1361700479";"1839204375";"04660426040262";"Жилет утепленный NortFolk";"'57";"NortFolk";"Продается";;"1";"'4.90";;"2025-01-19 09:58:40";"Одежда";"Жилет";"'10.50";"'2.1";"1";"0";"0";"0";"0";"11350,00";"20150,00";;"5%";;
"780951N11NJ 165 60";"1361700480";"1839204577";"04660426040293";"Жилет утепленный NortFolk";"'57";"NortFolk";"Продается";;"0";"'4.90";;"2025-01-19 09:58:40";"Одежда";"Жилет";"'10.50";"'2.1";"4";"0";"0";"0";"0";"11350,00";"20150,00";;"5%";;
"780951N11NJ 73 60";"1361700481";"1839204647";"04660426040088";"Жилет утепленный NortFolk";"'70.5";"NortFolk";"Продается";;"4";"'4.70";;"2025-01-19 09:58:40";"Одежда";"Жилет";"'10.50";"'2.1";"3";"0";"0";"0";"0";"11350,00";"20150,00";;"5%";;
"780951N11NJ 165 56";"1361700482";"1839204801";"04660426040279";"Жилет утепленный NortFolk";"'57";"NortFolk";"Продается";;"4";"'4.90";;"2025-01-19 09:58:40";"Одежда";"Жилет";"'10.50";"'2.1";"1";"0";"0";"0";"0";"11350,00";"20150,00";;"5%";;
"780951N11NJ 73 56";"1361700483";"1839204771";"04660426040064";"Жилет утепленный NortFolk";"'52.5";"NortFolk";"Продается";;"3";"'5.00";;"2025-01-19 09:58:40";"Одежда";"Жилет";"'10.50";"'2.1";"4";"0";"0";"0";"0";"11350,00";"20150,00";;"5%";;
"780951N11NJ 165 50";"1361700484";"1839204656";"04660426040248";"Жилет утепленный NortFolk";"'57";"NortFolk";"Готов к продаже";;"0";"'4.90";;"2025-01-19 09:58:40";"Одежда";"Жилет";"'10.50";"'2.1";"0";"0";"0";"0";"0";"11350,00";"20150,00";;"5%";;
"031820N11CJ 223 48";"1361700485";"1839204524";"04660426041085";"Жилетка утепленная стеганая City Classic";"'77.5";"City Classic";"Продается";;"10";"'5.00";;"2025-01-19 09:58:40";"Одежда";"Жилет";"'17.48";"'3.5";"2";"0";"0";"0";"0";"11920,00";"19550,00";;"5%";;
"780951N11NJ 73 48";"1361700486";"1839204396";"04660426040026";"Жилет утепленный NortFolk";"'70.5";"NortFolk";"Продается";;"0";"'0.00";;"2025-01-19 09:58:40";"Одежда";"Жилет";"'10.50";"'2.1";"7";"0";"0";"0";"0";"11350,00";"20150,00";;"5%";;
"031820N11CJ 223 46";"1361700487";"1839204773";"04660426041078";"Жилетка утепленная стеганая City Classic";"'77.5";"City Classic";"Продается";;"5";"'5.00";;"2025-01-19 09:58:40";"Одежда";"Жилет";"'17.48";"'3.5";"6";"0";"0";"0";"0";"11920,00";"19550,00";;"5%";;
"031820N11CJB FS 60";"1361700488";"1839204456";"04660426041344";"Жилетка утепленная стеганая City Classic";"'82";"City Classic";"Готов к продаже";;"4";"'5.00";;"2025-01-19 09:58:40";"Одежда";"Жилет";"'17.48";"'3.5";"0";"0";"0";"0";"0";"12520,00";"20550,00";;"5%";;
"780951N11NJ 165 52";"1361700489";"1839204902";"04660426040255";"Жилет утепленный NortFolk";"'57";"NortFolk";"Продается";;"3";"'4.90";;"2025-01-19 09:58:40";"Одежда";"Жилет";"'10.50";"'2.1";"1";"0";"0";"0";"0";"11350,00";"20150,00";;"5%";;
"031820N11CJB FS 64";"1361700490";"1839204503";"04660426041368";"Жилетка утепленная стеганая City Classic";"'82";"City Classic";"Готов к продаже";;"1";"'5.00";;"2025-01-19 09:58:40";"Одежда";"Жилет";"'17.48";"'3.5";"0";"0";"0";"0";"0";"12520,00";"20550,00";;"5%";;
"780951N11NJ 165 48";"1361700491";"1839204517";"04660426040231";"Жилет утепленный NortFolk";"'57";"NortFolk";"Продается";;"1";"'4.90";;"2025-01-19 09:58:40";"Одежда";"Жилет";"'10.50";"'2.1";"1";"0";"0";"0";"0";"11350,00";"20150,00";;"5%";;
"780951N11NJ 73 58";"1361700492";"1839204542";"04660426040071";"Жилет утепленный NortFolk";"'52.5";"NortFolk";"Продается";;"3";"'4.70";;"2025-01-19 09:58:40";"Одежда";"Жилет";"'10.50";"'2.1";"5";"0";"0";"0";"0";"11350,00";"20150,00";;"5%";;
"780951N11NJ 165 58";"1361700493";"1839204679";"04660426040286";"Жилет утепленный NortFolk";"'57";"NortFolk";"Продается";;"1";"'4.90";;"2025-01-19 09:58:40";"Одежда";"Жилет";"'10.50";"'2.1";"4";"0";"0";"0";"0";"11350,00";"20150,00";;"5%";;
"780951N11NJ 73 52";"1361700494";"1839204880";"04660426040040";"Жилет утепленный NortFolk";"'52.5";"NortFolk";"Продается";;"1";"'4.90";;"2025-01-19 09:58:40";"Одежда";"Жилет";"'10.50";"'2.1";"7";"0";"0";"0";"0";"11350,00";"20150,00";;"5%";;
"031820N11CJ 223 58";"1361700495";"1839204567";"04660426041139";"Жилетка утепленная стеганая City Classic";"'77.5";"City Classic";"Продается";;"7";"'5.00";;"2025-01-19 09:58:40";"Одежда";"Жилет";"'17.48";"'3.5";"3";"0";"0";"0";"0";"11920,00";"19550,00";;"5%";;
"780951N11NJ 73 50";"1361700496";"1839204665";"04660426040033";"Жилет утепленный NortFolk";"'52.5";"NortFolk";"Продается";;"4";"'4.90";;"2025-01-19 09:58:40";"Одежда";"Жилет";"'10.50";"'2.1";"4";"0";"0";"0";"0";"11350,00";"20150,00";;"5%";;
"031820N11CJB FS 62";"1361700497";"1839204561";"04660426041351";"Жилетка утепленная стеганая City Classic";"'82";"City Classic";"Готов к продаже";;"1";"'5.00";;"2025-01-19 09:58:40";"Одежда";"Жилет";"'17.48";"'3.5";"0";"0";"0";"0";"0";"12520,00";"20550,00";;"5%";;
"031820N11CJ 223 52";"1361700498";"1839204708";"04660426041108";"Жилетка утепленная стеганая City Classic";"'77.5";"City Classic";"Продается";;"14";"'5.00";;"2025-01-19 09:58:40";"Одежда";"Жилет";"'17.48";"'3.5";"5";"0";"0";"0";"0";"11920,00";"19550,00";;"5%";;
"031820N11CJ 223 50";"1361700499";"1839204380";"04660426041092";"Жилетка утепленная стеганая City Classic";"'77.5";"City Classic";"Продается";;"15";"'5.00";;"2025-01-19 09:58:40";"Одежда";"Жилет";"'17.48";"'3.5";"4";"0";"0";"0";"0";"11920,00";"19550,00";;"5%";;
"031820N11CJ 223 54";"1361700500";"1839204808";"04660426041115";"Жилетка утепленная стеганая City Classic";"'77.5";"City Classic";"Продается";;"7";"'5.00";;"2025-01-19 09:58:40";"Одежда";"Жилет";"'17.48";"'3.5";"6";"0";"0";"0";"0";"11920,00";"19550,00";;"5%";;
"031820N11CJ 223 44";"1361700501";"1839204476";"04660426041061";"Жилетка утепленная стеганая City Classic";"'77.5";"City Classic";"Продается";;"2";"'5.00";;"2025-01-19 09:58:40";"Одежда";"Жилет";"'17.48";"'3.5";"3";"0";"0";"0";"0";"11920,00";"19550,00";;"5%";;
"780951N11NJ 73 54";"1361700502";"1839204757";"04660426040057";"Жилет утепленный NortFolk";"'52.5";"NortFolk";"Продается";;"0";"'0.00";;"2025-01-19 09:58:40";"Одежда";"Жилет";"'10.50";"'2.1";"7";"0";"0";"0";"0";"11350,00";"20150,00";;"5%";;
"031820N11CJ 223 56";"1361700503";"1839204522";"04660426041122";"Жилетка утепленная стеганая City Classic";"'77.5";"City Classic";"Готов к продаже";;"9";"'5.00";;"2025-01-19 09:58:40";"Одежда";"Жилет";"'17.48";"'3.5";"0";"0";"0";"0";"0";"11920,00";"19550,00";;"5%";;
"433430N11N 127 50";"1361701473";"1839205585";"04660426041672";"Куртка женская легкая стеганая на весну и осень NortFolk";"'82";"NortFolk";"Продается";;"4";"'4.90";;"2025-01-19 09:59:21";"Одежда";"Куртка";"'13.00";"'2.6";"2";"0";"0";"0";"0";"15600,00";"22100,00";;"5%";;
"409430N10N 255 50";"1361701474";"1839205809";"04660426038818";"Куртка женская стеганная короткая NortFolk";"'69.5";"NortFolk";"Готов к продаже";;"9";"'4.90";;"2025-01-19 09:59:21";"Одежда";"Куртка";"'13.00";"'2.6";"0";"0";"0";"0";"0";"15000,00";"29999,00";;"5%";;
"433430N11N 127 54";"1361701475";"1839205771";"04660426041696";"Куртка женская легкая стеганая на весну и осень NortFolk";"'82";"NortFolk";"Продается";;"0";"'4.90";;"2025-01-19 09:59:21";"Одежда";"Куртка";"'13.00";"'2.6";"2";"0";"0";"0";"0";"15600,00";"22100,00";;"5%";;
"433430N11N 127 44";"1361701476";"1839205560";"04660426041641";"Куртка женская легкая стеганая на весну и осень NortFolk";"'82";"NortFolk";"Готов к продаже";;"2";"'4.90";;"2025-01-19 09:59:21";"Одежда";"Куртка";"'13.00";"'2.6";"0";"0";"0";"0";"0";"15600,00";"22100,00";;"5%";;
"409430N10N 255 48";"1361701477";"1839205611";"04660426038801";"Куртка женская стеганная короткая NortFolk";"'69.5";"NortFolk";"Готов к продаже";;"11";"'4.90";;"2025-01-19 09:59:21";"Одежда";"Куртка";"'13.00";"'2.6";"0";"0";"0";"0";"0";"15000,00";"29999,00";;"5%";;
"409430N10N 22 52";"1361701478";"1839205719";"04660426038740";"Куртка женская стеганная короткая NortFolk";"'69.5";"NortFolk";"Готов к продаже";;"9";"'4.90";;"2025-01-19 09:59:21";"Одежда";"Куртка";"'13.00";"'2.6";"0";"0";"0";"0";"0";"15000,00";"29999,00";;"5%";;
"409430N10N 17 54";"1361701479";"1839205498";"04660426038917";"Куртка женская стеганная короткая NortFolk";"'69.5";"NortFolk";"Готов к продаже";;"8";"'4.90";;"2025-01-19 09:59:21";"Одежда";"Куртка";"'13.00";"'2.6";"0";"0";"0";"0";"0";"15000,00";"29999,00";;"5%";;
"433430N11N 99 52";"1361701480";"1839205503";"04660426041443";"Куртка женская легкая стеганая на весну и осень NortFolk";"'82";"NortFolk";"Готов к продаже";;"7";"'4.90";;"2025-01-19 09:59:21";"Одежда";"Куртка";"'13.00";"'2.6";"0";"0";"0";"0";"0";"15600,00";"22100,00";;"5%";;
"409430N10N 255 46";"1361701481";"1839205614";"04660426038795";"Куртка женская стеганная короткая NortFolk";"'69.5";"NortFolk";"Готов к продаже";;"8";"'4.90";;"2025-01-19 09:59:21";"Одежда";"Куртка";"'13.00";"'2.6";"0";"0";"0";"0";"0";"15000,00";"29999,00";;"5%";;
"409430N10N 99 46";"1361701482";"1839205598";"04660426038634";"Куртка женская стеганная короткая NortFolk";"'69.5";"NortFolk";"Готов к продаже";;"9";"'4.90";;"2025-01-19 09:59:21";"Одежда";"Куртка";"'13.00";"'2.6";"0";"0";"0";"0";"0";"15000,00";"29999,00";;"5%";;
"409430N10N 17 56";"1361701483";"1839205940";"04660426038924";"Куртка женская стеганная короткая NortFolk";"'69.5";"NortFolk";"Продается";;"1";"'4.90";;"2025-01-19 09:59:21";"Одежда";"Куртка";"'13.00";"'2.6";"2";"0";"0";"0";"0";"15000,00";"29999,00";;"5%";;
"433430N11N 127 46";"1361701484";"1839205509";"04660426041658";"Куртка женская легкая стеганая на весну и осень NortFolk";"'82";"NortFolk";"Готов к продаже";;"6";"'4.90";;"2025-01-19 09:59:21";"Одежда";"Куртка";"'13.00";"'2.6";"0";"0";"0";"0";"0";"15600,00";"22100,00";;"5%";;
"433430N11N 99 54";"1361701485";"1839205389";"04660426041450";"Куртка женская легкая стеганая на весну и осень NortFolk";"'82";"NortFolk";"Готов к продаже";;"3";"'4.90";;"2025-01-19 09:59:21";"Одежда";"Куртка";"'13.00";"'2.6";"0";"0";"0";"0";"0";"15600,00";"22100,00";;"5%";;
"409430N10N 255 52";"1361701486";"1839205286";"04660426038825";"Куртка женская стеганная короткая NortFolk";"'69.5";"NortFolk";"Готов к продаже";;"11";"'4.90";;"2025-01-19 09:59:21";"Одежда";"Куртка";"'13.00";"'2.6";"0";"0";"0";"0";"0";"15000,00";"29999,00";;"5%";;
"433430N11N 99 50";"1361701487";"1839205777";"04660426041436";"Куртка женская легкая стеганая на весну и осень NortFolk";"'82";"NortFolk";"Продается";;"11";"'4.90";;"2025-01-19 09:59:21";"Одежда";"Куртка";"'13.00";"'2.6";"4";"0";"0";"0";"0";"15600,00";"22100,00";;"5%";;
"409430N10N FS 46";"1361701488";"1839205445";"04660426038559";"Куртка женская стеганная короткая NortFolk";"'69.5";"NortFolk";"Готов к продаже";;"8";"'4.90";;"2025-01-19 09:59:21";"Одежда";"Куртка";"'13.00";"'2.6";"0";"0";"0";"0";"0";"15000,00";"29999,00";;"5%";;
"433430N11N 99 46";"1361701489";"1839205779";"04660426041412";"Куртка женская легкая стеганая на весну и осень NortFolk";"'82";"NortFolk";"Продается";;"6";"'4.90";;"2025-01-19 09:59:21";"Одежда";"Куртка";"'13.00";"'2.6";"5";"0";"0";"0";"0";"15600,00";"22100,00";;"5%";;
"409430N10N FS 52";"1361701490";"1839205347";"04660426038580";"Куртка женская стеганная короткая NortFolk";"'69.5";"NortFolk";"Готов к продаже";;"7";"'4.90";;"2025-01-19 09:59:21";"Одежда";"Куртка";"'13.00";"'2.6";"0";"0";"0";"0";"0";"15000,00";"29999,00";;"5%";;
"409430N10N 99 44";"1361701491";"1839205443";"04660426038627";"Куртка женская стеганная короткая NortFolk";"'69.5";"NortFolk";"Готов к продаже";;"10";"'4.90";;"2025-01-19 09:59:21";"Одежда";"Куртка";"'13.00";"'2.6";"0";"0";"0";"0";"0";"15000,00";"29999,00";;"5%";;
"409430N10N 17 48";"1361701492";"1839205464";"04660426038887";"Куртка женская стеганная короткая NortFolk";"'69.5";"NortFolk";"Готов к продаже";;"4";"'4.90";;"2025-01-19 09:59:21";"Одежда";"Куртка";"'13.00";"'2.6";"0";"0";"0";"0";"0";"15000,00";"29999,00";;"5%";;
"409430N10N FS 54";"1361701493";"1839205327";"04660426038597";"Куртка женская стеганная короткая NortFolk";"'69.5";"NortFolk";"Готов к продаже";;"6";"'4.90";;"2025-01-19 09:59:21";"Одежда";"Куртка";"'13.00";"'2.6";"0";"0";"0";"0";"0";"15000,00";"29999,00";;"5%";;
"409430N10N 17 50";"1361701494";"1839205676";"04660426038894";"Куртка женская стеганная короткая NortFolk";"'69.5";"NortFolk";"Готов к продаже";;"8";"'4.90";;"2025-01-19 09:59:21";"Одежда";"Куртка";"'13.00";"'2.6";"0";"0";"0";"0";"0";"15000,00";"29999,00";;"5%";;
"409430N10N 22 50";"1361701495";"1839205330";"04660426038733";"Куртка женская стеганная короткая NortFolk";"'69.5";"NortFolk";"Готов к продаже";;"7";"'4.90";;"2025-01-19 09:59:21";"Одежда";"Куртка";"'13.00";"'2.6";"0";"0";"0";"0";"0";"15000,00";"29999,00";;"5%";;
"433430N11N 127 52";"1361701496";"1839205529";"04660426041689";"Куртка женская легкая стеганая на весну и осень NortFolk";"'82";"NortFolk";"Готов к продаже";;"5";"'4.90";;"2025-01-19 09:59:21";"Одежда";"Куртка";"'13.00";"'2.6";"0";"0";"0";"0";"0";"15600,00";"22100,00";;"5%";;
"433430N11N 99 44";"1361701497";"1839205664";"04660426041405";"Куртка женская легкая стеганая на весну и осень NortFolk";"'82";"NortFolk";"Готов к продаже";;"10";"'4.90";;"2025-01-19 09:59:21";"Одежда";"Куртка";"'13.00";"'2.6";"0";"0";"0";"0";"0";"15600,00";"22100,00";;"5%";;
"409430N10N 99 48";"1361701498";"1839205414";"04660426038641";"Куртка женская стеганная короткая NortFolk";"'69.5";"NortFolk";"Продается";;"9";"'4.90";;"2025-01-19 09:59:21";"Одежда";"Куртка";"'13.00";"'2.6";"1";"0";"0";"0";"0";"15000,00";"29999,00";;"5%";;
"409430N10N FS 44";"1361701499";"1839205780";"04660426038542";"Куртка женская стеганная короткая NortFolk";"'69.5";"NortFolk";"Готов к продаже";;"6";"'4.90";;"2025-01-19 09:59:21";"Одежда";"Куртка";"'13.00";"'2.6";"0";"0";"0";"0";"0";"15000,00";"29999,00";;"5%";;
"409430N10N 99 54";"1361701500";"1839205733";"04660426038672";"Куртка женская стеганная короткая NortFolk";"'69.5";"NortFolk";"Готов к продаже";;"11";"'4.90";;"2025-01-19 09:59:21";"Одежда";"Куртка";"'13.00";"'2.6";"0";"0";"0";"0";"0";"15000,00";"29999,00";;"5%";;
"433430N11N 99 48";"1361701501";"1839205641";"04660426041429";"Куртка женская легкая стеганая на весну и осень NortFolk";"'82";"NortFolk";"Продается";;"4";"'4.90";;"2025-01-19 09:59:21";"Одежда";"Куртка";"'13.00";"'2.6";"4";"0";"0";"0";"0";"15600,00";"22100,00";;"5%";;
"409430N10N 22 46";"1361701502";"1839205299";"04660426038719";"Куртка женская стеганная короткая NortFolk";"'69.5";"NortFolk";"Продается";;"4";"'4.90";;"2025-01-19 09:59:21";"Одежда";"Куртка";"'13.00";"'2.6";"1";"0";"0";"0";"0";"15000,00";"29999,00";;"5%";;
"409430N10N 99 50";"1361701503";"1839205568";"04660426038658";"Куртка женская стеганная короткая NortFolk";"'69.5";"NortFolk";"Продается";;"12";"'4.90";;"2025-01-19 09:59:21";"Одежда";"Куртка";"'13.00";"'2.6";"1";"0";"0";"0";"0";"15000,00";"29999,00";;"5%";;
"409430N10N 255 44";"1361701504";"1839205861";"04660426038788";"Куртка женская стеганная короткая NortFolk";"'69.5";"NortFolk";"Готов к продаже";;"8";"'4.90";;"2025-01-19 09:59:21";"Одежда";"Куртка";"'13.00";"'2.6";"0";"0";"0";"0";"0";"15000,00";"29999,00";;"5%";;
"409430N10N FS 50";"1361701505";"1839205812";"04660426038573";"Куртка женская стеганная короткая NortFolk";"'69.5";"NortFolk";"Готов к продаже";;"10";"'4.90";;"2025-01-19 09:59:21";"Одежда";"Куртка";"'13.00";"'2.6";"0";"0";"0";"0";"0";"15000,00";"29999,00";;"5%";;
"409430N10N FS 56";"1361701506";"1839205351";"04660426038603";"Куртка женская стеганная короткая NortFolk";"'69.5";"NortFolk";"Готов к продаже";;"4";"'4.90";;"2025-01-19 09:59:21";"Одежда";"Куртка";"'13.00";"'2.6";"0";"0";"0";"0";"0";"15000,00";"29999,00";;"5%";;
"409430N10N 255 54";"1361701508";"1839205865";"04660426038832";"Куртка женская стеганная короткая NortFolk";"'69.5";"NortFolk";"Готов к продаже";;"10";"'4.90";;"2025-01-19 09:59:21";"Одежда";"Куртка";"'13.00";"'2.6";"0";"0";"0";"0";"0";"15000,00";"29999,00";;"5%";;
"409430N10N 99 52";"1361701509";"1839205957";"04660426038665";"Куртка женская стеганная короткая NortFolk";"'69.5";"NortFolk";"Продается";;"14";"'4.90";;"2025-01-19 09:59:21";"Одежда";"Куртка";"'13.00";"'2.6";"1";"0";"0";"0";"0";"15000,00";"29999,00";;"5%";;
"409430N10N 22 54";"1361701510";"1839205334";"04660426038757";"Куртка женская стеганная короткая NortFolk";"'69.5";"NortFolk";"Продается";;"3";"'4.90";;"2025-01-19 09:59:21";"Одежда";"Куртка";"'13.00";"'2.6";"1";"0";"0";"0";"0";"15000,00";"29999,00";;"5%";;
"433430N11N 99 56";"1361701511";"1839205873";"04660426041467";"Куртка женская легкая стеганая на весну и осень NortFolk";"'82";"NortFolk";"Готов к продаже";;"3";"'4.90";;"2025-01-19 09:59:21";"Одежда";"Куртка";"'13.00";"'2.6";"0";"0";"0";"0";"0";"15600,00";"22100,00";;"5%";;
"409430N10N 22 44";"1361701513";"1839205508";"04660426038702";"Куртка женская стеганная короткая NortFolk";"'69.5";"NortFolk";"Продается";;"6";"'4.90";;"2025-01-19 09:59:21";"Одежда";"Куртка";"'13.00";"'2.6";"1";"0";"0";"0";"0";"15000,00";"29999,00";;"5%";;
"409430N10N 22 48";"1361701514";"1839205531";"04660426038726";"Куртка женская стеганная короткая NortFolk";"'69.5";"NortFolk";"Готов к продаже";;"5";"'4.90";;"2025-01-19 09:59:21";"Одежда";"Куртка";"'13.00";"'2.6";"0";"0";"0";"0";"0";"15000,00";"29999,00";;"5%";;
"433430N11N 127 48";"1361701518";"1839205717";"04660426041665";"Куртка женская легкая стеганая на весну и осень NortFolk";"'82";"NortFolk";"Продается";;"6";"'4.90";;"2025-01-19 09:59:21";"Одежда";"Куртка";"'13.00";"'2.6";"1";"1";"0";"0";"0";"15600,00";"22100,00";;"5%";;
"409430N10N FS 48";"1361701519";"1839205942";"04660426038566";"Куртка женская стеганная короткая NortFolk";"'69.5";"NortFolk";"Готов к продаже";;"14";"'4.90";;"2025-01-19 09:59:21";"Одежда";"Куртка";"'13.00";"'2.6";"0";"0";"0";"0";"0";"15000,00";"29999,00";;"5%";;
"031820N11CJB 223 60";"1361836891";"1839306140";"04660426041375";"Жилетка утепленная стеганая City Classic";"'77.5";"City Classic";"Готов к продаже";;"4";"'5.00";;"2025-01-19 12:15:45";"Одежда";"Жилет";"'17.48";"'3.5";"0";"0";"0";"0";"0";"12520,00";"20550,00";;"5%";;
"031820N11CJB 223 62";"1361838584";"1839307591";"04660426041382";"Жилетка утепленная стеганая City Classic";"'77.5";"City Classic";"Готов к продаже";;"2";"'5.00";;"2025-01-19 12:19:33";"Одежда";"Жилет";"'17.48";"'3.5";"0";"0";"0";"0";"0";"12520,00";"20550,00";;"5%";;
"031820N11CJ 122 54";"1378453817";"1851881462";"04660426041191";"Жилетка утепленная стеганая City Classic";"'95.5";"City Classic";"Продается";;"7";"'5.00";;"2025-01-30 12:48:36";"Одежда";"Жилет";"'17.48";"'3.5";"1";"0";"0";"0";"0";"11920,00";"19550,00";;"5%";;
"031820N11CJ 122 46";"1378453818";"1851881664";"04660426041153";"Жилетка утепленная стеганая City Classic";"'95.5";"City Classic";"Продается";;"3";"'5.00";;"2025-01-30 12:48:36";"Одежда";"Жилет";"'17.48";"'3.5";"2";"0";"0";"0";"0";"11920,00";"19550,00";;"5%";;
"031820N11CJ 122 44";"1378453819";"1851881563";"04660426041146";"Жилетка утепленная стеганая City Classic";"'95.5";"City Classic";"Готов к продаже";;"2";"'5.00";;"2025-01-30 12:48:36";"Одежда";"Жилет";"'17.48";"'3.5";"0";"0";"0";"0";"0";"11920,00";"19550,00";;"5%";;
"031820N11CJ 122 52";"1378453820";"1851881500";"04660426041184";"Жилетка утепленная стеганая City Classic";"'95.5";"City Classic";"Готов к продаже";;"7";"'5.00";;"2025-01-30 12:48:36";"Одежда";"Жилет";"'17.48";"'3.5";"0";"0";"0";"0";"0";"11920,00";"19550,00";;"5%";;
"031820N11CJ 122 56";"1378453821";"1851881414";"04660426041207";"Жилетка утепленная стеганая City Classic";"'95.5";"City Classic";"Готов к продаже";;"7";"'5.00";;"2025-01-30 12:48:36";"Одежда";"Жилет";"'17.48";"'3.5";"0";"0";"0";"0";"0";"11920,00";"19550,00";;"5%";;
"031820N11CJ 122 50";"1378453822";"1851881360";"04660426041177";"Жилетка утепленная стеганая City Classic";"'95.5";"City Classic";"Готов к продаже";;"6";"'5.00";;"2025-01-30 12:48:36";"Одежда";"Жилет";"'17.48";"'3.5";"0";"0";"0";"0";"0";"11920,00";"19550,00";;"5%";;
"031820N11CJ 122 48";"1378453823";"1851882165";"04660426041160";"Жилетка утепленная стеганая City Classic";"'95.5";"City Classic";"Готов к продаже";;"5";"'5.00";;"2025-01-30 12:48:36";"Одежда";"Жилет";"'17.48";"'3.5";"0";"0";"0";"0";"0";"11920,00";"19550,00";;"5%";;
"031820N11CJ 122 58";"1378453824";"1851881455";"04660426041214";"Жилетка утепленная стеганая City Classic";"'95.5";"City Classic";"Готов к продаже";;"6";"'5.00";;"2025-01-30 12:48:36";"Одежда";"Жилет";"'17.48";"'3.5";"0";"0";"0";"0";"0";"11920,00";"19550,00";;"5%";;
"382971N10N 103/73-1 54";"1378468334";"1851895571";"04660426078234";"Куртка";"'60";"NortFolk";"Продается";;"0";"'4.90";;"2025-01-30 12:51:36";"Одежда";"Куртка";"'14.00";"'2.8";"4";"0";"0";"0";"0";"17550,00";"26700,00";;"5%";;
"382971N10N 103/99 56";"1378468335";"1851895600";"04660426078388";"Куртка";"'60";"NortFolk";"Готов к продаже";;"0";"'4.90";;"2025-01-30 12:51:36";"Одежда";"Куртка";"'14.00";"'2.8";"0";"0";"0";"0";"0";"17550,00";"26700,00";;"5%";;
"382971N10N 25/77-1 52";"1378468336";"1851895561";"04660426078296";"Куртка";"'60";"NortFolk";"Продается";;"4";"'4.90";;"2025-01-30 12:51:36";"Одежда";"Куртка";"'14.00";"'2.8";"1";"0";"0";"0";"0";"17550,00";"26700,00";;"5%";;
"382971N10N 103/99 52";"1378468337";"1851895577";"04660426078364";"Куртка";"'60";"NortFolk";"Готов к продаже";;"2";"'4.90";;"2025-01-30 12:51:36";"Одежда";"Куртка";"'14.00";"'2.8";"0";"0";"0";"0";"0";"17550,00";"26700,00";;"5%";;
"382971N10NB 25/77-1 60";"1378468338";"1851895580";"04660426078463";"Куртка";"'60";"NortFolk";"Готов к продаже";;"1";"'4.90";;"2025-01-30 12:51:36";"Одежда";"Куртка";"'14.00";"'2.8";"0";"0";"0";"0";"0";"18550,00";"27900,00";;"5%";;
"382971N10N 25/77-1 46";"1378468339";"1851895613";"04660426078265";"Куртка";"'60";"NortFolk";"Продается";;"0";"'4.90";;"2025-01-30 12:51:36";"Одежда";"Куртка";"'14.00";"'2.8";"2";"0";"0";"0";"0";"17550,00";"26700,00";;"5%";;
"382971N10N 25/77-1 56";"1378468340";"1851895574";"04660426078319";"Куртка";"'60";"NortFolk";"Продается";;"2";"'4.90";;"2025-01-30 12:51:36";"Одежда";"Куртка";"'14.00";"'2.8";"1";"0";"0";"0";"0";"17550,00";"26700,00";;"5%";;
"382971N10NB 25/77-1 62";"1378468341";"1851895589";"04660426078470";"Куртка";"'60";"NortFolk";"Готов к продаже";;"1";"'4.90";;"2025-01-30 12:51:36";"Одежда";"Куртка";"'14.00";"'2.8";"0";"0";"0";"0";"0";"18550,00";"27900,00";;"5%";;
"382971N10N 103/73-1 58";"1378468342";"1851895565";"04660426078258";"Куртка";"'60";"NortFolk";"Продается";;"0";"'4.90";;"2025-01-30 12:51:36";"Одежда";"Куртка";"'14.00";"'2.8";"1";"0";"0";"0";"0";"17550,00";"26700,00";;"5%";;
"382971N10N 103/73-1 52";"1378468343";"1851895615";"04660426078227";"Куртка";"'60";"NortFolk";"Продается";;"0";"'4.90";;"2025-01-30 12:51:36";"Одежда";"Куртка";"'14.00";"'2.8";"3";"0";"0";"0";"0";"17550,00";"26700,00";;"5%";;
"382971N10NB 103/73-1 70";"1378468344";"1851895567";"04660426078456";"Куртка";"'60";"NortFolk";"Готов к продаже";;"1";"'4.90";;"2025-01-30 12:51:36";"Одежда";"Куртка";"'14.00";"'2.8";"0";"0";"0";"0";"0";"18550,00";"27900,00";;"5%";;
"382971N10N 103/73-1 56";"1378468345";"1851895587";"04660426078241";"Куртка";"'60";"NortFolk";"Готов к продаже";;"1";"'4.90";;"2025-01-30 12:51:36";"Одежда";"Куртка";"'14.00";"'2.8";"0";"0";"0";"0";"0";"17550,00";"26700,00";;"5%";;
"382971N10N 103/73-1 48";"1378468346";"1851895596";"04660426078203";"Куртка";"'60";"NortFolk";"Готов к продаже";;"3";"'4.90";;"2025-01-30 12:51:36";"Одежда";"Куртка";"'14.00";"'2.8";"0";"0";"0";"0";"0";"17550,00";"26700,00";;"5%";;
"382971N10NB 103/99 60";"1378468347";"1851895555";"04660426078494";"Куртка";"'60";"NortFolk";"Готов к продаже";;"0";"'4.90";;"2025-01-30 12:51:36";"Одежда";"Куртка";"'14.00";"'2.8";"0";"0";"0";"0";"0";"18550,00";"27900,00";;"5%";;
"382971N10N 25/77-1 58";"1378468348";"1851895583";"04660426078326";"Куртка";"'60";"NortFolk";"Продается";;"2";"'4.90";;"2025-01-30 12:51:36";"Одежда";"Куртка";"'14.00";"'2.8";"3";"0";"0";"0";"0";"17550,00";"26700,00";;"5%";;
"382971N10N 103/73-1 50";"1378468349";"1851895570";"04660426078210";"Куртка";"'60";"NortFolk";"Продается";;"0";"'4.90";;"2025-01-30 12:51:36";"Одежда";"Куртка";"'14.00";"'2.8";"6";"0";"0";"0";"0";"17550,00";"26700,00";;"5%";;
"382971N10N 103/73-1 46";"1378468350";"1851895551";"04660426078197";"Куртка";"'60";"NortFolk";"Продается";;"0";"'4.90";;"2025-01-30 12:51:36";"Одежда";"Куртка";"'14.00";"'2.8";"4";"0";"0";"0";"0";"17550,00";"26700,00";;"5%";;
"382971N10NB 103/73-1 66";"1378468351";"1851895616";"04660426078432";"Куртка";"'60";"NortFolk";"Готов к продаже";;"1";"'4.90";;"2025-01-30 12:51:36";"Одежда";"Куртка";"'14.00";"'2.8";"0";"0";"0";"0";"0";"18550,00";"27900,00";;"5%";;
"382971N10N 103/99 54";"1378468352";"1851895595";"04660426078371";"Куртка";"'60";"NortFolk";"Продается";;"0";"'4.90";;"2025-01-30 12:51:36";"Одежда";"Куртка";"'14.00";"'2.8";"1";"0";"0";"0";"0";"17550,00";"26700,00";;"5%";;
"382971N10N 103/99 50";"1378468353";"1851895591";"04660426078357";"Куртка";"'60";"NortFolk";"Готов к продаже";;"1";"'4.90";;"2025-01-30 12:51:36";"Одежда";"Куртка";"'14.00";"'2.8";"0";"0";"0";"0";"0";"17550,00";"26700,00";;"5%";;
"382971N10N 25/77-1 50";"1378468354";"1851895588";"04660426078289";"Куртка";"'60";"NortFolk";"Продается";;"0";"'4.90";;"2025-01-30 12:51:36";"Одежда";"Куртка";"'14.00";"'2.8";"7";"0";"0";"0";"0";"17550,00";"26700,00";;"5%";;
"382971N10N 103/99 46";"1378468355";"1851895564";"04660426078333";"Куртка";"'60";"NortFolk";"Продается";;"0";"'4.90";;"2025-01-30 12:51:36";"Одежда";"Куртка";"'14.00";"'2.8";"2";"0";"0";"0";"0";"17550,00";"26700,00";;"5%";;
"382971N10NB 103/99 62";"1378468356";"1851895556";"04660426078500";"Куртка";"'60";"NortFolk";"Продается";;"1";"'4.90";;"2025-01-30 12:51:36";"Одежда";"Куртка";"'14.00";"'2.8";"1";"0";"0";"0";"0";"18550,00";"27900,00";;"5%";;
"382971N10N 25/77-1 54";"1378468357";"1851895586";"04660426078302";"Куртка";"'60";"NortFolk";"Продается";;"6";"'4.90";;"2025-01-30 12:51:36";"Одежда";"Куртка";"'14.00";"'2.8";"1";"0";"0";"0";"0";"17550,00";"26700,00";;"5%";;
"382971N10N 25/77-1 48";"1378468358";"1851895584";"04660426078272";"Куртка";"'60";"NortFolk";"Продается";;"5";"'4.90";;"2025-01-30 12:51:36";"Одежда";"Куртка";"'14.00";"'2.8";"1";"0";"0";"0";"0";"17550,00";"26700,00";;"5%";;
"382971N10N 103/99 58";"1378468359";"1851895598";"04660426078395";"Куртка";"'60";"NortFolk";"Продается";;"0";"'4.90";;"2025-01-30 12:51:36";"Одежда";"Куртка";"'14.00";"'2.8";"2";"0";"0";"0";"0";"17550,00";"26700,00";;"5%";;
"382971N10NB 103/73-1 68";"1378468360";"1851895594";"04660426078449";"Куртка";"'60";"NortFolk";"Готов к продаже";;"2";"'4.90";;"2025-01-30 12:51:36";"Одежда";"Куртка";"'14.00";"'2.8";"0";"0";"0";"0";"0";"18550,00";"27900,00";;"5%";;
"382971N10N 103/99 48";"1378468361";"1851895582";"04660426078340";"Куртка";"'60";"NortFolk";"Готов к продаже";;"0";"'4.90";;"2025-01-30 12:51:36";"Одежда";"Куртка";"'14.00";"'2.8";"0";"0";"0";"0";"0";"17550,00";"26700,00";;"5%";;
"382971N10NB 103/73-1 62";"1378468362";"1851895602";"04660426078418";"Куртка";"'60";"NortFolk";"Продается";;"1";"'4.90";;"2025-01-30 12:51:36";"Одежда";"Куртка";"'14.00";"'2.8";"2";"1";"0";"0";"0";"18550,00";"27900,00";;"5%";;
"382971N10NB 103/73-1 60";"1378468363";"1851895554";"04660426078401";"Куртка";"'60";"NortFolk";"Продается";;"1";"'4.90";;"2025-01-30 12:51:36";"Одежда";"Куртка";"'14.00";"'2.8";"4";"0";"0";"0";"0";"18550,00";"27900,00";;"5%";;
"382971N10NB 103/73-1 64";"1378468364";"1851895560";"04660426078425";"Куртка";"'60";"NortFolk";"Готов к продаже";;"1";"'4.90";;"2025-01-30 12:51:36";"Одежда";"Куртка";"'14.00";"'2.8";"0";"0";"0";"0";"0";"18550,00";"27900,00";;"5%";;
"330591N14N 90 52";"1393822799";"1864158704";"04660426041986";"Куртка NORTFOLK_Весна 2026";"'87.5";"NortFolk";"Продается";;"7";"'4.90";;"2025-02-09 11:26:33";"Одежда";"Куртка";"'13.97";"'2.8";"4";"0";"0";"0";"0";"17450,00";"28900,00";;"5%";;
"330591N14N 90 48";"1393822800";"1864158672";"04660426041962";"Куртка NORTFOLK_Весна 2026";"'87.5";"NortFolk";"Продается";;"5";"'4.90";;"2025-02-09 11:26:33";"Одежда";"Куртка";"'13.97";"'2.8";"2";"0";"0";"0";"0";"17450,00";"28900,00";;"5%";;
"330591N14NB 99 68";"1393822801";"1864158866";"04660426042419";"Куртка NORTFOLK_Весна 2026";"'87.5";"NortFolk";"Продается";;"0";"'4.90";;"2025-02-09 11:26:33";"Одежда";"Куртка";"'13.97";"'2.8";"1";"0";"0";"0";"0";"18450,00";"29950,00";;"5%";;
"433430N11N 22 46";"1393822802";"1864158878";"04660426041573";"Куртка женская легкая стеганая на весну и осень NortFolk";"'82";"NortFolk";"Готов к продаже";;"2";"'4.90";;"2025-02-09 11:26:33";"Одежда";"Куртка";"'13.97";"'2.8";"0";"0";"0";"0";"0";"15600,00";"22100,00";;"5%";;
"330591N14N 97 48";"1393822803";"1864159258";"04660426042174";"Куртка NORTFOLK_Весна 2026";"'87.5";"NortFolk";"Продается";;"7";"'4.90";;"2025-02-09 11:26:33";"Одежда";"Куртка";"'13.97";"'2.8";"1";"0";"0";"0";"0";"17450,00";"28900,00";;"5%";;
"330591N14N 97 52";"1393822804";"1864158608";"04660426042198";"Куртка NORTFOLK_Весна 2026";"'87.5";"NortFolk";"Готов к продаже";;"21";"'4.90";;"2025-02-09 11:26:33";"Одежда";"Куртка";"'13.97";"'2.8";"0";"0";"0";"0";"0";"17450,00";"28900,00";;"5%";;
"330591N14N 99 58";"1393822805";"1864158630";"04660426041948";"Куртка NORTFOLK_Весна 2026";"'87.5";"NortFolk";"Продается";;"10";"'4.90";;"2025-02-09 11:26:33";"Одежда";"Куртка";"'13.97";"'2.8";"3";"0";"0";"0";"0";"17450,00";"28900,00";;"5%";;
"330591N14N 90 56";"1393822806";"1864159222";"04660426042006";"Куртка NORTFOLK_Весна 2026";"'87.5";"NortFolk";"Продается";;"8";"'4.90";;"2025-02-09 11:26:33";"Одежда";"Куртка";"'13.97";"'2.8";"3";"0";"0";"0";"0";"17450,00";"28900,00";;"5%";;
"330591N14NB 97 66";"1393822807";"1864158535";"04660426042525";"Куртка NORTFOLK_Весна 2026";"'87.5";"NortFolk";"Готов к продаже";;"2";"'4.90";;"2025-02-09 11:26:33";"Одежда";"Куртка";"'13.97";"'2.8";"0";"0";"0";"0";"0";"18450,00";"29950,00";;"5%";;
"330591N14N 90 46";"1393822808";"1864158528";"04660426041955";"Куртка NORTFOLK_Весна 2026";"'87.5";"NortFolk";"Продается";;"0";"'4.90";;"2025-02-09 11:26:33";"Одежда";"Куртка";"'13.97";"'2.8";"2";"0";"0";"0";"0";"17450,00";"28900,00";;"5%";;
"330591N14N 99 56";"1393822809";"1864158754";"04660426041931";"Куртка NORTFOLK_Весна 2026";"'87.5";"NortFolk";"Продается";;"8";"'4.90";;"2025-02-09 11:26:33";"Одежда";"Куртка";"'13.97";"'2.8";"2";"0";"0";"0";"0";"17450,00";"28900,00";;"5%";;
"330591N14NB 99 66";"1393822810";"1864158546";"04660426042402";"Куртка NORTFOLK_Весна 2026";"'87.5";"NortFolk";"Готов к продаже";;"2";"'4.90";;"2025-02-09 11:26:33";"Одежда";"Куртка";"'13.97";"'2.8";"0";"0";"0";"0";"0";"18450,00";"29950,00";;"5%";;
"433430N11N 22 52";"1393822811";"1864158728";"04660426041603";"Куртка женская легкая стеганая на весну и осень NortFolk";"'82";"NortFolk";"Готов к продаже";;"5";"'4.90";;"2025-02-09 11:26:33";"Одежда";"Куртка";"'13.97";"'2.8";"0";"0";"0";"0";"0";"15600,00";"22100,00";;"5%";;
"433430N11N 3-2 44";"1393822812";"1864159158";"04660426041481";"Куртка женская легкая стеганая на весну и осень NortFolk";"'82";"NortFolk";"Продается";;"1";"'4.90";;"2025-02-09 11:26:33";"Одежда";"Куртка";"'13.97";"'2.8";"1";"0";"0";"0";"0";"15600,00";"22100,00";;"5%";;
"409430N10N 17 58";"1393822813";"1864159021";"04660426038931";"Куртка женская стеганная короткая NortFolk";"'69.5";"NortFolk";"Готов к продаже";;"1";"'4.90";;"2025-02-09 11:26:33";"Одежда";"Куртка";"'13.97";"'2.8";"0";"0";"0";"0";"0";"15000,00";"29999,00";;"5%";;
"433430N11N 3-2 48";"1393822814";"1864158666";"04660426041504";"Куртка женская легкая стеганая на весну и осень NortFolk";"'82";"NortFolk";"Продается";;"10";"'4.90";;"2025-02-09 11:26:33";"Одежда";"Куртка";"'13.97";"'2.8";"3";"0";"0";"0";"0";"15600,00";"22100,00";;"5%";;
"205820N12C 262 52";"1393822815";"1864159163";"2085302891059";"Куртка";"'50";"City Classic";"Готов к продаже";;"2";"'5.00";;"2025-02-09 11:26:33";"Одежда";"Куртка";"'13.97";"'2.8";"0";"0";"0";"0";"0";"8880,00";"29999,00";;"5%";;
"330591N14NB 97 70";"1393822816";"1864159164";"04660426042549";"Куртка NORTFOLK_Весна 2026";"'87.5";"NortFolk";"Готов к продаже";;"3";"'4.90";;"2025-02-09 11:26:33";"Одежда";"Куртка";"'13.97";"'2.8";"0";"0";"0";"0";"0";"18450,00";"29950,00";;"5%";;
"330591N14N 97 50";"1393822817";"1864158763";"04660426042181";"Куртка NORTFOLK_Весна 2026";"'87.5";"NortFolk";"Продается";;"15";"'4.90";;"2025-02-09 11:26:33";"Одежда";"Куртка";"'13.97";"'2.8";"6";"0";"0";"0";"0";"17450,00";"28900,00";;"5%";;
"433430N11N 22 48";"1393822818";"1864158670";"04660426041580";"Куртка женская легкая стеганая на весну и осень NortFolk";"'82";"NortFolk";"Готов к продаже";;"3";"'4.90";;"2025-02-09 11:26:33";"Одежда";"Куртка";"'13.97";"'2.8";"0";"0";"0";"0";"0";"15600,00";"22100,00";;"5%";;
"330591N14NB 97 62";"1393822819";"1864158927";"04660426042501";"Куртка NORTFOLK_Весна 2026";"'87.5";"NortFolk";"Готов к продаже";;"3";"'4.90";;"2025-02-09 11:26:33";"Одежда";"Куртка";"'13.97";"'2.8";"0";"0";"0";"0";"0";"18450,00";"29950,00";;"5%";;
"330591N14N 99 54";"1393822820";"1864158637";"04660426041924";"Куртка NORTFOLK_Весна 2026";"'87.5";"NortFolk";"Продается";;"13";"'4.90";;"2025-02-09 11:26:33";"Одежда";"Куртка";"'13.97";"'2.8";"3";"0";"0";"0";"0";"17450,00";"28900,00";;"5%";;
"433430N11N 22 58";"1393822821";"1864158604";"04660426041634";"Куртка женская легкая стеганая на весну и осень NortFolk";"'82";"NortFolk";"Готов к продаже";;"3";"'4.90";;"2025-02-09 11:26:33";"Одежда";"Куртка";"'13.97";"'2.8";"0";"0";"0";"0";"0";"15600,00";"22100,00";;"5%";;
"330591N14N 90 54";"1393822822";"1864158833";"04660426041993";"Куртка NORTFOLK_Весна 2026";"'87.5";"NortFolk";"Продается";;"3";"'4.90";;"2025-02-09 11:26:33";"Одежда";"Куртка";"'13.97";"'2.8";"6";"0";"0";"0";"0";"17450,00";"28900,00";;"5%";;
"330591N14NB 97 64";"1393822823";"1864159162";"04660426042518";"Куртка NORTFOLK_Весна 2026";"'87.5";"NortFolk";"Готов к продаже";;"6";"'4.90";;"2025-02-09 11:26:33";"Одежда";"Куртка";"'13.97";"'2.8";"0";"0";"0";"0";"0";"18450,00";"29950,00";;"5%";;
"330591N14N 90 50";"1393822824";"1864158757";"04660426041979";"Куртка NORTFOLK_Весна 2026";"'87.5";"NortFolk";"Продается";;"10";"'4.90";;"2025-02-09 11:26:33";"Одежда";"Куртка";"'13.97";"'2.8";"3";"0";"0";"0";"0";"17450,00";"28900,00";;"5%";;
"330591N14N 99 50";"1393822825";"1864159225";"04660426041900";"Куртка NORTFOLK_Весна 2026";"'87.5";"NortFolk";"Продается";;"10";"'4.90";;"2025-02-09 11:26:33";"Одежда";"Куртка";"'13.97";"'2.8";"1";"0";"0";"0";"0";"17450,00";"28900,00";;"5%";;
"330591N14NB 99 70";"1393822826";"1864158832";"04660426042426";"Куртка NORTFOLK_Весна 2026";"'87.5";"NortFolk";"Готов к продаже";;"2";"'4.90";;"2025-02-09 11:26:33";"Одежда";"Куртка";"'13.97";"'2.8";"0";"0";"0";"0";"0";"18450,00";"29950,00";;"5%";;
"330591N14NB 99 64";"1393822827";"1864158868";"04660426042396";"Куртка NORTFOLK_Весна 2026";"'87.5";"NortFolk";"Продается";;"4";"'4.90";;"2025-02-09 11:26:33";"Одежда";"Куртка";"'13.97";"'2.8";"1";"0";"0";"0";"0";"18450,00";"29950,00";;"5%";;
"580971N01N 758 46";"1393822828";"1864158843";"04660426051343";"Куртка";"'52.5";"NortFolk";"Готов к продаже";;"3";"'4.90";;"2025-02-09 11:26:33";"Одежда";"Куртка";"'13.97";"'2.8";"0";"0";"0";"0";"0";"11700,00";"29999,00";;"5%";;
"433430N11N 3-2 46";"1393822829";"1864158662";"04660426041498";"Куртка женская легкая стеганая на весну и осень NortFolk";"'82";"NortFolk";"Продается";;"6";"'4.90";;"2025-02-09 11:26:33";"Одежда";"Куртка";"'13.97";"'2.8";"1";"0";"0";"0";"0";"15600,00";"22100,00";;"5%";;
"330591N14N 97 56";"1393822830";"1864158742";"04660426042211";"Куртка NORTFOLK_Весна 2026";"'87.5";"NortFolk";"Готов к продаже";;"14";"'4.90";;"2025-02-09 11:26:33";"Одежда";"Куртка";"'13.97";"'2.8";"0";"0";"0";"0";"0";"17450,00";"28900,00";;"5%";;
"330591N14NB 97 60";"1393822831";"1864158643";"04660426042495";"Куртка NORTFOLK_Весна 2026";"'87.5";"NortFolk";"Готов к продаже";;"9";"'4.90";;"2025-02-09 11:26:33";"Одежда";"Куртка";"'13.97";"'2.8";"0";"0";"0";"0";"0";"18450,00";"29950,00";;"5%";;
"433430N11N 22 50";"1393822832";"1864158840";"04660426041597";"Куртка женская легкая стеганая на весну и осень NortFolk";"'82";"NortFolk";"Готов к продаже";;"4";"'4.90";;"2025-02-09 11:26:33";"Одежда";"Куртка";"'13.97";"'2.8";"0";"0";"0";"0";"0";"15600,00";"22100,00";;"5%";;
"330591N14N 97 58";"1393822833";"1864158819";"04660426042228";"Куртка NORTFOLK_Весна 2026";"'54.5";"NortFolk";"Продается";;"6";"'4.90";;"2025-02-09 11:26:33";"Одежда";"Куртка";"'13.97";"'2.8";"5";"0";"0";"0";"0";"17450,00";"28900,00";;"5%";;
"330591N14NB 99 62";"1393822834";"1864158825";"04660426042389";"Куртка NORTFOLK_Весна 2026";"'87.5";"NortFolk";"Продается";;"3";"'4.90";;"2025-02-09 11:26:33";"Одежда";"Куртка";"'13.97";"'2.8";"1";"0";"0";"0";"0";"18450,00";"29950,00";;"5%";;
"330591N14NB 97 68";"1393822835";"1864159155";"04660426042532";"Куртка NORTFOLK_Весна 2026";"'87.5";"NortFolk";"Готов к продаже";;"3";"'4.90";;"2025-02-09 11:26:33";"Одежда";"Куртка";"'13.97";"'2.8";"0";"0";"0";"0";"0";"18450,00";"29950,00";;"5%";;
"433430N11N 22 56";"1393822836";"1864159166";"04660426041627";"Куртка женская легкая стеганая на весну и осень NortFolk";"'82";"NortFolk";"Готов к продаже";;"4";"'4.90";;"2025-02-09 11:26:33";"Одежда";"Куртка";"'13.97";"'2.8";"0";"0";"0";"0";"0";"15600,00";"22100,00";;"5%";;
"205820N12C 262 48";"1393822837";"1864158448";"2085302891035";"Куртка";"'50";"City Classic";"Готов к продаже";;"1";"'5.00";;"2025-02-09 11:26:33";"Одежда";"Куртка";"'13.97";"'2.8";"0";"0";"0";"0";"0";"8880,00";"29999,00";;"5%";;
"409430N10N 255 58";"1393822838";"1864158716";"04660426038856";"Куртка женская стеганная короткая NortFolk";"'69.5";"NortFolk";"Готов к продаже";;"2";"'4.90";;"2025-02-09 11:26:33";"Одежда";"Куртка";"'13.97";"'2.8";"0";"0";"0";"0";"0";"15000,00";"29999,00";;"5%";;
"205820N12C 262 50";"1393822839";"1864158622";"2085302891042";"Куртка";"'50";"City Classic";"Готов к продаже";;"1";"'5.00";;"2025-02-09 11:26:33";"Одежда";"Куртка";"'13.97";"'2.8";"0";"0";"0";"0";"0";"8880,00";"29999,00";;"5%";;
"330591N14N 99 48";"1393822840";"1864158846";"04660426041894";"Куртка NORTFOLK_Весна 2026";"'87.5";"NortFolk";"Готов к продаже";;"7";"'4.90";;"2025-02-09 11:26:33";"Одежда";"Куртка";"'13.97";"'2.8";"0";"0";"0";"0";"0";"17450,00";"28900,00";;"5%";;
"433430N11N 22 44";"1393822841";"1864158730";"04660426041566";"Куртка женская легкая стеганая на весну и осень NortFolk";"'82";"NortFolk";"Готов к продаже";;"6";"'4.90";;"2025-02-09 11:26:33";"Одежда";"Куртка";"'13.97";"'2.8";"0";"0";"0";"0";"0";"15600,00";"22100,00";;"5%";;
"330591N14N 97 46";"1393822842";"1864159043";"04660426042167";"Куртка NORTFOLK_Весна 2026";"'87.5";"NortFolk";"Продается";;"2";"'4.90";;"2025-02-09 11:26:33";"Одежда";"Куртка";"'13.97";"'2.8";"4";"0";"0";"0";"0";"17450,00";"28900,00";;"5%";;
"330591N14N 99 46";"1393822843";"1864158724";"04660426041887";"Куртка NORTFOLK_Весна 2026";"'87.5";"NortFolk";"Продается";;"0";"'4.90";;"2025-02-09 11:26:33";"Одежда";"Куртка";"'13.97";"'2.8";"3";"0";"0";"0";"0";"17450,00";"28900,00";;"5%";;
"617280Y15N FS 44";"1393822844";"1864159015";"2085302848107";"Куртка зимняя NortFolk";"'47";"NortFolk";"Готов к продаже";;"0";"'4.70";;"2025-02-09 11:26:33";"Одежда";"Куртка";"'13.97";"'2.8";"0";"0";"0";"0";"0";"18500,00";"23700,00";;"5%";;
"409430N10N 17 44";"1393822846";"1864159272";"04660426038863";"Куртка женская стеганная короткая NortFolk";"'69.5";"NortFolk";"Продается";;"4";"'4.90";;"2025-02-09 11:26:33";"Одежда";"Куртка";"'13.97";"'2.8";"1";"0";"0";"0";"0";"15000,00";"29999,00";;"5%";;
"330591N14N 90 58";"1393822847";"1864159049";"04660426042013";"Куртка NORTFOLK_Весна 2026";"'87.5";"NortFolk";"Продается";;"6";"'4.90";;"2025-02-09 11:26:33";"Одежда";"Куртка";"'13.97";"'2.8";"5";"0";"0";"0";"0";"17450,00";"28900,00";;"5%";;
"330591N14N 97 54";"1393822848";"1864159088";"04660426042204";"Куртка NORTFOLK_Весна 2026";"'87.5";"NortFolk";"Продается";;"11";"'4.90";;"2025-02-09 11:26:33";"Одежда";"Куртка";"'13.97";"'2.8";"1";"0";"0";"0";"0";"17450,00";"28900,00";;"5%";;
"580971N01N 758 48";"1393822849";"1864158834";"04660426051350";"Куртка";"'52.5";"NortFolk";"Готов к продаже";;"4";"'4.90";;"2025-02-09 11:26:33";"Одежда";"Куртка";"'13.97";"'2.8";"0";"0";"0";"0";"0";"11700,00";"29999,00";;"5%";;
"433430N11N 22 54";"1393822850";"1864158647";"04660426041610";"Куртка женская легкая стеганая на весну и осень NortFolk";"'82";"NortFolk";"Готов к продаже";;"3";"'4.90";;"2025-02-09 11:26:33";"Одежда";"Куртка";"'13.97";"'2.8";"0";"0";"0";"0";"0";"15600,00";"22100,00";;"5%";;
"330591N14NB 99 60";"1393822851";"1864158734";"04660426042372";"Куртка NORTFOLK_Весна 2026";"'69.5";"NortFolk";"Готов к продаже";;"4";"'4.90";;"2025-02-09 11:26:33";"Одежда";"Куртка";"'13.97";"'2.8";"0";"0";"0";"0";"0";"18450,00";"29950,00";;"5%";;
"580971N01N 758 50";"1393822852";"1864158613";"04660426051367";"Куртка";"'52.5";"NortFolk";"Готов к продаже";;"4";"'4.90";;"2025-02-09 11:26:33";"Одежда";"Куртка";"'15.94";"'3.2";"0";"0";"0";"0";"0";"11700,00";"29999,00";;"5%";;
"330591N14N 99 52";"1393822853";"1864158673";"04660426041917";"Куртка NORTFOLK_Весна 2026";"'87.5";"NortFolk";"Готов к продаже";;"18";"'4.90";;"2025-02-09 11:26:33";"Одежда";"Куртка";"'13.97";"'2.8";"0";"0";"0";"0";"0";"17450,00";"28900,00";;"5%";;
"433430N11N 3-2 56";"1393822854";"1864158729";"04660426041542";"Куртка женская легкая стеганая на весну и осень NortFolk";"'82";"NortFolk";"Продается";;"2";"'4.90";;"2025-02-09 11:26:33";"Одежда";"Куртка";"'13.97";"'2.8";"4";"0";"0";"0";"0";"15600,00";"22100,00";;"5%";;
"580971N01N 73 50";"1393822855";"1864158747";"04660426051411";"Куртка";"'52.5";"NortFolk";"Готов к продаже";;"2";"'4.90";;"2025-02-09 11:26:33";"Одежда";"Куртка";"'12.85";"'2.6";"0";"0";"0";"0";"0";"11700,00";"29999,00";;"5%";;
"617280Y15N 225 44";"1393822856";"1864158925";"2085302848428";"Куртка зимняя NortFolk";"'47";"NortFolk";"Готов к продаже";;"0";"'4.70";;"2025-02-09 11:26:33";"Одежда";"Куртка";"'13.97";"'2.8";"0";"0";"0";"0";"0";"18500,00";"23700,00";;"5%";;
"433430N11N 3-2 54";"1393822857";"1864158732";"04660426041535";"Куртка женская легкая стеганая на весну и осень NortFolk";"'82";"NortFolk";"Готов к продаже";;"4";"'4.90";;"2025-02-09 11:26:33";"Одежда";"Куртка";"'13.97";"'2.8";"0";"0";"0";"0";"0";"15600,00";"22100,00";;"5%";;
"580971N01N 758 54";"1393822858";"1864159027";"04660426051381";"Куртка";"'52.5";"NortFolk";"Готов к продаже";;"6";"'4.90";;"2025-02-09 11:26:33";"Одежда";"Куртка";"'13.97";"'2.8";"0";"0";"0";"0";"0";"11700,00";"29999,00";;"5%";;
"580971N01N 73 48";"1393822859";"1864159226";"04660426051527";"Куртка";"'52.5";"NortFolk";"Готов к продаже";;"1";"'4.90";;"2025-02-09 11:26:33";"Одежда";"Куртка";"'13.97";"'2.8";"0";"0";"0";"0";"0";"11700,00";"29999,00";;"5%";;
"580971N01N 73 56";"1393822860";"1864158873";"04660426051442";"Куртка";"'52.5";"NortFolk";"Готов к продаже";;"2";"'4.90";;"2025-02-09 11:26:33";"Одежда";"Куртка";"'13.97";"'2.8";"0";"0";"0";"0";"0";"11700,00";"29999,00";;"5%";;
"433430N11N 3-2 52";"1393822861";"1864158552";"04660426041528";"Куртка женская легкая стеганая на весну и осень NortFolk";"'82";"NortFolk";"Продается";;"6";"'4.90";;"2025-02-09 11:26:33";"Одежда";"Куртка";"'13.97";"'2.8";"2";"0";"0";"0";"0";"15600,00";"22100,00";;"5%";;
"580971N01N 73 52";"1393822862";"1864158710";"04660426051428";"Куртка";"'52.5";"NortFolk";"Готов к продаже";;"2";"'4.90";;"2025-02-09 11:26:33";"Одежда";"Куртка";"'13.97";"'2.8";"0";"0";"0";"0";"0";"11700,00";"29999,00";;"5%";;
"580971N01N 758 52";"1393822863";"1864158837";"04660426051374";"Куртка";"'52.5";"NortFolk";"Готов к продаже";;"2";"'4.90";;"2025-02-09 11:26:33";"Одежда";"Куртка";"'13.97";"'2.8";"0";"0";"0";"0";"0";"11700,00";"29999,00";;"5%";;
"580971N01N 73 54";"1393822864";"1864158760";"04660426051435";"Куртка";"'52.5";"NortFolk";"Готов к продаже";;"2";"'4.90";;"2025-02-09 11:26:33";"Одежда";"Куртка";"'13.97";"'2.8";"0";"0";"0";"0";"0";"11700,00";"29999,00";;"5%";;
"433430N11N 3-2 50";"1393822865";"1864158557";"04660426041511";"Куртка женская легкая стеганая на весну и осень NortFolk";"'82";"NortFolk";"Продается";;"4";"'4.90";;"2025-02-09 11:26:33";"Одежда";"Куртка";"'13.97";"'2.8";"6";"0";"0";"0";"0";"15600,00";"22100,00";;"5%";;
"580971N01N 758 58";"1393822866";"1864159054";"04660426051404";"Куртка";"'52.5";"NortFolk";"Готов к продаже";;"1";"'4.90";;"2025-02-09 11:26:33";"Одежда";"Куртка";"'24.44";"'4.9";"0";"0";"0";"0";"0";"11700,00";"29999,00";;"5%";;
"580971N01N 73 58";"1393822867";"1864159160";"04660426051534";"Куртка";"'52.5";"NortFolk";"Готов к продаже";;"0";"'4.90";;"2025-02-09 11:26:34";"Одежда";"Куртка";"'13.97";"'2.8";"0";"0";"0";"0";"0";"11700,00";"29999,00";;"5%";;
"580971N01N 758 56";"1393822868";"1864158823";"04660426051398";"Куртка";"'52.5";"NortFolk";"Готов к продаже";;"4";"'4.90";;"2025-02-09 11:26:34";"Одежда";"Куртка";"'13.97";"'2.8";"0";"0";"0";"0";"0";"11700,00";"29999,00";;"5%";;
"375971N10N 100 56";"1411782651";"1877885244";"04660426074366";"Куртка демисезонная Nortfolk";"'54.5";"NortFolk";"Продается";;"0";"'4.90";;"2025-02-17 09:17:10";"Одежда";"Куртка";"'13.00";"'2.6";"3";"0";"0";"0";"0";"16950,00";"29999,00";;"5%";;
"375971N10N 99 48";"1411782652";"1877885054";"04660426074397";"Куртка демисезонная стеганая Nortfolk";"'57";"NortFolk";"Продается";;"1";"'4.90";;"2025-02-17 09:17:10";"Одежда";"Куртка";"'13.00";"'2.6";"3";"0";"0";"0";"0";"16950,00";"29999,00";;"5%";;
"375971N10N 99 50";"1411782653";"1877884668";"04660426074403";"Куртка демисезонная стеганая Nortfolk";"'57";"NortFolk";"Готов к продаже";;"4";"'4.90";;"2025-02-17 09:17:10";"Одежда";"Куртка";"'13.00";"'2.6";"0";"0";"0";"0";"0";"16950,00";"29999,00";;"5%";;
"375971N10N 99 52";"1411782654";"1877885139";"04660426074410";"Куртка демисезонная стеганая Nortfolk";"'57";"NortFolk";"Готов к продаже";;"5";"'4.90";;"2025-02-17 09:17:10";"Одежда";"Куртка";"'13.00";"'2.6";"0";"0";"0";"0";"0";"16950,00";"29999,00";;"5%";;
"375971N10N 97 50";"1411782655";"1877885013";"04660426074472";"Куртка демисезонная Nortfolk";"'34.5";"NortFolk";"Продается";;"2";"'4.90";;"2025-02-17 09:17:10";"Одежда";"Куртка";"'13.00";"'2.6";"1";"0";"0";"0";"0";"16950,00";"29999,00";;"5%";;
"375971N10N 97 54";"1411782656";"1877885814";"04660426074496";"Куртка демисезонная Nortfolk";"'34.5";"NortFolk";"Готов к продаже";;"2";"'4.90";;"2025-02-17 09:17:10";"Одежда";"Куртка";"'13.00";"'2.6";"0";"0";"0";"0";"0";"16950,00";"29999,00";;"5%";;
"375971N10N 97 52";"1411782657";"1877884920";"04660426074489";"Куртка демисезонная Nortfolk";"'34.5";"NortFolk";"Готов к продаже";;"4";"'4.90";;"2025-02-17 09:17:10";"Одежда";"Куртка";"'13.00";"'2.6";"0";"0";"0";"0";"0";"16950,00";"29999,00";;"5%";;
"330591N14N 100 46";"1411782658";"1877885376";"04660426042235";"Куртка NORTFOLK_Весна 2026";"'87.5";"NortFolk";"Продается";;"1";"'4.90";;"2025-02-17 09:17:10";"Одежда";"Куртка";"'13.00";"'2.6";"2";"0";"0";"0";"0";"17450,00";"28900,00";;"5%";;
"330591N14N 100 58";"1411782659";"1877885609";"04660426042297";"Куртка NORTFOLK_Весна 2026";"'87.5";"NortFolk";"Продается";;"7";"'4.90";;"2025-02-17 09:17:10";"Одежда";"Куртка";"'13.00";"'2.6";"3";"0";"0";"0";"0";"17450,00";"28900,00";;"5%";;
"375971N10N 100 58";"1411782660";"1877885251";"04660426074373";"Куртка демисезонная Nortfolk";"'54.5";"NortFolk";"Продается";;"0";"'4.90";;"2025-02-17 09:17:10";"Одежда";"Куртка";"'13.00";"'2.6";"3";"0";"0";"0";"0";"16950,00";"29999,00";;"5%";;
"375971N10N 97 58";"1411782661";"1877885664";"04660426074519";"Куртка демисезонная Nortfolk";"'34.5";"NortFolk";"Продается";;"1";"'4.90";;"2025-02-17 09:17:10";"Одежда";"Куртка";"'13.00";"'2.6";"1";"0";"0";"0";"0";"16950,00";"29999,00";;"5%";;
"330591N14N 100 52";"1411782662";"1877885126";"04660426042266";"Куртка NORTFOLK_Весна 2026";"'87.5";"NortFolk";"Продается";;"12";"'4.90";;"2025-02-17 09:17:10";"Одежда";"Куртка";"'31.57";"'6.3";"3";"0";"0";"0";"0";"17450,00";"28900,00";;"5%";;
"375971N10N 100 52";"1411782664";"1877885206";"04660426074342";"Куртка демисезонная Nortfolk";"'54.5";"NortFolk";"Продается";;"1";"'4.90";;"2025-02-17 09:17:10";"Одежда";"Куртка";"'13.00";"'2.6";"2";"0";"0";"0";"0";"16950,00";"29999,00";;"5%";;
"330591N14N 100 48";"1411782665";"1877884892";"04660426042242";"Куртка NORTFOLK_Весна 2026";"'87.5";"NortFolk";"Продается";;"2";"'4.90";;"2025-02-17 09:17:10";"Одежда";"Куртка";"'13.00";"'2.6";"3";"0";"0";"0";"0";"17450,00";"28900,00";;"5%";;
"375971N10N 97 46";"1411782666";"1877884930";"04660426074458";"Куртка демисезонная Nortfolk";"'34.5";"NortFolk";"Продается";;"0";"'4.90";;"2025-02-17 09:17:10";"Одежда";"Куртка";"'13.00";"'2.6";"3";"0";"0";"0";"0";"16950,00";"29999,00";;"5%";;
"375971N10N 99 54";"1411782667";"1877885140";"04660426074427";"Куртка демисезонная стеганая Nortfolk";"'57";"NortFolk";"Продается";;"0";"'4.90";;"2025-02-17 09:17:10";"Одежда";"Куртка";"'13.00";"'2.6";"3";"0";"0";"0";"0";"16950,00";"29999,00";;"5%";;
"375971N10N 100 46";"1411782668";"1877884728";"04660426074311";"Куртка демисезонная Nortfolk";"'54.5";"NortFolk";"Продается";;"0";"'4.90";;"2025-02-17 09:17:10";"Одежда";"Куртка";"'13.00";"'2.6";"1";"0";"0";"0";"0";"16950,00";"29999,00";;"5%";;
"375971N10N 97 56";"1411782669";"1877885406";"04660426074502";"Куртка демисезонная Nortfolk";"'34.5";"NortFolk";"Готов к продаже";;"1";"'4.90";;"2025-02-17 09:17:10";"Одежда";"Куртка";"'13.00";"'2.6";"0";"0";"0";"0";"0";"16950,00";"29999,00";;"5%";;
"330591N14N 100 54";"1411782670";"1877885373";"04660426042273";"Куртка NORTFOLK_Весна 2026";"'87.5";"NortFolk";"Продается";;"5";"'4.90";;"2025-02-17 09:17:10";"Одежда";"Куртка";"'13.00";"'2.6";"6";"0";"0";"0";"0";"17450,00";"28900,00";;"5%";;
"375971N10N 100 50";"1411782671";"1877885247";"04660426074335";"Куртка демисезонная Nortfolk";"'54.5";"NortFolk";"Продается";;"1";"'4.90";;"2025-02-17 09:17:10";"Одежда";"Куртка";"'13.00";"'2.6";"4";"0";"0";"0";"0";"16950,00";"29999,00";;"5%";;
"330591N14N 100 56";"1411782672";"1877884909";"04660426042280";"Куртка NORTFOLK_Весна 2026";"'87.5";"NortFolk";"Продается";;"2";"'4.90";;"2025-02-17 09:17:10";"Одежда";"Куртка";"'13.00";"'2.6";"4";"0";"0";"0";"0";"17450,00";"28900,00";;"5%";;
"375971N10N 99 46";"1411782673";"1877884938";"04660426074380";"Куртка демисезонная стеганая Nortfolk";"'57";"NortFolk";"Готов к продаже";;"0";"'4.90";;"2025-02-17 09:17:10";"Одежда";"Куртка";"'13.00";"'2.6";"0";"0";"0";"0";"0";"16950,00";"29999,00";;"5%";;
"375971N10N 97 48";"1411782674";"1877885145";"04660426074465";"Куртка демисезонная Nortfolk";"'34.5";"NortFolk";"Продается";;"0";"'4.90";;"2025-02-17 09:17:10";"Одежда";"Куртка";"'13.00";"'2.6";"2";"0";"0";"0";"0";"16950,00";"29999,00";;"5%";;
"330591N14N 100 50";"1411782675";"1877885024";"04660426042259";"Куртка NORTFOLK_Весна 2026";"'87.5";"NortFolk";"Продается";;"6";"'4.90";;"2025-02-17 09:17:10";"Одежда";"Куртка";"'13.00";"'2.6";"5";"0";"0";"0";"0";"17450,00";"28900,00";;"5%";;
"375971N10N 100 48";"1411782676";"1877885388";"04660426074328";"Куртка демисезонная Nortfolk";"'54.5";"NortFolk";"Продается";;"0";"'4.90";;"2025-02-17 09:17:10";"Одежда";"Куртка";"'13.00";"'2.6";"4";"0";"0";"0";"0";"16950,00";"29999,00";;"5%";;
"375971N10N 99 56";"1411782678";"1877885370";"04660426074434";"Куртка демисезонная Nortfolk";"'34.5";"NortFolk";"Продается";;"0";"'4.90";;"2025-02-17 09:17:10";"Одежда";"Куртка";"'13.00";"'2.6";"3";"0";"0";"0";"0";"16950,00";"29999,00";;"5%";;
"375971N10N 99 58";"1411782689";"1877885064";"04660426074441";"Куртка демисезонная стеганая Nortfolk";"'57";"NortFolk";"Продается";;"0";"'4.90";;"2025-02-17 09:17:10";"Одежда";"Куртка";"'13.00";"'2.6";"3";"0";"0";"0";"0";"16950,00";"29999,00";;"5%";;
"375971N10N 100 54";"1411782690";"1877885407";"04660426074359";"Куртка демисезонная Nortfolk";"'54.5";"NortFolk";"Продается";;"0";"'4.90";;"2025-02-17 09:17:10";"Одежда";"Куртка";"'13.00";"'2.6";"2";"0";"0";"0";"0";"16950,00";"29999,00";;"5%";;
"756951N01N 181 46";"1412034605";"1878085619";"04660426042860";"Куртка - ветровка NortFolk";"'54.5";"NortFolk";"Готов к продаже";;"2";"'4.90";;"2025-02-17 10:09:50";"Одежда";"Куртка";"'16.99";"'3.4";"0";"0";"0";"0";"0";"13150,00";"15550,00";;"5%";;
"845790N20N 260 52";"1429195412";"1891265638";"04640314114787";"Пальто женское";"'82";"NortFolk";"Продается";;"2";"'4.80";;"2025-02-21 10:54:31";"Одежда";"Куртка";"'16.80";"'3.4";"6";"0";"0";"0";"0";"25990,00";"35000,00";;"5%";;
"845790N20N 260 56";"1429195413";"1891265631";"04640314114800";"Пальто женское";"'82";"NortFolk";"Продается";;"3";"'4.80";;"2025-02-21 10:54:31";"Одежда";"Куртка";"'16.80";"'3.4";"4";"0";"0";"0";"0";"25990,00";"35000,00";;"5%";;
"330591N14NB 165 60";"1429195414";"1891265574";"04660426042617";"Куртка NORTFOLK_Весна 2026";"'87.5";"NortFolk";"Готов к продаже";;"2";"'4.90";;"2025-02-21 10:54:31";"Одежда";"Куртка";"'14.62";"'2.9";"0";"0";"0";"0";"0";"18450,00";"29950,00";;"5%";;
"330591N14N 165 46";"1429195415";"1891265692";"04630581114290";"Куртка NORTFOLK_Весна 2026";"'87.5";"NortFolk";"Продается";;"1";"'4.90";;"2025-02-21 10:54:31";"Одежда";"Куртка";"'14.62";"'2.9";"2";"0";"0";"0";"0";"17450,00";"28900,00";;"5%";;
"845790N20N 260 58";"1429195416";"1891265618";"04640314114817";"Пальто женское";"'82";"NortFolk";"Продается";;"0";"'4.80";;"2025-02-21 10:54:31";"Одежда";"Куртка";"'16.80";"'3.4";"3";"0";"0";"0";"0";"25990,00";"35000,00";;"5%";;
"330591N14N 77 48";"1429195417";"1891265611";"04660426042310";"Куртка NORTFOLK_Весна 2026";"'87.5";"NortFolk";"Продается";;"3";"'4.90";;"2025-02-21 10:54:31";"Одежда";"Куртка";"'14.62";"'2.9";"2";"0";"0";"0";"0";"17450,00";"28900,00";;"5%";;
"330591N14NB 73 66";"1429195419";"1891265667";"04660426042709";"Куртка NORTFOLK_Весна 2026";"'87.5";"NortFolk";"Готов к продаже";;"2";"'4.90";;"2025-02-21 10:54:31";"Одежда";"Куртка";"'14.62";"'2.9";"0";"0";"0";"0";"0";"18450,00";"29950,00";;"5%";;
"330591N14N 77 50";"1429195420";"1891265642";"04660426042327";"Куртка NORTFOLK_Весна 2026";"'87.5";"NortFolk";"Продается";;"8";"'4.90";;"2025-02-21 10:54:31";"Одежда";"Куртка";"'14.62";"'2.9";"4";"0";"0";"0";"0";"17450,00";"28900,00";;"5%";;
"845790N20N 260 48";"1429195421";"1891265577";"04640314114763";"Пальто женское";"'82";"NortFolk";"Продается";;"2";"'4.80";;"2025-02-21 10:54:31";"Одежда";"Куртка";"'16.80";"'3.4";"5";"0";"0";"0";"0";"25990,00";"35000,00";;"5%";;
"330591N14NB 165 70";"1429195422";"1891265663";"04660426042662";"Куртка NORTFOLK_Весна 2026";"'87.5";"NortFolk";"Готов к продаже";;"0";"'4.90";;"2025-02-21 10:54:31";"Одежда";"Куртка";"'14.62";"'2.9";"0";"0";"0";"0";"0";"18450,00";"29950,00";;"5%";;
"845790N20N 260 50";"1429195423";"1891265544";"04640314114770";"Пальто женское";"'82";"NortFolk";"Продается";;"3";"'4.80";;"2025-02-21 10:54:31";"Одежда";"Куртка";"'16.80";"'3.4";"5";"0";"0";"0";"0";"25990,00";"35000,00";;"5%";;
"330591N14NB 165 62";"1429195424";"1891265602";"04660426042624";"Куртка NORTFOLK_Весна 2026";"'87.5";"NortFolk";"Готов к продаже";;"3";"'4.90";;"2025-02-21 10:54:31";"Одежда";"Куртка";"'14.62";"'2.9";"0";"0";"0";"0";"0";"18450,00";"29950,00";;"5%";;
"330591N14N 73 50";"1429195425";"1891265526";"04660426042112";"Куртка NORTFOLK_Весна 2026";"'87.5";"NortFolk";"Продается";;"8";"'4.90";;"2025-02-21 10:54:31";"Одежда";"Куртка";"'14.62";"'2.9";"3";"0";"0";"0";"0";"17450,00";"28900,00";;"5%";;
"330591N14N 73 56";"1429195426";"1891265691";"04660426042143";"Куртка NORTFOLK_Весна 2026";"'87.5";"NortFolk";"Готов к продаже";;"6";"'4.90";;"2025-02-21 10:54:31";"Одежда";"Куртка";"'14.62";"'2.9";"0";"0";"0";"0";"0";"17450,00";"28900,00";;"5%";;
"330591N14N 77 56";"1429195427";"1891265604";"04660426042358";"Куртка NORTFOLK_Весна 2026";"'87.5";"NortFolk";"Продается";;"4";"'4.90";;"2025-02-21 10:54:31";"Одежда";"Куртка";"'14.62";"'2.9";"1";"0";"0";"0";"0";"17450,00";"28900,00";;"5%";;
"330591N14N 73 58";"1429195428";"1891265633";"04660426042150";"Куртка NORTFOLK_Весна 2026";"'87.5";"NortFolk";"Готов к продаже";;"8";"'4.90";;"2025-02-21 10:54:31";"Одежда";"Куртка";"'14.62";"'2.9";"0";"0";"0";"0";"0";"17450,00";"28900,00";;"5%";;
"330591N14NB 73 60";"1429195429";"1891265605";"04660426042679";"Куртка NORTFOLK_Весна 2026";"'87.5";"NortFolk";"Готов к продаже";;"4";"'4.90";;"2025-02-21 10:54:31";"Одежда";"Куртка";"'14.62";"'2.9";"0";"0";"0";"0";"0";"18450,00";"29950,00";;"5%";;
"845790N20N 260 54";"1429195431";"1891265599";"04640314114794";"Пальто женское";"'82";"NortFolk";"Продается";;"4";"'4.80";;"2025-02-21 10:54:31";"Одежда";"Куртка";"'16.80";"'3.4";"6";"0";"0";"0";"0";"25990,00";"35000,00";;"5%";;
"330591N14N 165 52";"1429195432";"1891265623";"04630581114320";"Куртка NORTFOLK_Весна 2026";"'87.5";"NortFolk";"Продается";;"3";"'4.90";;"2025-02-21 10:54:31";"Одежда";"Куртка";"'14.62";"'2.9";"4";"0";"0";"0";"0";"17450,00";"28900,00";;"5%";;
"330591N14N 77 52";"1429195433";"1891265651";"04660426042334";"Куртка NORTFOLK_Весна 2026";"'87.5";"NortFolk";"Готов к продаже";;"10";"'4.90";;"2025-02-21 10:54:31";"Одежда";"Куртка";"'14.62";"'2.9";"0";"0";"0";"0";"0";"17450,00";"28900,00";;"5%";;
"330591N14NB 73 64";"1429195434";"1891265673";"04660426042693";"Куртка NORTFOLK_Весна 2026";"'87.5";"NortFolk";"Готов к продаже";;"1";"'4.90";;"2025-02-21 10:54:31";"Одежда";"Куртка";"'14.62";"'2.9";"0";"0";"0";"0";"0";"18450,00";"29950,00";;"5%";;
"330591N14NB 165 68";"1429195435";"1891265624";"04660426042655";"Куртка NORTFOLK_Весна 2026";"'87.5";"NortFolk";"Готов к продаже";;"0";"'4.90";;"2025-02-21 10:54:31";"Одежда";"Куртка";"'14.62";"'2.9";"0";"0";"0";"0";"0";"18450,00";"29950,00";;"5%";;
"330591N14N 165 50";"1429195436";"1891265693";"04630581114313";"Куртка NORTFOLK_Весна 2026";"'87.5";"NortFolk";"Продается";;"3";"'4.90";;"2025-02-21 10:54:31";"Одежда";"Куртка";"'14.62";"'2.9";"6";"0";"0";"0";"0";"17450,00";"28900,00";;"5%";;
"330591N14N 77 46";"1429195437";"1891265504";"04660426042303";"Куртка NORTFOLK_Весна 2026";"'87.5";"NortFolk";"Продается";;"1";"'4.90";;"2025-02-21 10:54:31";"Одежда";"Куртка";"'14.62";"'2.9";"1";"0";"0";"0";"0";"17450,00";"28900,00";;"5%";;
"330591N14NB 165 64";"1429195438";"1891265610";"04660426042631";"Куртка NORTFOLK_Весна 2026";"'87.5";"NortFolk";"Готов к продаже";;"2";"'4.90";;"2025-02-21 10:54:32";"Одежда";"Куртка";"'14.62";"'2.9";"0";"0";"0";"0";"0";"18450,00";"29950,00";;"5%";;
"330591N14N 77 58";"1429195439";"1891265582";"04660426042365";"Куртка NORTFOLK_Весна 2026";"'87.5";"NortFolk";"Готов к продаже";;"2";"'4.90";;"2025-02-21 10:54:32";"Одежда";"Куртка";"'14.62";"'2.9";"0";"0";"0";"0";"0";"17450,00";"28900,00";;"5%";;
"330591N14N 77 54";"1429195440";"1891265576";"04660426042341";"Куртка NORTFOLK_Весна 2026";"'69.5";"NortFolk";"Продается";;"2";"'4.90";;"2025-02-21 10:54:32";"Одежда";"Куртка";"'14.62";"'2.9";"1";"0";"0";"0";"0";"17450,00";"28900,00";;"5%";;
"330591N14N 165 58";"1429195442";"1891265608";"04630581114696";"Куртка NORTFOLK_Весна 2026";"'87.5";"NortFolk";"Готов к продаже";;"5";"'4.90";;"2025-02-21 10:54:32";"Одежда";"Куртка";"'14.62";"'2.9";"0";"0";"0";"0";"0";"17450,00";"28900,00";;"5%";;
"330591N14N 165 56";"1429195443";"1891265669";"04630581114689";"Куртка NORTFOLK_Весна 2026";"'87.5";"NortFolk";"Продается";;"0";"'4.90";;"2025-02-21 10:54:32";"Одежда";"Куртка";"'14.62";"'2.9";"4";"0";"0";"0";"0";"17450,00";"28900,00";;"5%";;
"330591N14NB 73 68";"1429195444";"1891265646";"04660426042716";"Куртка NORTFOLK_Весна 2026";"'69.5";"NortFolk";"Готов к продаже";;"3";"'4.90";;"2025-02-21 10:54:32";"Одежда";"Куртка";"'14.62";"'2.9";"0";"0";"0";"0";"0";"18450,00";"29950,00";;"5%";;
"330591N14NB 73 62";"1429195445";"1891265628";"04660426042686";"Куртка NORTFOLK_Весна 2026";"'87.5";"NortFolk";"Готов к продаже";;"3";"'4.90";;"2025-02-21 10:54:32";"Одежда";"Куртка";"'14.62";"'2.9";"0";"0";"0";"0";"0";"18450,00";"29950,00";;"5%";;
"330591N14NB 165 66";"1429195446";"1891265586";"04660426042648";"Куртка NORTFOLK_Весна 2026";"'87.5";"NortFolk";"Готов к продаже";;"1";"'4.90";;"2025-02-21 10:54:32";"Одежда";"Куртка";"'14.62";"'2.9";"0";"0";"0";"0";"0";"18450,00";"29950,00";;"5%";;
"330591N14N 73 48";"1429195447";"1891265639";"04660426042105";"Куртка NORTFOLK_Весна 2026";"'69.5";"NortFolk";"Продается";;"2";"'4.90";;"2025-02-21 10:54:32";"Одежда";"Куртка";"'14.62";"'2.9";"3";"0";"0";"0";"0";"17450,00";"28900,00";;"5%";;
"330591N14N 165 48";"1429195448";"1891265559";"04630581114306";"Куртка NORTFOLK_Весна 2026";"'87.5";"NortFolk";"Продается";;"2";"'4.90";;"2025-02-21 10:54:32";"Одежда";"Куртка";"'14.62";"'2.9";"3";"0";"0";"0";"0";"17450,00";"28900,00";;"5%";;
"330591N14N 73 54";"1429195449";"1891265614";"04660426042136";"Куртка NORTFOLK_Весна 2026";"'69.5";"NortFolk";"Готов к продаже";;"4";"'4.90";;"2025-02-21 10:54:32";"Одежда";"Куртка";"'14.62";"'2.9";"0";"0";"0";"0";"0";"17450,00";"28900,00";;"5%";;
"330591N14N 165 54";"1429195450";"1891265617";"04630581114337";"Куртка NORTFOLK_Весна 2026";"'87.5";"NortFolk";"Продается";;"2";"'4.90";;"2025-02-21 10:54:32";"Одежда";"Куртка";"'14.62";"'2.9";"1";"0";"0";"0";"0";"17450,00";"28900,00";;"5%";;
"845790N20N 260 46";"1429195451";"1891265627";"04640314114756";"Пальто женское";"'82";"NortFolk";"Продается";;"2";"'4.80";;"2025-02-21 10:54:32";"Одежда";"Куртка";"'16.80";"'3.4";"4";"0";"0";"0";"0";"25990,00";"35000,00";;"5%";;
"330591N14N 73 46";"1429195453";"1891265647";"04660426042099";"Куртка NORTFOLK_Весна 2026";"'87.5";"NortFolk";"Продается";;"3";"'4.90";;"2025-02-21 10:54:32";"Одежда";"Куртка";"'14.62";"'2.9";"1";"0";"0";"0";"0";"17450,00";"28900,00";;"5%";;
"330591N14NB 73 70";"1429195454";"1891265643";"04660426042723";"Куртка NORTFOLK_Весна 2026";"'87.5";"NortFolk";"Готов к продаже";;"1";"'4.90";;"2025-02-21 10:54:32";"Одежда";"Куртка";"'14.62";"'2.9";"0";"0";"0";"0";"0";"18450,00";"29950,00";;"5%";;
"330591N14N 73 52";"1429195455";"1891265630";"04660426042129";"Куртка NORTFOLK_Весна 2026";"'87.5";"NortFolk";"Продается";;"3";"'4.90";;"2025-02-21 10:54:32";"Одежда";"Куртка";"'14.62";"'2.9";"5";"0";"0";"0";"0";"17450,00";"28900,00";;"5%";;
"670340N21N 99 44";"1486704087";"1934532608";"2085302948180";"Куртка удлиненная с капюшоном NortFolk";"'54.5";"NortFolk";"Готов к продаже";;"1";"'5.00";;"2025-03-12 11:32:15";"Одежда";"Куртка";"'14.62";"'2.9";"0";"0";"0";"0";"0";"16800,00";"25900,00";;"5%";;
"019820N00N 333 48";"1585452164";"2007017085";"2085302897365";"Ветровка летняя NortFolk";"'52.5";"NortFolk";"Готов к продаже";;"1";"'4.80";;"2025-04-07 12:05:05";"Одежда";"Куртка";"'14.62";"'2.9";"0";"0";"0";"0";"0";"11900,00";"19999,00";;"5%";;
"019820N00N 206 46";"1585452182";"2007017092";"2085302897754";"Ветровка летняя NortFolk";"'57";"NortFolk";"Готов к продаже";;"3";"'4.80";;"2025-04-07 12:05:05";"Одежда";"Куртка";"'14.62";"'2.9";"0";"0";"0";"0";"0";"11900,00";"19999,00";;"5%";;
"277950N08C 100 46";"1585452183";"2007016582";"2085302819770";"Плащ классический короткий City Classic";"'34.5";"City Classic";"Готов к продаже";;"0";"'4.90";;"2025-04-07 12:05:05";"Одежда";"Плащ";"'16.50";"'3.3";"0";"0";"0";"0";"0";"11000,00";"19999,00";;"5%";;
"277950N08C 100 52";"1585452185";"2007016825";"2085302819800";"Плащ классический короткий City Classic";"'34.5";"City Classic";"Готов к продаже";;"1";"'4.90";;"2025-04-07 12:05:05";"Одежда";"Плащ";"'16.50";"'3.3";"0";"0";"0";"0";"0";"11000,00";"19999,00";;"5%";;
"277950N08C 100 56";"1585452186";"2007016544";"2085302819824";"Плащ классический короткий City Classic";"'34.5";"City Classic";"Готов к продаже";;"0";"'4.90";;"2025-04-07 12:05:05";"Одежда";"Плащ";"'16.50";"'3.3";"0";"0";"0";"0";"0";"11000,00";"19999,00";;"5%";;
"839790N30N 64 56";"1585452187";"2007016764";"2085303028362";"Пуховик NortFolk";"'42";"NortFolk";"Готов к продаже";;"0";"'5.00";;"2025-04-07 12:05:05";"Одежда";"Куртка";"'28.60";"'5.7";"0";"0";"0";"0";"0";"17500,00";"35500,00";;"5%";;
"277950N08C 26 46";"1585452188";"2007017024";"2085302819855";"Плащ классический City Classic";"'34.5";"City Classic";"Готов к продаже";;"1";"'4.90";;"2025-04-07 12:05:05";"Одежда";"Плащ";"'16.50";"'3.3";"0";"0";"0";"0";"0";"11000,00";"19999,00";;"5%";;
"277950N08C 21 46";"1585452189";"2007017134";"2085302819930";"Плащ классический короткий City Classic";"'30";"City Classic";"Готов к продаже";;"3";"'4.90";;"2025-04-07 12:05:05";"Одежда";"Плащ";"'16.50";"'3.3";"0";"0";"0";"0";"0";"11000,00";"19999,00";;"5%";;
"019820N00N 333 56";"1585452191";"2007016927";"2085302897402";"Ветровка летняя NortFolk";"'52.5";"NortFolk";"Готов к продаже";;"3";"'4.80";;"2025-04-07 12:05:05";"Одежда";"Куртка";"'14.62";"'2.9";"0";"0";"0";"0";"0";"11900,00";"19999,00";;"5%";;
"019820N00N 333 46";"1585452196";"2007016944";"2085302897358";"Ветровка летняя NortFolk";"'52.5";"NortFolk";"Готов к продаже";;"1";"'4.80";;"2025-04-07 12:05:05";"Одежда";"Куртка";"'14.62";"'2.9";"0";"0";"0";"0";"0";"11900,00";"19999,00";;"5%";;
"019820N00N 157 52";"1585452198";"2007016949";"2085302897860";"Ветровка летняя NortFolk";"'57";"NortFolk";"Готов к продаже";;"4";"'4.80";;"2025-04-07 12:05:05";"Одежда";"Куртка";"'14.62";"'2.9";"0";"0";"0";"0";"0";"11900,00";"19999,00";;"5%";;
"853950N01C 26 58";"1585452213";"2007016802";"2085302813259";"Ветровка летняя NortFolk большие размеры";"'42";"City Classic";"Готов к продаже";;"0";"'4.80";;"2025-04-07 12:05:05";"Одежда";"Куртка";"'28.60";"'5.7";"0";"0";"0";"0";"0";"9990,00";"19990,00";;"5%";;
"019820N00NB 157 70";"1585452216";"2007016683";"2085302898324";"Ветровка летняя NortFolk большие размеры";"'57";"NortFolk";"Продается";;"2";"'4.80";;"2025-04-07 12:05:05";"Одежда";"Куртка";"'14.62";"'2.9";"1";"0";"0";"0";"0";"12500,00";"20700,00";;"5%";;
"019820N00NB 157 62";"1585452217";"2007017019";"2085302898287";"Ветровка летняя NortFolk большие размеры";"'57";"NortFolk";"Готов к продаже";;"2";"'4.80";;"2025-04-07 12:05:05";"Одежда";"Куртка";"'14.62";"'2.9";"0";"0";"0";"0";"0";"12500,00";"20700,00";;"5%";;
"277950N08C 26 44";"1585452218";"2007016504";"2085302819848";"Плащ классический City Classic";"'30";"City Classic";"Продается";;"1";"'4.90";;"2025-04-07 12:05:05";"Одежда";"Плащ";"'16.50";"'3.3";"1";"1";"0";"0";"0";"11000,00";"19999,00";;"5%";;
"277950N08C 26 50";"1585452219";"2007016769";"2085302819879";"Плащ классический City Classic";"'34.5";"City Classic";"Готов к продаже";;"4";"'4.90";;"2025-04-07 12:05:05";"Одежда";"Плащ";"'16.50";"'3.3";"0";"0";"0";"0";"0";"11000,00";"19999,00";;"5%";;
"019820N00N 157 56";"1585452230";"2007016989";"2085302897884";"Ветровка летняя NortFolk";"'57";"NortFolk";"Готов к продаже";;"4";"'4.80";;"2025-04-07 12:05:05";"Одежда";"Куртка";"'14.62";"'2.9";"0";"0";"0";"0";"0";"11900,00";"19999,00";;"5%";;
"277950N08C 21 52";"1585452231";"2007017097";"2085302819961";"Плащ классический короткий City Classic";"'30";"City Classic";"Готов к продаже";;"1";"'4.90";;"2025-04-07 12:05:06";"Одежда";"Плащ";"'16.50";"'3.3";"0";"0";"0";"0";"0";"11000,00";"19999,00";;"5%";;
"277950N08C 21 58";"1585452232";"2007017126";"2085302819992";"Плащ классический короткий City Classic";"'30";"City Classic";"Готов к продаже";;"0";"'4.90";;"2025-04-07 12:05:06";"Одежда";"Плащ";"'16.50";"'3.3";"0";"0";"0";"0";"0";"11000,00";"19999,00";;"5%";;
"019820N00N 333 54";"1585452237";"2007017111";"2085302897396";"Ветровка летняя NortFolk";"'52.5";"NortFolk";"Готов к продаже";;"0";"'4.80";;"2025-04-07 12:05:06";"Одежда";"Куртка";"'14.62";"'2.9";"0";"0";"0";"0";"0";"11900,00";"19999,00";;"5%";;
"839790N30N 100 58";"1585452242";"2007016830";"2085303028102";"Пуховик NortFolk";"'42";"NortFolk";"Готов к продаже";;"0";"'5.00";;"2025-04-07 12:05:06";"Одежда";"Куртка";"'28.60";"'5.7";"0";"0";"0";"0";"0";"17500,00";"35500,00";;"5%";;
"019820N00NB 157 66";"1585452244";"2007017005";"2085302898300";"Ветровка летняя NortFolk большие размеры";"'57";"NortFolk";"Готов к продаже";;"1";"'4.80";;"2025-04-07 12:05:06";"Одежда";"Куртка";"'14.62";"'2.9";"0";"0";"0";"0";"0";"12500,00";"20700,00";;"5%";;
"853950N01C 98 44";"1585452246";"2007017012";"2085302813426";"Ветровка City Classic";"'42";"City Classic";"Готов к продаже";;"1";"'4.80";;"2025-04-07 12:05:06";"Одежда";"Куртка";"'28.60";"'5.7";"0";"0";"0";"0";"0";"9990,00";"19990,00";;"5%";;
"277950N08C 21 56";"1585452254";"2007016841";"2085302819985";"Плащ классический короткий City Classic";"'30";"City Classic";"Готов к продаже";;"1";"'4.90";;"2025-04-07 12:05:06";"Одежда";"Плащ";"'16.50";"'3.3";"0";"0";"0";"0";"0";"11000,00";"19999,00";;"5%";;
"019820N00NB 157 64";"1585452256";"2007016689";"2085302898294";"Ветровка летняя NortFolk большие размеры";"'57";"NortFolk";"Продается";;"3";"'4.80";;"2025-04-07 12:05:06";"Одежда";"Куртка";"'14.62";"'2.9";"1";"0";"0";"0";"0";"12500,00";"20700,00";;"5%";;
"839790N30N 100 56";"1585452258";"2007016760";"2085303028096";"Пуховик NortFolk";"'42";"NortFolk";"Готов к продаже";;"2";"'5.00";;"2025-04-07 12:05:06";"Одежда";"Куртка";"'28.60";"'5.7";"0";"0";"0";"0";"0";"17500,00";"35500,00";;"5%";;
"019820N00N 333 50";"1585452260";"2007016701";"2085302897372";"Ветровка летняя NortFolk";"'52.5";"NortFolk";"Готов к продаже";;"1";"'4.80";;"2025-04-07 12:05:06";"Одежда";"Куртка";"'14.62";"'2.9";"0";"0";"0";"0";"0";"11900,00";"19999,00";;"5%";;
"277950N08C 26 52";"1585452262";"2007016718";"2085302819886";"Плащ классический City Classic";"'30";"City Classic";"Готов к продаже";;"1";"'4.90";;"2025-04-07 12:05:06";"Одежда";"Плащ";"'16.50";"'3.3";"0";"0";"0";"0";"0";"11000,00";"19999,00";;"5%";;
"019820N00N 36 52";"1585452267";"2007017077";"2085302897464";"Ветровка летняя NortFolk";"'52.5";"NortFolk";"Готов к продаже";;"4";"'4.80";;"2025-04-07 12:05:06";"Одежда";"Куртка";"'14.62";"'2.9";"0";"0";"0";"0";"0";"11900,00";"19999,00";;"5%";;
"019820N00N 157 48";"1585452268";"2007016891";"2085302897846";"Ветровка летняя NortFolk";"'57";"NortFolk";"Готов к продаже";;"2";"'4.80";;"2025-04-07 12:05:06";"Одежда";"Куртка";"'14.62";"'2.9";"0";"0";"0";"0";"0";"11900,00";"19999,00";;"5%";;
"853950N01C 25 46";"1585452269";"2007016908";"2085302813358";"Ветровка City Classic";"'42";"City Classic";"Готов к продаже";;"0";"'4.80";;"2025-04-07 12:05:06";"Одежда";"Куртка";"'28.60";"'5.7";"0";"0";"0";"0";"0";"9990,00";"19990,00";;"5%";;
"853950N01CB 98 70";"1585452271";"2007017080";"2085302813822";"Ветровка City Classic большие размеры";"'42";"City Classic";"Готов к продаже";;"0";"'4.80";;"2025-04-07 12:05:06";"Одежда";"Куртка";"'28.60";"'5.7";"0";"0";"0";"0";"0";"10150,00";"19990,00";;"5%";;
"277950N08C 100 48";"1585452272";"2007016833";"2085302819787";"Плащ классический короткий City Classic";"'34.5";"City Classic";"Готов к продаже";;"2";"'4.90";;"2025-04-07 12:05:06";"Одежда";"Плащ";"'16.50";"'3.3";"0";"0";"0";"0";"0";"11000,00";"19999,00";;"5%";;
"019820N00N 333 58";"1585452284";"2007016770";"2085302897419";"Ветровка летняя NortFolk";"'52.5";"NortFolk";"Готов к продаже";;"1";"'4.80";;"2025-04-07 12:05:06";"Одежда";"Куртка";"'14.62";"'2.9";"0";"0";"0";"0";"0";"11900,00";"19999,00";;"5%";;
"019820N00NB 157 60";"1585452286";"2007017129";"2085302898270";"Ветровка летняя NortFolk большие размеры";"'69.5";"NortFolk";"Готов к продаже";;"0";"'4.80";;"2025-04-07 12:05:06";"Одежда";"Куртка";"'14.62";"'2.9";"0";"0";"0";"0";"0";"12500,00";"20700,00";;"5%";;
"019820N00N 36 56";"1585452289";"2007016955";"2085302897488";"Ветровка летняя NortFolk";"'52.5";"NortFolk";"Готов к продаже";;"2";"'4.80";;"2025-04-07 12:05:06";"Одежда";"Куртка";"'14.62";"'2.9";"0";"0";"0";"0";"0";"11900,00";"19999,00";;"5%";;
"019820N00N 157 54";"1585452297";"2007017165";"2085302897877";"Ветровка летняя NortFolk";"'57";"NortFolk";"Готов к продаже";;"1";"'4.80";;"2025-04-07 12:05:06";"Одежда";"Куртка";"'14.62";"'2.9";"0";"0";"0";"0";"0";"11900,00";"19999,00";;"5%";;
"019820N00N 157 50";"1585452300";"2007016585";"2085302897853";"Ветровка летняя NortFolk";"'57";"NortFolk";"Готов к продаже";;"4";"'4.80";;"2025-04-07 12:05:06";"Одежда";"Куртка";"'14.62";"'2.9";"0";"0";"0";"0";"0";"11900,00";"19999,00";;"5%";;
"277950N08C 26 48";"1585452301";"2007016821";"2085302819862";"Плащ классический City Classic";"'30";"City Classic";"Готов к продаже";;"3";"'4.90";;"2025-04-07 12:05:06";"Одежда";"Плащ";"'16.50";"'3.3";"0";"0";"0";"0";"0";"11000,00";"19999,00";;"5%";;
"277950N08C 26 54";"1585452302";"2007016845";"2085302819893";"Плащ классический City Classic";"'30";"City Classic";"Готов к продаже";;"2";"'4.90";;"2025-04-07 12:05:06";"Одежда";"Плащ";"'16.50";"'3.3";"0";"0";"0";"0";"0";"11000,00";"19999,00";;"5%";;
"019820N00NB 157 68";"1585452303";"2007016997";"2085302898317";"Ветровка летняя NortFolk большие размеры";"'57";"NortFolk";"Готов к продаже";;"1";"'4.80";;"2025-04-07 12:05:06";"Одежда";"Куртка";"'14.62";"'2.9";"0";"0";"0";"0";"0";"12500,00";"20700,00";;"5%";;
"019820N00N 36 54";"1585452304";"2007016888";"2085302897471";"Ветровка летняя NortFolk";"'52.5";"NortFolk";"Готов к продаже";;"3";"'4.80";;"2025-04-07 12:05:06";"Одежда";"Куртка";"'14.62";"'2.9";"0";"0";"0";"0";"0";"11900,00";"19999,00";;"5%";;
"853950N01CB 26 66";"1585452305";"2007016998";"2085302813624";"Ветровка City Classic большие размеры";"'42";"City Classic";"Готов к продаже";;"0";"'4.80";;"2025-04-07 12:05:06";"Одежда";"Куртка";"'28.60";"'5.7";"0";"0";"0";"0";"0";"10150,00";"19990,00";;"5%";;
"019820N00N 36 50";"1585452317";"2007016896";"2085302897457";"Ветровка летняя NortFolk";"'52.5";"NortFolk";"Готов к продаже";;"1";"'4.80";;"2025-04-07 12:05:07";"Одежда";"Куртка";"'14.62";"'2.9";"0";"0";"0";"0";"0";"11900,00";"19999,00";;"5%";;
"019820N00N 36 48";"1603927043";"2020765789";"2085302897440";"Ветровка летняя NortFolk";"'52.5";"NortFolk";"Продается";;"3";"'4.80";;"2025-04-11 06:23:13";"Одежда";"Куртка";"'14.62";"'2.9";"1";"0";"0";"0";"0";"11900,00";"19999,00";;"5%";;
"019820N00N 36 58";"1603942460";"2020778769";"2085302897495";"Ветровка летняя NortFolk";"'52.5";"NortFolk";"Готов к продаже";;"0";"'4.80";;"2025-04-11 06:25:19";"Одежда";"Куртка";"'14.62";"'2.9";"0";"0";"0";"0";"0";"11900,00";"19999,00";;"5%";;
"277950N08C 26 56";"1603953872";"2020789701";"04670126728216";"Плащ классический City Classic";"'30";"City Classic";"Готов к продаже";;"1";"'4.90";;"2025-04-11 06:27:09";"Одежда";"Плащ";"'16.50";"'3.3";"0";"0";"0";"0";"0";"11000,00";"19999,00";;"5%";;
"277950N08C 100 44";"1603962312";"2020793833";"04670126727998";"Плащ классический короткий City Classic";"'34.5";"City Classic";"Готов к продаже";;"1";"'4.90";;"2025-04-11 06:28:09";"Одежда";"Плащ";"'16.50";"'3.3";"0";"0";"0";"0";"0";"11000,00";"19999,00";;"5%";;
"277950N08C 21 48";"1603996876";"2020820625";"04670126728094";"Плащ классический короткий City Classic";"'37.5";"City Classic";"Готов к продаже";;"2";"'4.90";;"2025-04-11 06:31:57";"Одежда";"Плащ";"'16.50";"'3.3";"0";"0";"0";"0";"0";"11000,00";"19999,00";;"5%";;
"277950N08C 21 50";"1604006076";"2020827927";"04670126728100";"Плащ классический короткий City Classic";"'30";"City Classic";"Готов к продаже";;"1";"'4.90";;"2025-04-11 06:33:06";"Одежда";"Плащ";"'16.50";"'3.3";"0";"0";"0";"0";"0";"11000,00";"19999,00";;"5%";;
"853950N01C 26 44";"1604019988";"2020837018";"04630187060533";"Ветровка City Classic большие размеры";"'42";"City Classic";"Готов к продаже";;"1";"'4.80";;"2025-04-11 06:35:02";"Одежда";"Куртка";"'28.60";"'5.7";"0";"0";"0";"0";"0";"9990,00";"19990,00";;"5%";;
"853950N01C 26 54";"1604029682";"2020844783";"04630187060588";"Ветровка City Classic большие размеры";"'42";"City Classic";"Готов к продаже";;"1";"'4.80";;"2025-04-11 06:36:10";"Одежда";"Куртка";"'28.60";"'5.7";"0";"0";"0";"0";"0";"9990,00";"19990,00";;"5%";;
"853950N01C 26 56";"1604034688";"2020848746";"04630187060595";"Ветровка City Classic большие размеры";"'42";"City Classic";"Готов к продаже";;"0";"'4.80";;"2025-04-11 06:37:02";"Одежда";"Куртка";"'28.60";"'5.7";"0";"0";"0";"0";"0";"9990,00";"19990,00";;"5%";;
"853950N01C 56 58";"1604284547";"2021067776";"04630187060687";"Ветровка женская классичестая City Classic";"'57";"City Classic";"Готов к продаже";;"1";"'4.80";;"2025-04-11 07:09:42";"Одежда";"Куртка";"'28.60";"'5.7";"0";"0";"0";"0";"0";"9990,00";"19990,00";;"5%";;
"853950N01C 25 56";"1604284548";"2021068474";"04630187060830";"Ветровка женская классичестая City Classic";"'57";"City Classic";"Готов к продаже";;"1";"'4.80";;"2025-04-11 07:09:42";"Одежда";"Куртка";"'28.60";"'5.7";"0";"0";"0";"0";"0";"9990,00";"19990,00";;"5%";;
"853950N01C 25 50";"1604284594";"2021067713";"04630187060809";"Ветровка женская классичестая City Classic";"'57";"City Classic";"Готов к продаже";;"1";"'4.80";;"2025-04-11 07:09:42";"Одежда";"Куртка";"'28.60";"'5.7";"0";"0";"0";"0";"0";"9990,00";"19990,00";;"5%";;
"853950N01C 25 52";"1604284655";"2021067723";"04630187060816";"Ветровка женская классичестая City Classic";"'57";"City Classic";"Готов к продаже";;"0";"'4.80";;"2025-04-11 07:09:42";"Одежда";"Куртка";"'28.60";"'5.7";"0";"0";"0";"0";"0";"9990,00";"19990,00";;"5%";;
"853950N01C 31 54";"1604284674";"2021068100";"04630187060748";"Ветровка женская классичестая City Classic";"'57";"City Classic";"Готов к продаже";;"1";"'4.80";;"2025-04-11 07:09:42";"Одежда";"Куртка";"'28.60";"'5.7";"0";"0";"0";"0";"0";"9990,00";"19990,00";;"5%";;
"853950N01C 31 48";"1604284694";"2021070607";"04630187060717";"Ветровка женская классичестая City Classic";"'57";"City Classic";"Готов к продаже";;"0";"'4.80";;"2025-04-11 07:09:42";"Одежда";"Куртка";"'28.60";"'5.7";"0";"0";"0";"0";"0";"9990,00";"19990,00";;"5%";;
"853950N01C 31 44";"1604284730";"2021067791";"04630187060694";"Ветровка женская классичестая City Classic";"'57";"City Classic";"Готов к продаже";;"0";"'4.80";;"2025-04-11 07:09:43";"Одежда";"Куртка";"'28.60";"'5.7";"0";"0";"0";"0";"0";"9990,00";"19990,00";;"5%";;
"853950N01C 56 46";"1604284731";"2021067628";"04630187060625";"Ветровка женская классичестая City Classic";"'57";"City Classic";"Готов к продаже";;"1";"'4.80";;"2025-04-11 07:09:43";"Одежда";"Куртка";"'28.60";"'5.7";"0";"0";"0";"0";"0";"9990,00";"19990,00";;"5%";;
"853950N01C 31 46";"1604284760";"2021066504";"04630187060700";"Ветровка женская классичестая City Classic";"'57";"City Classic";"Готов к продаже";;"0";"'4.80";;"2025-04-11 07:09:44";"Одежда";"Куртка";"'28.60";"'5.7";"0";"0";"0";"0";"0";"9990,00";"19990,00";;"5%";;
"853950N01C 31 56";"1604284786";"2021068759";"04630187060755";"Ветровка женская классичестая City Classic";"'57";"City Classic";"Готов к продаже";;"1";"'4.80";;"2025-04-11 07:09:44";"Одежда";"Куртка";"'28.60";"'5.7";"0";"0";"0";"0";"0";"9990,00";"19990,00";;"5%";;
"853950N01C 31 50";"1604284841";"2021067732";"04630187060724";"Ветровка женская классичестая City Classic";"'57";"City Classic";"Готов к продаже";;"1";"'4.80";;"2025-04-11 07:09:45";"Одежда";"Куртка";"'28.60";"'5.7";"0";"0";"0";"0";"0";"9990,00";"19990,00";;"5%";;
"853950N01C 25 48";"1604284889";"2021067822";"04630187060793";"Ветровка женская классичестая City Classic";"'57";"City Classic";"Готов к продаже";;"0";"'4.80";;"2025-04-11 07:09:45";"Одежда";"Куртка";"'28.60";"'5.7";"0";"0";"0";"0";"0";"9990,00";"19990,00";;"5%";;
"853950N01C 25 44";"1604284922";"2021066333";"04630187060779";"Ветровка женская классичестая City Classic";"'57";"City Classic";"Готов к продаже";;"1";"'4.80";;"2025-04-11 07:09:45";"Одежда";"Куртка";"'28.60";"'5.7";"0";"0";"0";"0";"0";"9990,00";"19990,00";;"5%";;
"853950N01C 31 52";"1604285050";"2021070589";"04630187060731";"Ветровка женская классичестая City Classic";"'57";"City Classic";"Готов к продаже";;"2";"'4.80";;"2025-04-11 07:09:47";"Одежда";"Куртка";"'3.49";"'0.7";"0";"0";"0";"0";"0";"9990,00";"19990,00";;"5%";;
"853950N01C 25 58";"1604285051";"2021070568";"04630187060847";"Ветровка женская классичестая City Classic";"'57";"City Classic";"Готов к продаже";;"1";"'4.80";;"2025-04-11 07:09:47";"Одежда";"Куртка";"'28.60";"'5.7";"0";"0";"0";"0";"0";"9990,00";"19990,00";;"5%";;
"031820N11CJ 71 56";"1668820639";"2062925380";"2085302895521";"Жилетка утепленная стеганая City Classic";"'82";"City Classic";"Готов к продаже";;"2";"'5.00";;"2025-04-23 09:49:11";"Одежда";"Жилет";"'17.48";"'3.5";"0";"0";"0";"0";"0";"11920,00";"19550,00";;"5%";;
"433430N11N 3-2 58";"1753579619";"2125231937";"04660426041559";"Куртка женская легкая стеганая на весну и осень NortFolk";"'82";"NortFolk";"Готов к продаже";;"1";"'4.90";;"2025-05-12 18:56:19";"Одежда";"Куртка";"'13.97";"'2.8";"0";"0";"0";"0";"0";"15600,00";"22100,00";;"5%";;
"821D156U DH10 58";"1862685954";"2207416617";"04630308301309";"Парка мужская зимняя куртка Shark Force";"'69.5";"Shark Force";"Продается";;"0";"'5.00";;"2025-05-29 08:27:12";"Одежда";"Парка";"'15.00";"'3.0";"1";"0";"0";"0";"0";"28550,00";"35900,00";;"5%";;
"SU19757 100 58";"1862712805";"2207436883";"04630308300371";"Парка мужская зимняя куртка Shark Force";"'69.5";"Shark Force";"Продается";;"1";"'4.80";;"2025-05-29 08:29:22";"Одежда";"Парка";"'26.00";"'5.2";"3";"0";"0";"0";"0";"35800,00";"43950,00";;"5%";;
"SU19757 BF42 48";"1862740755";"2207459154";"04660426941811";"Парка мужская зимняя куртка Shark Force";"'69.5";"Shark Force";"Продается";;"3";"'4.80";;"2025-05-29 08:31:21";"Одежда";"Парка";"'26.00";"'5.2";"7";"0";"0";"0";"0";"35800,00";"43950,00";;"5%";;
"SU19757 BF42 56";"1862760193";"2207473106";"04680654258055";"Парка мужская зимняя куртка Shark Force";"'69.5";"Shark Force";"Продается";;"2";"'4.80";;"2025-05-29 08:33:06";"Одежда";"Парка";"'26.00";"'5.2";"3";"0";"0";"0";"0";"35800,00";"43950,00";;"5%";;
"SU19757 BF10 46";"1862775886";"2207487085";"04660426941798";"Парка мужская зимняя куртка Shark Force";"'69.5";"Shark Force";"Продается";;"1";"'4.80";;"2025-05-29 08:34:37";"Одежда";"Парка";"'26.00";"'5.2";"3";"0";"0";"0";"0";"35800,00";"43950,00";;"5%";;
"SU19757 BF10 48";"1862793120";"2207500735";"04630308300081";"Парка мужская зимняя куртка Shark Force";"'69.5";"Shark Force";"Продается";;"2";"'4.80";;"2025-05-29 08:36:11";"Одежда";"Парка";"'26.00";"'5.2";"4";"0";"0";"0";"0";"35800,00";"43950,00";;"5%";;
"924D166U FN152 52";"1863265747";"2207867271";"04640314039639";"Парка мужская Shark Force";"'57";"Shark Force";"Готов к продаже";;"1";"'5.00";;"2025-05-29 09:14:36";"Одежда";"Парка";"'26.25";"'5.3";"0";"0";"0";"0";"0";"21990,00";"45900,00";;"5%";;
"924D166U FN42 52";"1863265802";"2207867050";"04640314039707";"Парка мужская Shark Force";"'57";"Shark Force";"Готов к продаже";;"2";"'5.00";;"2025-05-29 09:14:37";"Одежда";"Парка";"'26.25";"'5.3";"0";"0";"0";"0";"0";"21990,00";"45900,00";;"5%";;
"924D166U FN1 54";"1863265814";"2207866263";"04640314039578";"Парка мужская Shark Force";"'57";"Shark Force";"Готов к продаже";;"1";"'5.00";;"2025-05-29 09:14:37";"Одежда";"Парка";"'26.25";"'5.3";"0";"0";"0";"0";"0";"21990,00";"45900,00";;"5%";;
"924D166U FN152 50";"1863265835";"2207868201";"04640314039622";"Парка мужская Shark Force";"'57";"Shark Force";"Готов к продаже";;"2";"'5.00";;"2025-05-29 09:14:37";"Одежда";"Парка";"'26.25";"'5.3";"0";"0";"0";"0";"0";"21990,00";"45900,00";;"5%";;
"924D166U FN152 56";"1863265877";"2207867828";"04640314039653";"Парка мужская Shark Force";"'57";"Shark Force";"Готов к продаже";;"2";"'5.00";;"2025-05-29 09:14:37";"Одежда";"Парка";"'26.25";"'5.3";"0";"0";"0";"0";"0";"21990,00";"45900,00";;"5%";;
"924D166U FN152 58";"1863265888";"2207866080";"04640314039660";"Парка мужская Shark Force";"'57";"Shark Force";"Готов к продаже";;"2";"'5.00";;"2025-05-29 09:14:37";"Одежда";"Парка";"'26.25";"'5.3";"0";"0";"0";"0";"0";"21990,00";"45900,00";;"5%";;
"924D166U FN42 54";"1863266450";"2207866960";"04640314039714";"Парка мужская Shark Force";"'57";"Shark Force";"Готов к продаже";;"2";"'5.00";;"2025-05-29 09:14:41";"Одежда";"Парка";"'26.25";"'5.3";"0";"0";"0";"0";"0";"21990,00";"45900,00";;"5%";;
"924D166U FN42 56";"1863266516";"2207867239";"04640314039721";"Парка мужская Shark Force";"'57";"Shark Force";"Готов к продаже";;"2";"'5.00";;"2025-05-29 09:14:42";"Одежда";"Парка";"'26.25";"'5.3";"0";"0";"0";"0";"0";"21990,00";"45900,00";;"5%";;
"924D166U FN1 48";"1863283149";"2207881825";"04640314039547";"Парка мужская Shark Force";"'57";"Shark Force";"Готов к продаже";;"1";"'5.00";;"2025-05-29 09:15:50";"Одежда";"Парка";"'26.25";"'5.3";"0";"0";"0";"0";"0";"21990,00";"45900,00";;"5%";;
"924D166U FN42 50";"1863283151";"2207881509";"04640314039691";"Парка мужская Shark Force";"'57";"Shark Force";"Готов к продаже";;"2";"'5.00";;"2025-05-29 09:15:50";"Одежда";"Парка";"'26.25";"'5.3";"0";"0";"0";"0";"0";"21990,00";"45900,00";;"5%";;
"924D166U FN42 48";"1863283153";"2207882618";"04640314039684";"Парка мужская Shark Force";"'57";"Shark Force";"Продается";;"0";"'5.00";;"2025-05-29 09:15:50";"Одежда";"Парка";"'26.25";"'5.3";"1";"0";"0";"0";"0";"21990,00";"45900,00";;"5%";;
"924D166U FN1 52";"1863283163";"2207881206";"04640314039561";"Парка мужская Shark Force";"'57";"Shark Force";"Готов к продаже";;"2";"'5.00";;"2025-05-29 09:15:50";"Одежда";"Парка";"'26.25";"'5.3";"0";"0";"0";"0";"0";"21990,00";"45900,00";;"5%";;
"924D166U FN152 54";"1863287079";"2207886414";"04640314039646";"Парка мужская Shark Force";"'57";"Shark Force";"Готов к продаже";;"2";"'5.00";;"2025-05-29 09:16:04";"Одежда";"Парка";"'26.25";"'5.3";"0";"0";"0";"0";"0";"21990,00";"45900,00";;"5%";;
"924D166U FN1 56";"1863291716";"2207889669";"04640314039585";"Парка мужская Shark Force";"'57";"Shark Force";"Готов к продаже";;"2";"'5.00";;"2025-05-29 09:16:22";"Одежда";"Парка";"'26.25";"'5.3";"0";"0";"0";"0";"0";"21990,00";"45900,00";;"5%";;
"924D166U FN1 50";"1863299075";"2207894161";"04640314039554";"Парка мужская Shark Force";"'57";"Shark Force";"Готов к продаже";;"3";"'5.00";;"2025-05-29 09:16:51";"Одежда";"Парка";"'26.25";"'5.3";"0";"0";"0";"0";"0";"21990,00";"45900,00";;"5%";;
"820790Y21C 99 56";"1898777837";"2234675449";"04640314027926";"Куртка женская зимняя короткая City Classic";"'87.5";"City Classic";"Продается";;"3";"'4.90";;"2025-06-04 10:39:12";"Одежда";"Куртка";"'18.20";"'3.6";"6";"0";"0";"0";"0";"17550,00";"35900,00";;"5%";;
"820790Y21C FS 48";"1898777838";"2234675259";"04640314027810";"Куртка женская зимняя короткая City Classic";"'87.5";"City Classic";"Продается";;"3";"'4.90";;"2025-06-04 10:39:12";"Одежда";"Куртка";"'18.20";"'3.6";"5";"0";"0";"0";"0";"17550,00";"35900,00";;"5%";;
"820790Y21C 25 52";"1898777860";"2234675017";"04640314027759";"Куртка женская зимняя короткая City Classic";"'87.5";"City Classic";"Продается";;"3";"'4.90";;"2025-06-04 10:39:13";"Одежда";"Куртка";"'18.20";"'3.6";"4";"0";"0";"0";"0";"17550,00";"35900,00";;"5%";;
"820790Y21C FS 58";"1898777883";"2234674634";"04640314027865";"Куртка женская зимняя короткая City Classic";"'87.5";"City Classic";"Продается";;"2";"'4.90";;"2025-06-04 10:39:13";"Одежда";"Куртка";"'18.20";"'3.6";"5";"0";"0";"0";"0";"17550,00";"35900,00";;"5%";;
"820790Y21C 105 52";"1898777941";"2234674983";"04640314027971";"Куртка женская зимняя короткая City Classic";"'87.5";"City Classic";"Продается";;"8";"'4.90";;"2025-06-04 10:39:13";"Одежда";"Куртка";"'18.20";"'3.6";"5";"0";"0";"0";"0";"17550,00";"35900,00";;"5%";;
"820790Y21C 99 54";"1898777943";"2234675293";"04640314027919";"Куртка женская зимняя короткая City Classic";"'87.5";"City Classic";"Продается";;"4";"'4.90";;"2025-06-04 10:39:13";"Одежда";"Куртка";"'18.20";"'3.6";"5";"0";"0";"0";"0";"17550,00";"35900,00";;"5%";;
"820790Y21C FS 50";"1898777947";"2234675555";"04640314027827";"Куртка женская зимняя короткая City Classic";"'87.5";"City Classic";"Продается";;"6";"'4.90";;"2025-06-04 10:39:13";"Одежда";"Куртка";"'18.20";"'3.6";"5";"0";"0";"0";"0";"17550,00";"35900,00";;"5%";;
"820790Y21C 105 50";"1898777948";"2234675589";"04640314027964";"Куртка женская зимняя короткая City Classic";"'87.5";"City Classic";"Продается";;"6";"'4.90";;"2025-06-04 10:39:13";"Одежда";"Куртка";"'18.20";"'3.6";"5";"0";"0";"0";"0";"17550,00";"35900,00";;"5%";;
"820790Y21C FS 44";"1898777952";"2234675872";"04640314027797";"Куртка женская зимняя короткая City Classic";"'87.5";"City Classic";"Продается";;"0";"'4.90";;"2025-06-04 10:39:13";"Одежда";"Куртка";"'18.20";"'3.6";"2";"0";"0";"0";"0";"17550,00";"35900,00";;"5%";;
"820790Y21C FS 56";"1898777954";"2234675423";"04640314027858";"Куртка женская зимняя короткая City Classic";"'87.5";"City Classic";"Продается";;"2";"'4.90";;"2025-06-04 10:39:13";"Одежда";"Куртка";"'18.20";"'3.6";"5";"0";"0";"0";"0";"17550,00";"35900,00";;"5%";;
"820790Y21C 99 52";"1898777957";"2234675155";"04640314027902";"Куртка женская зимняя короткая City Classic";"'87.5";"City Classic";"Готов к продаже";;"4";"'4.90";;"2025-06-04 10:39:13";"Одежда";"Куртка";"'18.20";"'3.6";"0";"0";"0";"0";"0";"17550,00";"35900,00";;"5%";;
"820790Y21C 105 54";"1898777958";"2234675253";"04640314027988";"Куртка женская зимняя короткая City Classic";"'87.5";"City Classic";"Продается";;"3";"'4.90";;"2025-06-04 10:39:13";"Одежда";"Куртка";"'18.20";"'3.6";"5";"0";"0";"0";"0";"17550,00";"35900,00";;"5%";;
"820790Y21C FS 46";"1898777962";"2234674785";"04640314027803";"Куртка женская зимняя короткая City Classic";"'87.5";"City Classic";"Продается";;"3";"'4.90";;"2025-06-04 10:39:13";"Одежда";"Куртка";"'18.20";"'3.6";"3";"0";"0";"0";"0";"17550,00";"35900,00";;"5%";;
"820790Y21C 25 44";"1898777964";"2234675098";"04640314027711";"Куртка женская зимняя короткая City Classic";"'87.5";"City Classic";"Продается";;"1";"'4.90";;"2025-06-04 10:39:13";"Одежда";"Куртка";"'18.20";"'3.6";"4";"0";"0";"0";"0";"17550,00";"35900,00";;"5%";;
"820790Y21C 25 48";"1898777968";"2234675112";"04640314027735";"Куртка женская зимняя короткая City Classic";"'87.5";"City Classic";"Продается";;"6";"'4.90";;"2025-06-04 10:39:13";"Одежда";"Куртка";"'18.20";"'3.6";"4";"0";"0";"0";"0";"17550,00";"35900,00";;"5%";;
"820790Y21C 99 44";"1898777972";"2234674584";"04660426926535";"Куртка женская зимняя короткая City Classic";"'87.5";"City Classic";"Продается";;"2";"'4.90";;"2025-06-04 10:39:13";"Одежда";"Куртка";"'18.20";"'3.6";"5";"0";"0";"0";"0";"17550,00";"35900,00";;"5%";;
"820790Y21C 25 54";"1898777975";"2234675274";"04640314027766";"Куртка женская зимняя короткая City Classic";"'87.5";"City Classic";"Продается";;"5";"'4.90";;"2025-06-04 10:39:13";"Одежда";"Куртка";"'18.20";"'3.6";"5";"0";"0";"0";"0";"17550,00";"35900,00";;"5%";;
"820790Y21C 105 48";"1898777981";"2234675578";"04640314027957";"Куртка женская зимняя короткая City Classic";"'87.5";"City Classic";"Продается";;"6";"'4.90";;"2025-06-04 10:39:13";"Одежда";"Куртка";"'18.20";"'3.6";"5";"0";"0";"0";"0";"17550,00";"35900,00";;"5%";;
"820790Y21C FS 54";"1898777990";"2234675456";"04640314027841";"Куртка женская зимняя короткая City Classic";"'87.5";"City Classic";"Продается";;"3";"'4.90";;"2025-06-04 10:39:13";"Одежда";"Куртка";"'18.20";"'3.6";"5";"0";"0";"0";"0";"17550,00";"35900,00";;"5%";;
"820790Y21C 99 50";"1898777992";"2234674731";"04640314027896";"Куртка женская зимняя короткая City Classic";"'87.5";"City Classic";"Продается";;"4";"'4.90";;"2025-06-04 10:39:13";"Одежда";"Куртка";"'18.20";"'3.6";"4";"0";"0";"0";"0";"17550,00";"35900,00";;"5%";;
"820790Y21C 105 44";"1898778008";"2234675569";"04660426926542";"Куртка женская зимняя короткая City Classic";"'87.5";"City Classic";"Продается";;"2";"'4.90";;"2025-06-04 10:39:14";"Одежда";"Куртка";"'18.20";"'3.6";"5";"0";"0";"0";"0";"17550,00";"35900,00";;"5%";;
"820790Y21C 105 46";"1898778010";"2234675024";"04640314027940";"Куртка женская зимняя короткая City Classic";"'87.5";"City Classic";"Продается";;"3";"'4.90";;"2025-06-04 10:39:14";"Одежда";"Куртка";"'18.20";"'3.6";"5";"0";"0";"0";"0";"17550,00";"35900,00";;"5%";;
"820790Y21C 25 50";"1898778017";"2234675254";"04640314027742";"Куртка женская зимняя короткая City Classic";"'87.5";"City Classic";"Продается";;"5";"'4.90";;"2025-06-04 10:39:15";"Одежда";"Куртка";"'18.20";"'3.6";"5";"0";"0";"0";"0";"17550,00";"35900,00";;"5%";;
"820790Y21C FS 52";"1898778021";"2234675460";"04640314027834";"Куртка женская зимняя короткая City Classic";"'87.5";"City Classic";"Продается";;"4";"'4.90";;"2025-06-04 10:39:15";"Одежда";"Куртка";"'18.20";"'3.6";"5";"0";"0";"0";"0";"17550,00";"35900,00";;"5%";;
"820790Y21C 25 58";"1898778022";"2234675465";"04640314027780";"Куртка женская зимняя короткая City Classic";"'87.5";"City Classic";"Продается";;"4";"'4.90";;"2025-06-04 10:39:15";"Одежда";"Куртка";"'18.20";"'3.6";"5";"0";"0";"0";"0";"17550,00";"35900,00";;"5%";;
"820790Y21C 99 48";"1898778024";"2234675031";"04640314027889";"Куртка женская зимняя короткая City Classic";"'87.5";"City Classic";"Продается";;"3";"'4.90";;"2025-06-04 10:39:15";"Одежда";"Куртка";"'18.20";"'3.6";"5";"0";"0";"0";"0";"17550,00";"35900,00";;"5%";;
"820790Y21C 105 56";"1898778025";"2234675054";"04640314027995";"Куртка женская зимняя короткая City Classic";"'87.5";"City Classic";"Продается";;"4";"'4.90";;"2025-06-04 10:39:15";"Одежда";"Куртка";"'18.20";"'3.6";"5";"0";"0";"0";"0";"17550,00";"35900,00";;"5%";;
"820790Y21C 25 56";"1898778026";"2234675085";"04640314027773";"Куртка женская зимняя короткая City Classic";"'87.5";"City Classic";"Продается";;"4";"'4.90";;"2025-06-04 10:39:15";"Одежда";"Куртка";"'18.20";"'3.6";"5";"0";"0";"0";"0";"17550,00";"35900,00";;"5%";;
"820790Y21C 99 46";"1898778029";"2234675584";"04640314027872";"Куртка женская зимняя короткая City Classic";"'87.5";"City Classic";"Продается";;"2";"'4.90";;"2025-06-04 10:39:15";"Одежда";"Куртка";"'18.20";"'3.6";"5";"0";"0";"0";"0";"17550,00";"35900,00";;"5%";;
"820790Y21C 99 58";"1898778030";"2234675541";"04640314027933";"Куртка женская зимняя короткая City Classic";"'87.5";"City Classic";"Продается";;"3";"'4.90";;"2025-06-04 10:39:15";"Одежда";"Куртка";"'18.20";"'3.6";"5";"0";"0";"0";"0";"17550,00";"35900,00";;"5%";;
"820790Y21C 25 46";"1898778031";"2234675341";"04640314027728";"Куртка женская зимняя короткая City Classic";"'87.5";"City Classic";"Продается";;"1";"'4.90";;"2025-06-04 10:39:15";"Одежда";"Куртка";"'18.20";"'3.6";"5";"0";"0";"0";"0";"17550,00";"35900,00";;"5%";;
"820790Y21C 105 58";"1898778049";"2234675339";"04640314028008";"Куртка женская зимняя короткая City Classic";"'87.5";"City Classic";"Продается";;"3";"'4.90";;"2025-06-04 10:39:17";"Одежда";"Куртка";"'18.20";"'3.6";"5";"0";"0";"0";"0";"17550,00";"35900,00";;"5%";;
"427340Y15N 159-23 44";"2105065384";"2389355782";"04660426876540";"Куртка женская NortFolk с SUGENRO";"'69.5";"NortFolk";"Продается";;"2";"'4.90";;"2025-07-01 09:58:22";"Одежда";"Куртка";"'23.40";"'4.7";"4";"0";"0";"0";"0";"19950,00";"34450,00";;"5%";;
"427340Y15N 100 56";"2105077960";"2389364942";"04640314410667";"Куртка женская NortFolk с SUGENRO";"'69.5";"NortFolk";"Продается";;"5";"'4.90";;"2025-07-01 10:00:18";"Одежда";"Куртка";"'23.40";"'4.7";"1";"0";"0";"0";"0";"19950,00";"34450,00";;"5%";;
"427340Y15N 25 50";"2105088919";"2389372728";"04660426876397";"Куртка женская NortFolk с SUGENRO";"'69.5";"NortFolk";"Продается";;"10";"'4.90";;"2025-07-01 10:01:47";"Одежда";"Куртка";"'23.40";"'4.7";"3";"0";"0";"0";"0";"19950,00";"34450,00";;"5%";;
"427340Y15N 25 52";"2105103261";"2389385817";"04660426876403";"Куртка женская NortFolk с SUGENRO";"'69.5";"NortFolk";"Продается";;"10";"'4.90";;"2025-07-01 10:03:46";"Одежда";"Куртка";"'23.40";"'4.7";"2";"0";"0";"0";"0";"19950,00";"34450,00";;"5%";;
"427340Y15N 25 54";"2105115984";"2389396004";"04660426876410";"Куртка женская NortFolk с SUGENRO";"'69.5";"NortFolk";"Продается";;"4";"'5.00";;"2025-07-01 10:05:37";"Одежда";"Куртка";"'23.40";"'4.7";"4";"0";"0";"0";"0";"19950,00";"34450,00";;"5%";;
"427340Y15N 99 44";"2105124248";"2389404566";"04660426876298";"Куртка женская NortFolk с SUGENRO";"'69.5";"NortFolk";"Продается";;"2";"'4.90";;"2025-07-01 10:06:56";"Одежда";"Куртка";"'23.40";"'4.7";"1";"0";"0";"0";"0";"19950,00";"34450,00";;"5%";;
"427340Y15N 99 46";"2105133887";"2389409215";"04660426876304";"Куртка женская NortFolk с SUGENRO";"'69.5";"NortFolk";"Продается";;"4";"'4.90";;"2025-07-01 10:08:21";"Одежда";"Куртка";"'23.40";"'4.7";"4";"0";"0";"0";"0";"19950,00";"34450,00";;"5%";;
"427340Y15N 99 52";"2105144371";"2389417061";"04660426876335";"Куртка женская NortFolk с SUGENRO";"'69.5";"NortFolk";"Продается";;"5";"'4.90";;"2025-07-01 10:10:08";"Одежда";"Куртка";"'23.40";"'4.7";"6";"0";"0";"0";"0";"19950,00";"34450,00";;"5%";;
"427340Y15N 99 54";"2105154344";"2389425286";"04660426876342";"Куртка женская NortFolk с SUGENRO";"'69.5";"NortFolk";"Продается";;"5";"'4.90";;"2025-07-01 10:11:22";"Одежда";"Куртка";"'23.40";"'4.7";"3";"0";"0";"0";"0";"19950,00";"34450,00";;"5%";;
"427340Y15N 99 56";"2105161762";"2389431787";"04660426876359";"Куртка женская NortFolk с SUGENRO";"'69.5";"NortFolk";"Продается";;"4";"'4.90";;"2025-07-01 10:12:32";"Одежда";"Куртка";"'23.40";"'4.7";"5";"0";"0";"0";"0";"19950,00";"34450,00";;"5%";;
"427340Y15N 99 58";"2105167965";"2389435298";"04660426876366";"Куртка женская NortFolk с SUGENRO";"'69.5";"NortFolk";"Продается";;"4";"'4.90";;"2025-07-01 10:13:39";"Одежда";"Куртка";"'23.40";"'4.7";"3";"0";"0";"0";"0";"19950,00";"34450,00";;"5%";;
"433590Y21NB 99/21 64";"2111140384";"2393990729";"04660426875208";"Куртка зимняя NortFolk большие размеры";"'69.5";"NortFolk";"Продается";;"3";"'4.90";;"2025-07-02 07:30:28";"Одежда";"Куртка";"'12.60";"'2.5";"4";"0";"0";"0";"0";"23990,00";"28900,00";;"5%";;
"433590Y21NB 99/21 60";"2111140454";"2393992487";"04660426875185";"Куртка зимняя NortFolk большие размеры";"'69.5";"NortFolk";"Продается";;"4";"'4.90";;"2025-07-02 07:30:29";"Одежда";"Куртка";"'12.60";"'2.5";"5";"0";"0";"0";"0";"23990,00";"28900,00";;"5%";;
"433590Y21NB 99/21 70";"2111140517";"2393990684";"04660426875239";"Куртка зимняя NortFolk большие размеры";"'69.5";"NortFolk";"Продается";;"2";"'4.90";;"2025-07-02 07:30:29";"Одежда";"Куртка";"'12.60";"'2.5";"5";"0";"0";"0";"0";"23990,00";"28900,00";;"5%";;
"433590Y21NB 99/21 62";"2111140575";"2393992203";"04660426875192";"Куртка зимняя NortFolk большие размеры";"'69.5";"NortFolk";"Продается";;"4";"'4.90";;"2025-07-02 07:30:29";"Одежда";"Куртка";"'12.60";"'2.5";"3";"0";"0";"0";"0";"23990,00";"28900,00";;"5%";;
"433590Y21NB 99/21 66";"2111141004";"2393991953";"04660426875215";"Куртка зимняя NortFolk большие размеры";"'69.5";"NortFolk";"Продается";;"1";"'4.90";;"2025-07-02 07:30:31";"Одежда";"Куртка";"'12.60";"'2.5";"4";"0";"0";"0";"0";"23990,00";"28900,00";;"5%";;
"433590Y21NB 99/21 68";"2111141190";"2393991838";"04660426875222";"Куртка зимняя NortFolk большие размеры";"'69.5";"NortFolk";"Продается";;"3";"'4.90";;"2025-07-02 07:30:33";"Одежда";"Куртка";"'12.60";"'2.5";"5";"0";"0";"0";"0";"23990,00";"28900,00";;"5%";;
"845790N20N 100 52";"2111734098";"2394454447";"04660426323785";"Пальто NortFolk";"'85";"NortFolk";"Продается";;"4";"'4.80";;"2025-07-02 08:17:47";"Одежда";"Пальто";"'9.45";"'1.9";"5";"0";"0";"0";"0";"25990,00";"35000,00";;"5%";;
"845790N20N 100 58";"2111734099";"2394454434";"04660426323815";"Пальто NortFolk";"'85";"NortFolk";"Продается";;"3";"'4.80";;"2025-07-02 08:17:47";"Одежда";"Пальто";"'9.45";"'1.9";"2";"0";"0";"0";"0";"25990,00";"35000,00";;"5%";;
"845790N20N 100 56";"2111734207";"2394453880";"04660426323808";"Пальто NortFolk";"'85";"NortFolk";"Продается";;"2";"'4.80";;"2025-07-02 08:17:48";"Одежда";"Пальто";"'9.45";"'1.9";"4";"1";"0";"0";"0";"25990,00";"35000,00";;"5%";;
"845790N20N 17 48";"2111734210";"2394454823";"04660426323839";"Пальто NortFolk";"'85";"NortFolk";"Продается";;"3";"'4.80";;"2025-07-02 08:17:48";"Одежда";"Пальто";"'9.45";"'1.9";"6";"0";"0";"0";"0";"25990,00";"35000,00";;"5%";;
"845790N20N 100 50";"2111734262";"2394455380";"04660426323778";"Пальто NortFolk";"'85";"NortFolk";"Продается";;"3";"'4.80";;"2025-07-02 08:17:48";"Одежда";"Пальто";"'9.45";"'1.9";"4";"0";"0";"0";"0";"25990,00";"35000,00";;"5%";;
"845790N20N 17 50";"2111734342";"2394453904";"04660426323846";"Пальто NortFolk";"'85";"NortFolk";"Продается";;"3";"'4.80";;"2025-07-02 08:17:48";"Одежда";"Пальто";"'9.45";"'1.9";"7";"0";"0";"0";"0";"25990,00";"35000,00";;"5%";;
"845790N20N 17 56";"2111734351";"2394454831";"04660426323877";"Пальто NortFolk";"'85";"NortFolk";"Продается";;"5";"'4.80";;"2025-07-02 08:17:48";"Одежда";"Пальто";"'9.45";"'1.9";"4";"0";"0";"0";"0";"25990,00";"35000,00";;"5%";;
"845790N20N 17 46";"2111734406";"2394453856";"04660426323822";"Пальто NortFolk";"'85";"NortFolk";"Продается";;"1";"'4.80";;"2025-07-02 08:17:48";"Одежда";"Пальто";"'9.45";"'1.9";"3";"0";"0";"0";"0";"25990,00";"35000,00";;"5%";;
"845790N20N 100 48";"2111734428";"2394453498";"04660426323761";"Пальто NortFolk";"'85";"NortFolk";"Продается";;"2";"'4.80";;"2025-07-02 08:17:48";"Одежда";"Пальто";"'9.45";"'1.9";"4";"0";"0";"0";"0";"25990,00";"35000,00";;"5%";;
"845790N20N 17 58";"2111734457";"2394454478";"04660426323884";"Пальто NortFolk";"'85";"NortFolk";"Продается";;"2";"'4.80";;"2025-07-02 08:17:49";"Одежда";"Пальто";"'9.45";"'1.9";"4";"0";"0";"0";"0";"25990,00";"35000,00";;"5%";;
"845790N20N 17 54";"2111734592";"2394455039";"04660426323860";"Пальто NortFolk";"'85";"NortFolk";"Продается";;"3";"'4.80";;"2025-07-02 08:17:49";"Одежда";"Пальто";"'9.45";"'1.9";"6";"0";"0";"0";"0";"25990,00";"35000,00";;"5%";;
"845790N20N 100 46";"2111734606";"2394454328";"04660426323754";"Пальто NortFolk";"'85";"NortFolk";"Продается";;"2";"'4.80";;"2025-07-02 08:17:49";"Одежда";"Пальто";"'9.45";"'1.9";"4";"0";"0";"0";"0";"25990,00";"35000,00";;"5%";;
"845790N20N 100 54";"2111734694";"2394454463";"04660426323792";"Пальто NortFolk";"'85";"NortFolk";"Продается";;"3";"'4.80";;"2025-07-02 08:17:49";"Одежда";"Пальто";"'9.45";"'1.9";"4";"0";"0";"0";"0";"25990,00";"35000,00";;"5%";;
"845790N20N 17 52";"2111734760";"2394454911";"04660426323853";"Пальто NortFolk";"'85";"NortFolk";"Продается";;"6";"'4.80";;"2025-07-02 08:17:49";"Одежда";"Пальто";"'9.45";"'1.9";"5";"0";"0";"0";"0";"25990,00";"35000,00";;"5%";;
"820790Y21C 21 52";"2112309348";"2394922441";"04660426926597";"Куртка женская зимняя короткая City Classic";"'87.5";"City Classic";"Продается";;"6";"'4.90";;"2025-07-02 09:01:09";"Одежда";"Куртка";"'12.60";"'2.5";"5";"0";"0";"0";"0";"17550,00";"35900,00";;"5%";;
"831790Y22N 255 56";"2112309363";"2394921192";"04660426881377";"Куртка зимняя NortFolk на синтепоне с верблюжьей шерстью";"'72.5";"NortFolk";"Готов к продаже";;"4";"'4.90";;"2025-07-02 09:01:09";"Одежда";"Куртка";"'12.60";"'2.5";"0";"0";"0";"0";"0";"20500,00";"39990,00";;"5%";;
"831790Y22N 99 56";"2112309364";"2394922286";"04660426881452";"Куртка зимняя NortFolk на синтепоне с верблюжьей шерстью";"'72.5";"NortFolk";"Продается";;"1";"'4.90";;"2025-07-02 09:01:09";"Одежда";"Куртка";"'12.60";"'2.5";"3";"0";"0";"0";"0";"24500,00";"39990,00";;"5%";;
"831790Y22N 78 58";"2112309367";"2394922413";"04660426881308";"Куртка зимняя NortFolk на синтепоне с верблюжьей шерстью";"'72.5";"NortFolk";"Продается";;"1";"'4.90";;"2025-07-02 09:01:09";"Одежда";"Куртка";"'12.60";"'2.5";"3";"0";"0";"0";"0";"24500,00";"39990,00";;"5%";;
"831790Y22N 99 46";"2112309368";"2394922123";"04660426881407";"Куртка зимняя NortFolk на синтепоне с верблюжьей шерстью";"'72.5";"NortFolk";"Продается";;"0";"'4.90";;"2025-07-02 09:01:09";"Одежда";"Куртка";"'12.60";"'2.5";"1";"0";"0";"0";"0";"24500,00";"39990,00";;"5%";;
"831790Y22N 99 50";"2112309370";"2394921171";"04660426881421";"Куртка зимняя NortFolk на синтепоне с верблюжьей шерстью";"'72.5";"NortFolk";"Продается";;"0";"'4.90";;"2025-07-02 09:01:09";"Одежда";"Куртка";"'12.60";"'2.5";"5";"0";"0";"0";"0";"24500,00";"39990,00";;"5%";;
"924D092U FN122 52";"2112309371";"2394921062";"04660426942054";"Куртка зимняя";"'87.5";"Shark Force";"Готов к продаже";;"2";"'4.90";;"2025-07-02 09:01:09";"Одежда";"Куртка";"'12.60";"'2.5";"0";"0";"0";"0";"0";"28700,00";"39999,00";;"5%";;
"924D092U FN122 48";"2112309372";"2394922426";"04660426942030";"Куртка зимняя";"'87.5";"Shark Force";"Готов к продаже";;"1";"'4.90";;"2025-07-02 09:01:09";"Одежда";"Куртка";"'12.60";"'2.5";"0";"0";"0";"0";"0";"28700,00";"39999,00";;"5%";;
"831790Y22N 78 46";"2112309373";"2394921119";"04660426881247";"Куртка зимняя NortFolk на синтепоне с верблюжьей шерстью";"'72.5";"NortFolk";"Продается";;"0";"'4.90";;"2025-07-02 09:01:09";"Одежда";"Куртка";"'12.60";"'2.5";"2";"0";"0";"0";"0";"24500,00";"39990,00";;"5%";;
"924D092U FN42 48";"2112309375";"2394921827";"04660426941965";"Куртка зимняя";"'87.5";"Shark Force";"Готов к продаже";;"2";"'4.90";;"2025-07-02 09:01:09";"Одежда";"Куртка";"'12.60";"'2.5";"0";"0";"0";"0";"0";"28700,00";"39999,00";;"5%";;
"924D092U FN95 56";"2112309378";"2394921292";"04660426942139";"Куртка зимняя";"'87.5";"Shark Force";"Готов к продаже";;"3";"'4.90";;"2025-07-02 09:01:09";"Одежда";"Куртка";"'12.60";"'2.5";"0";"0";"0";"0";"0";"28700,00";"39999,00";;"5%";;
"924D092U FN95 50";"2112309379";"2394922388";"04660426942108";"Куртка зимняя";"'87.5";"Shark Force";"Готов к продаже";;"4";"'4.90";;"2025-07-02 09:01:09";"Одежда";"Куртка";"'12.60";"'2.5";"0";"0";"0";"0";"0";"28700,00";"39999,00";;"5%";;
"831790Y22N 25 44";"2112309382";"2394920195";"04660426881476";"Куртка зимняя NortFolk на синтепоне с верблюжьей шерстью";"'72.5";"NortFolk";"Продается";;"1";"'4.90";;"2025-07-02 09:01:09";"Одежда";"Куртка";"'12.60";"'2.5";"4";"0";"0";"0";"0";"24500,00";"39990,00";;"5%";;
"820790Y21C 21 48";"2112309386";"2394921102";"04660426926573";"Куртка женская зимняя короткая City Classic";"'87.5";"City Classic";"Продается";;"4";"'4.90";;"2025-07-02 09:01:09";"Одежда";"Куртка";"'12.60";"'2.5";"5";"0";"0";"0";"0";"17550,00";"35900,00";;"5%";;
"820790Y21C 21 44";"2112309387";"2394920954";"04660426926559";"Куртка женская зимняя короткая City Classic";"'87.5";"City Classic";"Продается";;"1";"'4.90";;"2025-07-02 09:01:09";"Одежда";"Куртка";"'12.60";"'2.5";"3";"0";"0";"0";"0";"17550,00";"35900,00";;"5%";;
"831790Y22N 78 54";"2112309389";"2394922591";"04660426881285";"Куртка зимняя NortFolk на синтепоне с верблюжьей шерстью";"'72.5";"NortFolk";"Продается";;"2";"'4.90";;"2025-07-02 09:01:09";"Одежда";"Куртка";"'12.60";"'2.5";"3";"0";"0";"0";"0";"24500,00";"39990,00";;"5%";;
"831790Y22N 99 48";"2112309392";"2394921693";"04660426881414";"Куртка зимняя NortFolk на синтепоне с верблюжьей шерстью";"'72.5";"NortFolk";"Продается";;"2";"'4.90";;"2025-07-02 09:01:10";"Одежда";"Куртка";"'12.60";"'2.5";"5";"0";"0";"0";"0";"24500,00";"39990,00";;"5%";;
"924D092U FN42 56";"2112309394";"2394921956";"04660426942009";"Куртка зимняя";"'87.5";"Shark Force";"Готов к продаже";;"2";"'4.90";;"2025-07-02 09:01:10";"Одежда";"Куртка";"'12.60";"'2.5";"0";"0";"0";"0";"0";"28700,00";"39999,00";;"5%";;
"820790Y21C 21 54";"2112309397";"2394922036";"04660426926603";"Куртка женская зимняя короткая City Classic";"'87.5";"City Classic";"Продается";;"4";"'4.90";;"2025-07-02 09:01:10";"Одежда";"Куртка";"'12.60";"'2.5";"5";"0";"0";"0";"0";"17550,00";"35900,00";;"5%";;
"924D092U FN95 48";"2112309398";"2394920305";"04660426942092";"Куртка зимняя";"'87.5";"Shark Force";"Готов к продаже";;"1";"'4.90";;"2025-07-02 09:01:10";"Одежда";"Куртка";"'12.60";"'2.5";"0";"0";"0";"0";"0";"28700,00";"39999,00";;"5%";;
"924D092U FN42 46";"2112309399";"2394922350";"04660426941958";"Куртка зимняя";"'87.5";"Shark Force";"Готов к продаже";;"2";"'4.90";;"2025-07-02 09:01:10";"Одежда";"Куртка";"'12.60";"'2.5";"0";"0";"0";"0";"0";"28700,00";"39999,00";;"5%";;
"924D092U FN42 58";"2112309400";"2394921952";"04660426942016";"Куртка зимняя";"'87.5";"Shark Force";"Готов к продаже";;"2";"'4.90";;"2025-07-02 09:01:10";"Одежда";"Куртка";"'12.60";"'2.5";"0";"0";"0";"0";"0";"28700,00";"39999,00";;"5%";;
"831790Y22N 25 50";"2112309402";"2394922389";"04660426881506";"Куртка зимняя NortFolk на синтепоне с верблюжьей шерстью";"'72.5";"NortFolk";"Продается";;"3";"'4.90";;"2025-07-02 09:01:10";"Одежда";"Куртка";"'12.60";"'2.5";"6";"0";"0";"0";"0";"24500,00";"39990,00";;"5%";;
"924D092U FN15 50";"2112309404";"2394920959";"04660426941903";"Куртка зимняя";"'87.5";"Shark Force";"Готов к продаже";;"2";"'4.90";;"2025-07-02 09:01:10";"Одежда";"Куртка";"'12.60";"'2.5";"0";"0";"0";"0";"0";"28700,00";"39999,00";;"5%";;
"820790Y21C 36 50";"2112309405";"2394919712";"04640314027667";"Куртка женская зимняя короткая City Classic";"'87.5";"City Classic";"Продается";;"5";"'4.90";;"2025-07-02 09:01:10";"Одежда";"Куртка";"'12.60";"'2.5";"2";"0";"0";"0";"0";"17550,00";"35900,00";;"5%";;
"924D092U FN42 50";"2112309406";"2394922002";"04660426941972";"Куртка зимняя";"'87.5";"Shark Force";"Готов к продаже";;"6";"'4.90";;"2025-07-02 09:01:10";"Одежда";"Куртка";"'12.60";"'2.5";"0";"0";"0";"0";"0";"28700,00";"39999,00";;"5%";;
"831790Y22N 78 44";"2112309410";"2394922003";"04660426881230";"Куртка зимняя NortFolk на синтепоне с верблюжьей шерстью";"'72.5";"NortFolk";"Продается";;"1";"'4.90";;"2025-07-02 09:01:10";"Одежда";"Куртка";"'12.60";"'2.5";"3";"0";"0";"0";"0";"24500,00";"39990,00";;"5%";;
"924D092U FN122 56";"2112309412";"2394922325";"04660426942078";"Куртка зимняя";"'87.5";"Shark Force";"Готов к продаже";;"2";"'4.90";;"2025-07-02 09:01:10";"Одежда";"Куртка";"'12.60";"'2.5";"0";"0";"0";"0";"0";"28700,00";"39999,00";;"5%";;
"831790Y22N 25 52";"2112309414";"2394921972";"04660426881513";"Куртка зимняя NortFolk на синтепоне с верблюжьей шерстью";"'72.5";"NortFolk";"Продается";;"3";"'4.90";;"2025-07-02 09:01:10";"Одежда";"Куртка";"'12.60";"'2.5";"6";"0";"0";"0";"0";"24500,00";"39990,00";;"5%";;
"820790Y21C 36 46";"2112309416";"2394923326";"04640314027643";"Куртка женская зимняя короткая City Classic";"'87.5";"City Classic";"Готов к продаже";;"2";"'4.90";;"2025-07-02 09:01:10";"Одежда";"Куртка";"'12.60";"'2.5";"0";"0";"0";"0";"0";"17550,00";"35900,00";;"5%";;
"831790Y22N 255 46";"2112309417";"2394921712";"04660426881322";"Куртка зимняя NortFolk на синтепоне с верблюжьей шерстью";"'72.5";"NortFolk";"Готов к продаже";;"3";"'4.90";;"2025-07-02 09:01:10";"Одежда";"Куртка";"'12.60";"'2.5";"0";"0";"0";"0";"0";"20500,00";"39990,00";;"5%";;
"820790Y21C 36 52";"2112309422";"2394920931";"04640314027674";"Куртка женская зимняя короткая City Classic";"'87.5";"City Classic";"Продается";;"2";"'4.90";;"2025-07-02 09:01:10";"Одежда";"Куртка";"'12.60";"'2.5";"2";"0";"0";"0";"0";"17550,00";"35900,00";;"5%";;
"831790Y22N 78 52";"2112309423";"2394923973";"04660426881278";"Куртка зимняя NortFolk на синтепоне с верблюжьей шерстью";"'72.5";"NortFolk";"Продается";;"2";"'4.90";;"2025-07-02 09:01:10";"Одежда";"Куртка";"'12.60";"'2.5";"1";"0";"0";"0";"0";"20500,00";"39990,00";;"5%";;
"831790Y22N 99 52";"2112309425";"2394922079";"04660426881438";"Куртка зимняя NortFolk на синтепоне с верблюжьей шерстью";"'72.5";"NortFolk";"Готов к продаже";;"4";"'4.90";;"2025-07-02 09:01:10";"Одежда";"Куртка";"'12.60";"'2.5";"0";"0";"0";"0";"0";"20500,00";"39990,00";;"5%";;
"831790Y22N 78 48";"2112309426";"2394920059";"04660426881254";"Куртка зимняя NortFolk на синтепоне с верблюжьей шерстью";"'72.5";"NortFolk";"Продается";;"0";"'4.90";;"2025-07-02 09:01:10";"Одежда";"Куртка";"'12.60";"'2.5";"3";"0";"0";"0";"0";"24500,00";"39990,00";;"5%";;
"924D092U FN42 52";"2112309427";"2394921081";"04660426941989";"Куртка зимняя";"'87.5";"Shark Force";"Готов к продаже";;"4";"'4.90";;"2025-07-02 09:01:10";"Одежда";"Куртка";"'12.60";"'2.5";"0";"0";"0";"0";"0";"28700,00";"39999,00";;"5%";;
"924D092U FN42 54";"2112309428";"2394920628";"04660426941996";"Куртка зимняя";"'87.5";"Shark Force";"Готов к продаже";;"4";"'4.90";;"2025-07-02 09:01:10";"Одежда";"Куртка";"'12.60";"'2.5";"0";"0";"0";"0";"0";"28700,00";"39999,00";;"5%";;
"924D092U FN122 46";"2112309429";"2394921506";"04660426942023";"Куртка зимняя";"'87.5";"Shark Force";"Готов к продаже";;"1";"'4.90";;"2025-07-02 09:01:10";"Одежда";"Куртка";"'12.60";"'2.5";"0";"0";"0";"0";"0";"28700,00";"39999,00";;"5%";;
"820790Y21C 21 56";"2112309433";"2394920943";"04660426926610";"Куртка женская зимняя короткая City Classic";"'87.5";"City Classic";"Продается";;"3";"'4.90";;"2025-07-02 09:01:10";"Одежда";"Куртка";"'12.60";"'2.5";"4";"0";"0";"0";"0";"17550,00";"35900,00";;"5%";;
"820790Y21C 36 44";"2112309434";"2394921922";"04640314027636";"Куртка женская зимняя короткая City Classic";"'87.5";"City Classic";"Продается";;"1";"'4.90";;"2025-07-02 09:01:10";"Одежда";"Куртка";"'12.60";"'2.5";"3";"0";"0";"0";"0";"17550,00";"35900,00";;"5%";;
"820790Y21C 36 48";"2112309436";"2394922214";"04640314027650";"Куртка женская зимняя короткая City Classic";"'87.5";"City Classic";"Продается";;"3";"'4.90";;"2025-07-02 09:01:10";"Одежда";"Куртка";"'12.60";"'2.5";"3";"0";"0";"0";"0";"17550,00";"35900,00";;"5%";;
"831790Y22N 25 56";"2112309439";"2394921540";"04660426881537";"Куртка зимняя NortFolk на синтепоне с верблюжьей шерстью";"'72.5";"NortFolk";"Продается";;"2";"'4.90";;"2025-07-02 09:01:10";"Одежда";"Куртка";"'12.60";"'2.5";"5";"0";"0";"0";"0";"24500,00";"39990,00";;"5%";;
"831790Y22N 255 48";"2112309451";"2394921050";"04660426881339";"Куртка зимняя NortFolk на синтепоне с верблюжьей шерстью";"'72.5";"NortFolk";"Продается";;"3";"'4.90";;"2025-07-02 09:01:10";"Одежда";"Куртка";"'12.60";"'2.5";"1";"0";"0";"0";"0";"20500,00";"39990,00";;"5%";;
"831790Y22N 255 50";"2112309452";"2394922224";"04660426881346";"Куртка зимняя NortFolk на синтепоне с верблюжьей шерстью";"'72.5";"NortFolk";"Готов к продаже";;"5";"'4.90";;"2025-07-02 09:01:10";"Одежда";"Куртка";"'12.60";"'2.5";"0";"0";"0";"0";"0";"20500,00";"39990,00";;"5%";;
"924D092U FN95 52";"2112309454";"2394920085";"04660426942115";"Куртка зимняя";"'87.5";"Shark Force";"Готов к продаже";;"2";"'4.90";;"2025-07-02 09:01:10";"Одежда";"Куртка";"'12.60";"'2.5";"0";"0";"0";"0";"0";"28700,00";"39999,00";;"5%";;
"831790Y22N 78 56";"2112309456";"2394921836";"04660426881292";"Куртка зимняя NortFolk на синтепоне с верблюжьей шерстью";"'72.5";"NortFolk";"Продается";;"1";"'4.90";;"2025-07-02 09:01:10";"Одежда";"Куртка";"'12.60";"'2.5";"4";"0";"0";"0";"0";"24500,00";"39990,00";;"5%";;
"924D092U FN15 54";"2112309465";"2394921851";"04660426941927";"Куртка зимняя";"'87.5";"Shark Force";"Готов к продаже";;"1";"'4.90";;"2025-07-02 09:01:10";"Одежда";"Куртка";"'12.60";"'2.5";"0";"0";"0";"0";"0";"28700,00";"39999,00";;"5%";;
"924D092U FN15 52";"2112309467";"2394921530";"04660426941910";"Куртка зимняя";"'87.5";"Shark Force";"Готов к продаже";;"2";"'4.90";;"2025-07-02 09:01:10";"Одежда";"Куртка";"'12.60";"'2.5";"0";"0";"0";"0";"0";"28700,00";"39999,00";;"5%";;
"831790Y22N 25 58";"2112309470";"2394922385";"04660426881544";"Куртка зимняя NortFolk на синтепоне с верблюжьей шерстью";"'72.5";"NortFolk";"Продается";;"2";"'4.90";;"2025-07-02 09:01:10";"Одежда";"Куртка";"'12.60";"'2.5";"4";"0";"0";"0";"0";"24500,00";"39990,00";;"5%";;
"831790Y22N 255 58";"2112309471";"2394920552";"04660426881384";"Куртка зимняя NortFolk на синтепоне с верблюжьей шерстью";"'72.5";"NortFolk";"Готов к продаже";;"2";"'4.90";;"2025-07-02 09:01:10";"Одежда";"Куртка";"'12.60";"'2.5";"0";"0";"0";"0";"0";"20500,00";"39990,00";;"5%";;
"924D092U FN122 54";"2112309472";"2394919466";"04660426942061";"Куртка зимняя";"'87.5";"Shark Force";"Готов к продаже";;"2";"'4.90";;"2025-07-02 09:01:10";"Одежда";"Куртка";"'12.60";"'2.5";"0";"0";"0";"0";"0";"28700,00";"39999,00";;"5%";;
"831790Y22N 99 58";"2112309474";"2394921134";"04660426881469";"Куртка зимняя NortFolk на синтепоне с верблюжьей шерстью";"'72.5";"NortFolk";"Продается";;"2";"'4.90";;"2025-07-02 09:01:10";"Одежда";"Куртка";"'12.60";"'2.5";"4";"0";"0";"0";"0";"24500,00";"39990,00";;"5%";;
"924D092U FN15 58";"2112309483";"2394922034";"04660426941941";"Куртка зимняя";"'87.5";"Shark Force";"Готов к продаже";;"0";"'4.90";;"2025-07-02 09:01:10";"Одежда";"Куртка";"'12.60";"'2.5";"0";"0";"0";"0";"0";"28700,00";"39999,00";;"5%";;
"924D092U FN95 54";"2112309484";"2394921114";"04660426942122";"Куртка зимняя";"'87.5";"Shark Force";"Готов к продаже";;"4";"'4.90";;"2025-07-02 09:01:10";"Одежда";"Куртка";"'12.60";"'2.5";"0";"0";"0";"0";"0";"28700,00";"39999,00";;"5%";;
"831790Y22N 99 44";"2112309486";"2394921588";"04660426881391";"Куртка зимняя NortFolk на синтепоне с верблюжьей шерстью";"'72.5";"NortFolk";"Продается";;"2";"'4.90";;"2025-07-02 09:01:10";"Одежда";"Куртка";"'12.60";"'2.5";"5";"0";"0";"0";"0";"24500,00";"39990,00";;"5%";;
"820790Y21C 21 50";"2112309487";"2394920580";"04660426926580";"Куртка женская зимняя короткая City Classic";"'87.5";"City Classic";"Продается";;"6";"'4.90";;"2025-07-02 09:01:10";"Одежда";"Куртка";"'12.60";"'2.5";"4";"0";"0";"0";"0";"17550,00";"35900,00";;"5%";;
"831790Y22N 25 46";"2112309498";"2394922431";"04660426881483";"Куртка зимняя NortFolk на синтепоне с верблюжьей шерстью";"'72.5";"NortFolk";"Продается";;"1";"'4.90";;"2025-07-02 09:01:10";"Одежда";"Куртка";"'12.60";"'2.5";"5";"0";"0";"0";"0";"24500,00";"39990,00";;"5%";;
"831790Y22N 25 48";"2112309502";"2394922172";"04660426881490";"Куртка зимняя NortFolk на синтепоне с верблюжьей шерстью";"'72.5";"NortFolk";"Продается";;"5";"'4.90";;"2025-07-02 09:01:10";"Одежда";"Куртка";"'12.60";"'2.5";"7";"0";"0";"0";"0";"24500,00";"39990,00";;"5%";;
"831790Y22N 99 54";"2112309503";"2394923988";"04660426881445";"Куртка зимняя NortFolk на синтепоне с верблюжьей шерстью";"'72.5";"NortFolk";"Готов к продаже";;"7";"'4.90";;"2025-07-02 09:01:10";"Одежда";"Куртка";"'12.60";"'2.5";"0";"0";"0";"0";"0";"24500,00";"39990,00";;"5%";;
"831790Y22N 25 54";"2112309504";"2394921092";"04660426881520";"Куртка зимняя NortFolk на синтепоне с верблюжьей шерстью";"'72.5";"NortFolk";"Продается";;"1";"'4.90";;"2025-07-02 09:01:10";"Одежда";"Куртка";"'12.60";"'2.5";"2";"0";"0";"0";"0";"24500,00";"39990,00";;"5%";;
"924D092U FN15 48";"2112309505";"2394923363";"04660426941897";"Куртка зимняя";"'87.5";"Shark Force";"Продается";;"2";"'4.90";;"2025-07-02 09:01:10";"Одежда";"Куртка";"'12.60";"'2.5";"1";"0";"0";"0";"0";"28700,00";"39999,00";;"5%";;
"924D092U FN122 50";"2112309506";"2394922121";"04660426942047";"Куртка зимняя";"'87.5";"Shark Force";"Готов к продаже";;"1";"'4.90";;"2025-07-02 09:01:10";"Одежда";"Куртка";"'12.60";"'2.5";"0";"0";"0";"0";"0";"28700,00";"39999,00";;"5%";;
"831790Y22N 78 50";"2112309508";"2394922112";"04660426881261";"Куртка зимняя NortFolk на синтепоне с верблюжьей шерстью";"'72.5";"NortFolk";"Продается";;"3";"'4.90";;"2025-07-02 09:01:10";"Одежда";"Куртка";"'12.60";"'2.5";"1";"0";"0";"0";"0";"24500,00";"39990,00";;"5%";;
"820790Y21C 21 46";"2112309511";"2394921035";"04660426926566";"Куртка женская зимняя короткая City Classic";"'87.5";"City Classic";"Продается";;"1";"'4.90";;"2025-07-02 09:01:10";"Одежда";"Куртка";"'12.60";"'2.5";"4";"0";"0";"0";"0";"17550,00";"35900,00";;"5%";;
"831790Y22N 255 52";"2112309512";"2394921492";"04660426881353";"Куртка зимняя NortFolk на синтепоне с верблюжьей шерстью";"'72.5";"NortFolk";"Готов к продаже";;"1";"'4.90";;"2025-07-02 09:01:10";"Одежда";"Куртка";"'12.60";"'2.5";"0";"0";"0";"0";"0";"20500,00";"39990,00";;"5%";;
"820790Y21C 36 54";"2112309519";"2394922062";"04640314027681";"Куртка женская зимняя короткая City Classic";"'87.5";"City Classic";"Продается";;"3";"'4.90";;"2025-07-02 09:01:11";"Одежда";"Куртка";"'12.60";"'2.5";"3";"0";"0";"0";"0";"17550,00";"35900,00";;"5%";;
"924D092U FN15 56";"2112309520";"2394921211";"04660426941934";"Куртка зимняя";"'87.5";"Shark Force";"Готов к продаже";;"2";"'4.90";;"2025-07-02 09:01:11";"Одежда";"Куртка";"'12.60";"'2.5";"0";"0";"0";"0";"0";"28700,00";"39999,00";;"5%";;
"924D092U FN122 58";"2112309522";"2394920562";"04660426942085";"Куртка зимняя";"'87.5";"Shark Force";"Готов к продаже";;"1";"'4.90";;"2025-07-02 09:01:11";"Одежда";"Куртка";"'12.60";"'2.5";"0";"0";"0";"0";"0";"28700,00";"39999,00";;"5%";;
"820790Y21C 21 58";"2112309523";"2394922482";"04660426926627";"Куртка женская зимняя короткая City Classic";"'87.5";"City Classic";"Продается";;"1";"'4.90";;"2025-07-02 09:01:11";"Одежда";"Куртка";"'12.60";"'2.5";"4";"0";"0";"0";"0";"17550,00";"35900,00";;"5%";;
"924D092U FN95 58";"2112309530";"2394922883";"04660426942146";"Куртка зимняя";"'87.5";"Shark Force";"Готов к продаже";;"3";"'4.90";;"2025-07-02 09:01:11";"Одежда";"Куртка";"'12.60";"'2.5";"0";"0";"0";"0";"0";"28700,00";"39999,00";;"5%";;
"831790Y22N 255 54";"2112309547";"2394921145";"04660426881360";"Куртка зимняя NortFolk на синтепоне с верблюжьей шерстью";"'72.5";"NortFolk";"Готов к продаже";;"4";"'4.90";;"2025-07-02 09:01:11";"Одежда";"Куртка";"'12.60";"'2.5";"0";"0";"0";"0";"0";"20500,00";"39990,00";;"5%";;
"831790Y22N 255 44";"2112309549";"2394923284";"04660426881315";"Куртка зимняя NortFolk на синтепоне с верблюжьей шерстью";"'72.5";"NortFolk";"Продается";;"1";"'4.90";;"2025-07-02 09:01:11";"Одежда";"Куртка";"'12.60";"'2.5";"1";"0";"0";"0";"0";"24500,00";"39990,00";;"5%";;
"310281N22N 97 54";"2247138929";"2498843587";"2085302840422";"Куртка зимняя с верблюдом NortFolk";"'50";"NortFolk";"Готов к продаже";;"0";"'5.00";;"2025-07-18 17:30:01";"Одежда";"Куртка";"'18.90";"'3.8";"0";"0";"0";"0";"0";"19913,00";"34500,00";;"5%";;
"310281N22N 97 56";"2247142286";"2498846486";"2085302840439";"Куртка зимняя с верблюдом NortFolk";"'50";"NortFolk";"Готов к продаже";;"0";"'5.00";;"2025-07-18 17:33:27";"Одежда";"Куртка";"'18.90";"'3.8";"0";"0";"0";"0";"0";"19914,00";"34500,00";;"5%";;
"820790Y21C 36 56";"2254462461";"2504571432";"04640314027698";"Куртка женская зимняя короткая City Classic";"'87.5";"City Classic";"Продается";;"2";"'4.90";;"2025-07-19 10:20:14";"Одежда";"Куртка";"'12.60";"'2.5";"3";"0";"0";"0";"0";"17550,00";"35900,00";;"5%";;
"820790Y21C 36 58";"2254473778";"2504578047";"04640314027704";"Куртка женская зимняя короткая City Classic";"'87.5";"City Classic";"Продается";;"2";"'4.90";;"2025-07-19 10:21:43";"Одежда";"Куртка";"'12.60";"'2.5";"1";"0";"0";"0";"0";"17550,00";"35900,00";;"5%";;
"433590Y21N 260/21 48";"2254695458";"2504717434";"04660426874935";"Куртка женская с утеплителем синтепух";"'69.5";"NortFolk";"Продается";;"5";"'4.90";;"2025-07-19 10:52:52";"Одежда";"Куртка";"'13.68";"'2.7";"8";"0";"0";"0";"0";"21990,00";"26900,00";;"5%";;
"433590Y21N 99/21 52";"2254695469";"2504717335";"04680654253944";"Куртка женская с утеплителем синтепух";"'47";"NortFolk";"Продается";;"5";"'4.90";;"2025-07-19 10:52:52";"Одежда";"Куртка";"'13.68";"'2.7";"5";"0";"0";"0";"0";"21990,00";"26900,00";;"5%";;
"433590Y21N 99/21 58";"2254695483";"2504717822";"04680654253975";"Куртка женская с утеплителем синтепух";"'47";"NortFolk";"Продается";;"1";"'4.90";;"2025-07-19 10:52:52";"Одежда";"Куртка";"'13.68";"'2.7";"5";"0";"0";"0";"0";"21990,00";"26900,00";;"5%";;
"433590Y21NB 260/21 68";"2254695514";"2504718157";"04660426875161";"Куртка женская с утеплителем синтепух";"'69.5";"NortFolk";"Продается";;"1";"'4.90";;"2025-07-19 10:52:52";"Одежда";"Куртка";"'13.68";"'2.7";"6";"0";"0";"0";"0";"23990,00";"28900,00";;"5%";;
"433590Y21N 260/21 46";"2254695520";"2504717203";"04660426874928";"Куртка женская с утеплителем синтепух";"'69.5";"NortFolk";"Продается";;"4";"'4.90";;"2025-07-19 10:52:52";"Одежда";"Куртка";"'13.68";"'2.7";"3";"0";"0";"0";"0";"21990,00";"26900,00";;"5%";;
"433590Y21NB 260/21 60";"2254695522";"2504717890";"04660426875123";"Куртка женская с утеплителем синтепух";"'69.5";"NortFolk";"Продается";;"4";"'4.90";;"2025-07-19 10:52:52";"Одежда";"Куртка";"'13.68";"'2.7";"3";"0";"0";"0";"0";"23990,00";"28900,00";;"5%";;
"433590Y21N FS/21 54";"2254695527";"2504718053";"04660426875055";"Куртка женская с утеплителем синтепух";"'47";"NortFolk";"Продается";;"2";"'4.90";;"2025-07-19 10:52:52";"Одежда";"Куртка";"'13.68";"'2.7";"4";"0";"0";"0";"0";"21990,00";"26900,00";;"5%";;
"433590Y21N FS/21 44";"2254695555";"2504718409";"04660426875000";"Куртка женская с утеплителем синтепух";"'47";"NortFolk";"Продается";;"2";"'4.90";;"2025-07-19 10:52:52";"Одежда";"Куртка";"'13.68";"'2.7";"5";"0";"0";"0";"0";"21990,00";"26900,00";;"5%";;
"433590Y21N FS/21 52";"2254695583";"2504718139";"04660426875048";"Куртка женская с утеплителем синтепух";"'47";"NortFolk";"Продается";;"2";"'4.90";;"2025-07-19 10:52:52";"Одежда";"Куртка";"'13.68";"'2.7";"5";"0";"0";"0";"0";"21990,00";"26900,00";;"5%";;
"433590Y21N FS/21 42";"2254695586";"2504718218";"04660426874997";"Куртка женская с утеплителем синтепух";"'47";"NortFolk";"Продается";;"2";"'4.90";;"2025-07-19 10:52:52";"Одежда";"Куртка";"'13.68";"'2.7";"5";"0";"0";"0";"0";"21990,00";"26900,00";;"5%";;
"433590Y21N FS/21 58";"2254695588";"2504718238";"04660426875079";"Куртка женская с утеплителем синтепух";"'47";"NortFolk";"Продается";;"2";"'4.90";;"2025-07-19 10:52:52";"Одежда";"Куртка";"'13.68";"'2.7";"5";"0";"0";"0";"0";"21990,00";"26900,00";;"5%";;
"433590Y21N 99/21 54";"2254695592";"2504718089";"04680654253951";"Куртка женская с утеплителем синтепух";"'47";"NortFolk";"Продается";;"2";"'4.90";;"2025-07-19 10:52:52";"Одежда";"Куртка";"'13.68";"'2.7";"5";"0";"0";"0";"0";"21990,00";"26900,00";;"5%";;
"433590Y21N 99/21 46";"2254695597";"2504718149";"04680654253913";"Куртка женская с утеплителем синтепух";"'47";"NortFolk";"Продается";;"5";"'4.90";;"2025-07-19 10:52:52";"Одежда";"Куртка";"'13.68";"'2.7";"6";"0";"0";"0";"0";"21990,00";"26900,00";;"5%";;
"433590Y21N 99/21 48";"2254695612";"2504717489";"04680654253920";"Куртка женская с утеплителем синтепух";"'47";"NortFolk";"Продается";;"5";"'4.90";;"2025-07-19 10:52:52";"Одежда";"Куртка";"'13.68";"'2.7";"7";"0";"0";"0";"0";"21990,00";"26900,00";;"5%";;
"433590Y21N 260/21 50";"2254695613";"2504717959";"04660426874942";"Куртка женская с утеплителем синтепух";"'69.5";"NortFolk";"Продается";;"4";"'4.90";;"2025-07-19 10:52:52";"Одежда";"Куртка";"'13.68";"'2.7";"8";"0";"0";"0";"0";"21990,00";"26900,00";;"5%";;
"433590Y21N FS/21 46";"2254695623";"2504717504";"04660426875017";"Куртка женская с утеплителем синтепух";"'47";"NortFolk";"Продается";;"3";"'4.90";;"2025-07-19 10:52:52";"Одежда";"Куртка";"'13.68";"'2.7";"5";"0";"0";"0";"0";"21990,00";"26900,00";;"5%";;
"433590Y21N 99/21 50";"2254695624";"2504718047";"04680654253937";"Куртка женская с утеплителем синтепух";"'47";"NortFolk";"Продается";;"4";"'4.90";;"2025-07-19 10:52:52";"Одежда";"Куртка";"'13.68";"'2.7";"5";"0";"0";"0";"0";"21990,00";"26900,00";;"5%";;
"433590Y21N 99/21 56";"2254695626";"2504717955";"04680654253968";"Куртка женская с утеплителем синтепух";"'47";"NortFolk";"Продается";;"5";"'4.90";;"2025-07-19 10:52:52";"Одежда";"Куртка";"'13.68";"'2.7";"4";"0";"0";"0";"0";"21990,00";"26900,00";;"5%";;
"433590Y21N 99/21 44";"2254695656";"2504718200";"04680654253906";"Куртка женская с утеплителем синтепух";"'47";"NortFolk";"Продается";;"2";"'4.90";;"2025-07-19 10:52:53";"Одежда";"Куртка";"'13.68";"'2.7";"5";"0";"0";"0";"0";"21990,00";"26900,00";;"5%";;
"433590Y21NB 260/21 64";"2254695657";"2504718094";"04660426875147";"Куртка женская с утеплителем синтепух";"'69.5";"NortFolk";"Продается";;"3";"'4.90";;"2025-07-19 10:52:53";"Одежда";"Куртка";"'13.68";"'2.7";"4";"0";"0";"0";"0";"23990,00";"28900,00";;"5%";;
"433590Y21N 260/21 52";"2254695670";"2504717204";"04660426874959";"Куртка женская с утеплителем синтепух";"'69.5";"NortFolk";"Продается";;"7";"'4.90";;"2025-07-19 10:52:53";"Одежда";"Куртка";"'13.68";"'2.7";"4";"0";"0";"0";"0";"21990,00";"26900,00";;"5%";;
"433590Y21N FS/21 50";"2254695687";"2504717886";"04660426875031";"Куртка женская с утеплителем синтепух";"'47";"NortFolk";"Продается";;"2";"'4.90";;"2025-07-19 10:52:53";"Одежда";"Куртка";"'13.68";"'2.7";"5";"0";"0";"0";"0";"21990,00";"26900,00";;"5%";;
"433590Y21NB 260/21 70";"2254695694";"2504717438";"04660426875178";"Куртка женская с утеплителем синтепух";"'69.5";"NortFolk";"Продается";;"2";"'4.90";;"2025-07-19 10:52:53";"Одежда";"Куртка";"'13.68";"'2.7";"4";"0";"0";"0";"0";"23990,00";"28900,00";;"5%";;
"433590Y21N FS/21 56";"2254695698";"2504717933";"04660426875062";"Куртка женская с утеплителем синтепух";"'47";"NortFolk";"Продается";;"3";"'4.90";;"2025-07-19 10:52:53";"Одежда";"Куртка";"'13.68";"'2.7";"6";"0";"0";"0";"0";"21990,00";"26900,00";;"5%";;
"433590Y21N 99/21 42";"2254695701";"2504718212";"04680654253890";"Куртка женская с утеплителем синтепух";"'47";"NortFolk";"Продается";;"3";"'4.90";;"2025-07-19 10:52:53";"Одежда";"Куртка";"'13.68";"'2.7";"5";"0";"0";"0";"0";"21990,00";"26900,00";;"5%";;
"433590Y21N 260/21 44";"2254695703";"2504718421";"04660426875093";"Куртка женская с утеплителем синтепух";"'69.5";"NortFolk";"Продается";;"3";"'4.90";;"2025-07-19 10:52:53";"Одежда";"Куртка";"'13.68";"'2.7";"5";"0";"0";"0";"0";"21990,00";"26900,00";;"5%";;
"433590Y21N 260/21 42";"2254695708";"2504718397";"04660426875086";"Куртка женская с утеплителем синтепух";"'69.5";"NortFolk";"Продается";;"2";"'4.90";;"2025-07-19 10:52:53";"Одежда";"Куртка";"'13.68";"'2.7";"5";"0";"0";"0";"0";"21990,00";"26900,00";;"5%";;
"433590Y21NB 260/21 62";"2254695714";"2504718213";"04660426875130";"Куртка женская с утеплителем синтепух";"'69.5";"NortFolk";"Продается";;"1";"'4.90";;"2025-07-19 10:52:53";"Одежда";"Куртка";"'13.68";"'2.7";"3";"0";"0";"0";"0";"23990,00";"28900,00";;"5%";;
"433590Y21N FS/21 48";"2254695737";"2504717881";"04660426875024";"Куртка женская с утеплителем синтепух";"'47";"NortFolk";"Продается";;"2";"'4.90";;"2025-07-19 10:52:53";"Одежда";"Куртка";"'13.68";"'2.7";"5";"0";"0";"0";"0";"21990,00";"26900,00";;"5%";;
"433590Y21NB 260/21 66";"2254695762";"2504718195";"04660426875154";"Куртка женская с утеплителем синтепух";"'69.5";"NortFolk";"Продается";;"2";"'4.90";;"2025-07-19 10:52:53";"Одежда";"Куртка";"'13.68";"'2.7";"4";"0";"0";"0";"0";"23990,00";"28900,00";;"5%";;
"SU18725 HR981 50";"2255202071";"2505042230";"04630308301705";"Парка мужская на синтепухе";"'43.5";"Shark Force";"Готов к продаже";;"3";"'5.00";;"2025-07-19 12:42:53";"Одежда";"Куртка";"'18.90";"'3.8";"0";"0";"0";"0";"0";"30900,00";"49999,00";;"5%";;
"SU18725 HR981 54";"2255202075";"2505042379";"04630308301729";"Парка мужская на синтепухе";"'43.5";"Shark Force";"Готов к продаже";;"2";"'5.00";;"2025-07-19 12:42:53";"Одежда";"Куртка";"'18.90";"'3.8";"0";"0";"0";"0";"0";"30900,00";"49999,00";;"5%";;
"SU18725 HR433 48";"2255202076";"2505042278";"04660426941835";"Парка мужская на синтепухе";"'75";"Shark Force";"Готов к продаже";;"2";"'5.00";;"2025-07-19 12:42:53";"Одежда";"Куртка";"'18.90";"'3.8";"0";"0";"0";"0";"0";"30900,00";"49999,00";;"5%";;
"SU18725 HR981 58";"2255202084";"2505042070";"04630308301743";"Парка мужская на синтепухе";"'43.5";"Shark Force";"Продается";;"2";"'5.00";;"2025-07-19 12:42:54";"Одежда";"Куртка";"'18.90";"'3.8";"1";"0";"0";"0";"0";"30900,00";"49999,00";;"5%";;
"626280Y20N 25/21 54";"2255202085";"2505042327";"04660426875949";"Куртка женская зимняя стеганая на синтепоне с мехом";"'87.5";"NortFolk";"Продается";;"3";"'4.90";;"2025-07-19 12:42:54";"Одежда";"Куртка";"'17.55";"'3.5";"4";"0";"0";"0";"0";"24900,00";"49990,00";;"5%";;
"626280Y20N 137/21 58";"2255202088";"2505042209";"04660426876205";"Куртка женская зимняя стеганая на синтепоне с мехом";"'87.5";"NortFolk";"Продается";;"2";"'4.90";;"2025-07-19 12:42:54";"Одежда";"Куртка";"'17.55";"'3.5";"4";"0";"0";"0";"0";"24900,00";"49990,00";;"5%";;
"626280Y20N 77-2/21 56";"2255202090";"2505042335";"04660426876038";"Куртка женская зимняя стеганая на синтепоне с мехом";"'87.5";"NortFolk";"Продается";;"1";"'4.90";;"2025-07-19 12:42:54";"Одежда";"Куртка";"'17.55";"'3.5";"4";"0";"0";"0";"0";"24900,00";"49990,00";;"5%";;
"626280Y20N FS/21 52";"2255202093";"2505042322";"04660426875857";"Куртка женская зимняя стеганая на синтепоне с мехом";"'87.5";"NortFolk";"Продается";;"2";"'4.90";;"2025-07-19 12:42:54";"Одежда";"Куртка";"'17.55";"'3.5";"4";"0";"0";"0";"0";"24900,00";"49990,00";;"5%";;
"SU18725 HR90 52";"2255202094";"2505042267";"04630308301644";"Парка мужская на синтепухе";"'34.5";"Shark Force";"Готов к продаже";;"2";"'5.00";;"2025-07-19 12:42:54";"Одежда";"Куртка";"'18.90";"'3.8";"0";"0";"0";"0";"0";"30900,00";"49999,00";;"5%";;
"626280Y20N 98/21 52";"2255202100";"2505042082";"04660426876090";"Куртка женская зимняя стеганая на синтепоне с мехом";"'87.5";"NortFolk";"Продается";;"3";"'4.90";;"2025-07-19 12:42:54";"Одежда";"Куртка";"'17.55";"'3.5";"7";"0";"0";"0";"0";"24900,00";"49990,00";;"5%";;
"SU18725 HR433 54";"2255202102";"2505042474";"04660426941866";"Парка мужская на синтепухе";"'75";"Shark Force";"Готов к продаже";;"1";"'5.00";;"2025-07-19 12:42:54";"Одежда";"Куртка";"'18.90";"'3.8";"0";"0";"0";"0";"0";"30900,00";"49999,00";;"5%";;
"SU18725 HR981 46";"2255202104";"2505042258";"04630308301682";"Парка мужская на синтепухе";"'43.5";"Shark Force";"Готов к продаже";;"0";"'5.00";;"2025-07-19 12:42:54";"Одежда";"Куртка";"'18.90";"'3.8";"0";"0";"0";"0";"0";"30900,00";"49999,00";;"5%";;
"626280Y20N 98/98 56";"2255202105";"2505042189";"04660426876274";"Куртка женская зимняя стеганая на синтепоне с мехом";"'87.5";"NortFolk";"Продается";;"3";"'4.90";;"2025-07-19 12:42:54";"Одежда";"Куртка";"'17.55";"'3.5";"4";"0";"0";"0";"0";"24900,00";"49990,00";;"5%";;
"626280Y20N 137/21 48";"2255202108";"2505042384";"04660426876151";"Куртка женская зимняя стеганая на синтепоне с мехом";"'87.5";"NortFolk";"Продается";;"8";"'4.90";;"2025-07-19 12:42:54";"Одежда";"Куртка";"'17.55";"'3.5";"4";"0";"0";"0";"0";"24900,00";"49990,00";;"5%";;
"626280Y20N 98/98 48";"2255202118";"2505042088";"04660426876236";"Куртка женская зимняя стеганая на синтепоне с мехом";"'87.5";"NortFolk";"Продается";;"3";"'4.90";;"2025-07-19 12:42:54";"Одежда";"Куртка";"'17.55";"'3.5";"5";"1";"0";"0";"0";"24900,00";"49990,00";;"5%";;
"626280Y20N FS/21 46";"2255202119";"2505042364";"04660426875826";"Куртка женская зимняя стеганая на синтепоне с мехом";"'87.5";"NortFolk";"Продается";;"1";"'4.90";;"2025-07-19 12:42:54";"Одежда";"Куртка";"'17.55";"'3.5";"3";"0";"0";"0";"0";"24900,00";"49990,00";;"5%";;
"626280Y20N FS/21 54";"2255202120";"2505042285";"04660426875864";"Куртка женская зимняя стеганая на синтепоне с мехом";"'87.5";"NortFolk";"Продается";;"2";"'4.90";;"2025-07-19 12:42:54";"Одежда";"Куртка";"'17.55";"'3.5";"5";"0";"0";"0";"0";"24900,00";"49990,00";;"5%";;
"626280Y20N FS/21 48";"2255202137";"2505042406";"04660426875833";"Куртка женская зимняя стеганая на синтепоне с мехом";"'87.5";"NortFolk";"Продается";;"3";"'4.90";;"2025-07-19 12:42:55";"Одежда";"Куртка";"'17.55";"'3.5";"4";"0";"0";"0";"0";"24900,00";"49990,00";;"5%";;
"626280Y20N 77-2/21 52";"2255202160";"2505042109";"04660426876014";"Куртка женская зимняя стеганая на синтепоне с мехом";"'87.5";"NortFolk";"Продается";;"4";"'4.90";;"2025-07-19 12:42:55";"Одежда";"Куртка";"'17.55";"'3.5";"3";"0";"0";"0";"0";"24900,00";"49990,00";;"5%";;
"626280Y20N 25/21 56";"2255202181";"2505042443";"04660426875956";"Куртка женская зимняя стеганая на синтепоне с мехом";"'87.5";"NortFolk";"Продается";;"3";"'4.90";;"2025-07-19 12:42:56";"Одежда";"Куртка";"'17.55";"'3.5";"3";"0";"0";"0";"0";"24900,00";"49990,00";;"5%";;
"626280Y20N 77-2/21 54";"2255202182";"2505042321";"04660426876021";"Куртка женская зимняя стеганая на синтепоне с мехом";"'87.5";"NortFolk";"Продается";;"1";"'4.90";;"2025-07-19 12:42:56";"Одежда";"Куртка";"'17.55";"'3.5";"3";"0";"0";"0";"0";"24900,00";"49990,00";;"5%";;
"626280Y20N 98/21 58";"2255202184";"2505042397";"04660426876120";"Куртка женская зимняя стеганая на синтепоне с мехом";"'87.5";"NortFolk";"Продается";;"1";"'4.90";;"2025-07-19 12:42:56";"Одежда";"Куртка";"'17.55";"'3.5";"4";"0";"0";"0";"0";"24900,00";"49990,00";;"5%";;
"626280Y20N 25/21 58";"2255202185";"2505042463";"04660426875963";"Куртка женская зимняя стеганая на синтепоне с мехом";"'87.5";"NortFolk";"Продается";;"1";"'4.90";;"2025-07-19 12:42:56";"Одежда";"Куртка";"'17.55";"'3.5";"4";"0";"0";"0";"0";"24900,00";"49990,00";;"5%";;
"626280Y20N FS/21 58";"2255202189";"2505042236";"04660426875888";"Куртка женская зимняя стеганая на синтепоне с мехом";"'87.5";"NortFolk";"Продается";;"2";"'4.90";;"2025-07-19 12:42:56";"Одежда";"Куртка";"'17.55";"'3.5";"4";"0";"0";"0";"0";"24900,00";"49990,00";;"5%";;
"626280Y20N 98/98 54";"2255202193";"2505042526";"04660426876267";"Куртка женская зимняя стеганая на синтепоне с мехом";"'87.5";"NortFolk";"Продается";;"3";"'4.90";;"2025-07-19 12:42:56";"Одежда";"Куртка";"'17.55";"'3.5";"1";"0";"0";"0";"0";"24900,00";"49990,00";;"5%";;
"SU18725 HR981 56";"2255202194";"2505042419";"04630308301736";"Парка мужская на синтепухе";"'43.5";"Shark Force";"Готов к продаже";;"2";"'5.00";;"2025-07-19 12:42:56";"Одежда";"Куртка";"'18.90";"'3.8";"0";"0";"0";"0";"0";"30900,00";"49999,00";;"5%";;
"626280Y20N 25/21 50";"2255202196";"2505042003";"04660426875925";"Куртка женская зимняя стеганая на синтепоне с мехом";"'87.5";"NortFolk";"Продается";;"3";"'4.90";;"2025-07-19 12:42:56";"Одежда";"Куртка";"'17.55";"'3.5";"4";"0";"0";"0";"0";"24900,00";"49990,00";;"5%";;
"SU18725 HR90 50";"2255202197";"2505042337";"04630308301637";"Парка мужская на синтепухе";"'34.5";"Shark Force";"Готов к продаже";;"1";"'5.00";;"2025-07-19 12:42:56";"Одежда";"Куртка";"'18.90";"'3.8";"0";"0";"0";"0";"0";"30900,00";"49999,00";;"5%";;
"SU18725 HR981 52";"2255202199";"2505042269";"04630308301712";"Парка мужская на синтепухе";"'43.5";"Shark Force";"Готов к продаже";;"1";"'5.00";;"2025-07-19 12:42:56";"Одежда";"Куртка";"'18.90";"'3.8";"0";"0";"0";"0";"0";"30900,00";"49999,00";;"5%";;
"626280Y20N 25/21 52";"2255202203";"2505042346";"04660426875932";"Куртка женская зимняя стеганая на синтепоне с мехом";"'87.5";"NortFolk";"Продается";;"2";"'4.90";;"2025-07-19 12:42:56";"Одежда";"Куртка";"'17.55";"'3.5";"4";"0";"0";"0";"0";"24900,00";"49990,00";;"5%";;
"SU18725 HR361 54";"2255202209";"2505042459";"04630308301798";"Парка мужская на синтепухе";"'34.5";"Shark Force";"Готов к продаже";;"1";"'5.00";;"2025-07-19 12:42:56";"Одежда";"Куртка";"'18.90";"'3.8";"0";"0";"0";"0";"0";"30900,00";"49999,00";;"5%";;
"626280Y20N 137/21 52";"2255202212";"2505042344";"04660426876175";"Куртка женская зимняя стеганая на синтепоне с мехом";"'87.5";"NortFolk";"Продается";;"8";"'4.90";;"2025-07-19 12:42:56";"Одежда";"Куртка";"'17.55";"'3.5";"3";"0";"0";"0";"0";"24900,00";"49990,00";;"5%";;
"626280Y20N 98/21 48";"2255202217";"2505042412";"04660426876076";"Куртка женская зимняя стеганая на синтепоне с мехом";"'87.5";"NortFolk";"Продается";;"2";"'4.90";;"2025-07-19 12:42:56";"Одежда";"Куртка";"'17.55";"'3.5";"4";"0";"0";"0";"0";"24900,00";"49990,00";;"5%";;
"626280Y20N 77-2/21 48";"2255202219";"2505042449";"04660426875994";"Куртка женская зимняя стеганая на синтепоне с мехом";"'87.5";"NortFolk";"Продается";;"6";"'4.90";;"2025-07-19 12:42:56";"Одежда";"Куртка";"'17.55";"'3.5";"8";"0";"0";"0";"0";"24900,00";"49990,00";;"5%";;
"SU18725 HR433 46";"2255202221";"2505042465";"04660426941828";"Парка мужская на синтепухе";"'75";"Shark Force";"Готов к продаже";;"1";"'5.00";;"2025-07-19 12:42:56";"Одежда";"Куртка";"'18.90";"'3.8";"0";"0";"0";"0";"0";"30900,00";"49999,00";;"5%";;
"626280Y20N 77-2/21 50";"2255202223";"2505042215";"04660426876007";"Куртка женская зимняя стеганая на синтепоне с мехом";"'87.5";"NortFolk";"Продается";;"2";"'4.90";;"2025-07-19 12:42:56";"Одежда";"Куртка";"'17.55";"'3.5";"6";"0";"0";"0";"0";"24900,00";"49990,00";;"5%";;
"626280Y20N 98/98 52";"2255202227";"2505042669";"04660426876250";"Куртка женская зимняя стеганая на синтепоне с мехом";"'47";"NortFolk";"Продается";;"3";"'4.90";;"2025-07-19 12:42:56";"Одежда";"Куртка";"'17.55";"'3.5";"3";"0";"0";"0";"0";"24900,00";"49990,00";;"5%";;
"626280Y20N 77-2/21 46";"2255202239";"2505042197";"04660426875987";"Куртка женская зимняя стеганая на синтепоне с мехом";"'87.5";"NortFolk";"Продается";;"1";"'4.90";;"2025-07-19 12:42:56";"Одежда";"Куртка";"'17.55";"'3.5";"4";"0";"0";"0";"0";"24900,00";"49990,00";;"5%";;
"626280Y20N 98/21 54";"2255202243";"2505042159";"04660426876106";"Куртка женская зимняя стеганая на синтепоне с мехом";"'87.5";"NortFolk";"Продается";;"2";"'4.90";;"2025-07-19 12:42:56";"Одежда";"Куртка";"'17.55";"'3.5";"5";"0";"0";"0";"0";"24900,00";"49990,00";;"5%";;
"SU18725 HR433 58";"2255202244";"2505042498";"04660426941880";"Парка мужская на синтепухе";"'75";"Shark Force";"Готов к продаже";;"1";"'5.00";;"2025-07-19 12:42:56";"Одежда";"Куртка";"'18.90";"'3.8";"0";"0";"0";"0";"0";"30900,00";"49999,00";;"5%";;
"626280Y20N 98/21 44";"2255202249";"2505042530";"04660426876052";"Куртка женская зимняя стеганая на синтепоне с мехом";"'87.5";"NortFolk";"Продается";;"3";"'4.90";;"2025-07-19 12:42:56";"Одежда";"Куртка";"'17.55";"'3.5";"4";"0";"0";"0";"0";"24900,00";"49990,00";;"5%";;
"626280Y20N 137/21 44";"2255202259";"2505042628";"04660426876137";"Куртка женская зимняя стеганая на синтепоне с мехом";"'87.5";"NortFolk";"Продается";;"2";"'4.90";;"2025-07-19 12:42:56";"Одежда";"Куртка";"'17.55";"'3.5";"4";"0";"0";"0";"0";"24900,00";"49990,00";;"5%";;
"626280Y20N FS/21 50";"2255202263";"2505042350";"04660426875840";"Куртка женская зимняя стеганая на синтепоне с мехом";"'87.5";"NortFolk";"Продается";;"1";"'4.90";;"2025-07-19 12:42:56";"Одежда";"Куртка";"'17.55";"'3.5";"4";"0";"0";"0";"0";"24900,00";"49990,00";;"5%";;
"626280Y20N 98/98 58";"2255202268";"2505042360";"04660426876281";"Куртка женская зимняя стеганая на синтепоне с мехом";"'87.5";"NortFolk";"Продается";;"2";"'4.90";;"2025-07-19 12:42:56";"Одежда";"Куртка";"'17.55";"'3.5";"4";"0";"0";"0";"0";"24900,00";"49990,00";;"5%";;
"626280Y20N 98/98 50";"2255202281";"2505042141";"04660426876243";"Куртка женская зимняя стеганая на синтепоне с мехом";"'87.5";"NortFolk";"Продается";;"4";"'4.90";;"2025-07-19 12:42:56";"Одежда";"Куртка";"'17.55";"'3.5";"2";"0";"0";"0";"0";"24900,00";"49990,00";;"5%";;
"SU18725 HR361 52";"2255202283";"2505042390";"04630308301781";"Парка мужская на синтепухе";"'34.5";"Shark Force";"Готов к продаже";;"3";"'5.00";;"2025-07-19 12:42:56";"Одежда";"Куртка";"'18.90";"'3.8";"0";"0";"0";"0";"0";"30900,00";"49999,00";;"5%";;
"626280Y20N FS/21 44";"2255202284";"2505042265";"04660426875819";"Куртка женская зимняя стеганая на синтепоне с мехом";"'69.5";"NortFolk";"Продается";;"2";"'4.90";;"2025-07-19 12:42:56";"Одежда";"Куртка";"'17.55";"'3.5";"3";"0";"0";"0";"0";"24900,00";"49990,00";;"5%";;
"626280Y20N 77-2/21 44";"2255202289";"2505042341";"04660426875970";"Куртка женская зимняя стеганая на синтепоне с мехом";"'87.5";"NortFolk";"Продается";;"1";"'4.90";;"2025-07-19 12:42:56";"Одежда";"Куртка";"'17.55";"'3.5";"4";"0";"0";"0";"0";"24900,00";"49990,00";;"5%";;
"SU18725 HR90 56";"2255202291";"2505042414";"04630308301668";"Парка мужская на синтепухе";"'34.5";"Shark Force";"Готов к продаже";;"1";"'5.00";;"2025-07-19 12:42:56";"Одежда";"Куртка";"'18.90";"'3.8";"0";"0";"0";"0";"0";"30900,00";"49999,00";;"5%";;
"626280Y20N 137/21 54";"2255202296";"2505042372";"04660426876182";"Куртка женская зимняя стеганая на синтепоне с мехом";"'87.5";"NortFolk";"Продается";;"5";"'4.90";;"2025-07-19 12:42:56";"Одежда";"Куртка";"'17.55";"'3.5";"4";"0";"0";"0";"0";"24900,00";"49990,00";;"5%";;
"SU18725 HR90 54";"2255202305";"2505042612";"04630308301651";"Парка мужская на синтепухе";"'34.5";"Shark Force";"Готов к продаже";;"0";"'5.00";;"2025-07-19 12:42:56";"Одежда";"Куртка";"'18.90";"'3.8";"0";"0";"0";"0";"0";"30900,00";"49999,00";;"5%";;
"626280Y20N 98/98 46";"2255202315";"2505042461";"04660426876229";"Куртка женская зимняя стеганая на синтепоне с мехом";"'87.5";"NortFolk";"Продается";;"1";"'4.90";;"2025-07-19 12:42:56";"Одежда";"Куртка";"'17.55";"'3.5";"2";"0";"0";"0";"0";"24900,00";"49990,00";;"5%";;
"626280Y20N 25/21 48";"2255202326";"2505042336";"04660426875918";"Куртка женская зимняя стеганая на синтепоне с мехом";"'87.5";"NortFolk";"Продается";;"4";"'4.90";;"2025-07-19 12:42:56";"Одежда";"Куртка";"'17.55";"'3.5";"4";"0";"0";"0";"0";"24900,00";"49990,00";;"5%";;
"SU18725 HR361 50";"2255202330";"2505042467";"04630308301774";"Парка мужская на синтепухе";"'34.5";"Shark Force";"Готов к продаже";;"1";"'5.00";;"2025-07-19 12:42:56";"Одежда";"Куртка";"'18.90";"'3.8";"0";"0";"0";"0";"0";"30900,00";"49999,00";;"5%";;
"SU18725 HR433 52";"2255202349";"2505042648";"04660426941859";"Парка мужская на синтепухе";"'75";"Shark Force";"Готов к продаже";;"2";"'5.00";;"2025-07-19 12:42:56";"Одежда";"Куртка";"'18.90";"'3.8";"0";"0";"0";"0";"0";"30900,00";"49999,00";;"5%";;
"626280Y20N 98/21 50";"2255202350";"2505042454";"04660426876083";"Куртка женская зимняя стеганая на синтепоне с мехом";"'87.5";"NortFolk";"Продается";;"3";"'4.90";;"2025-07-19 12:42:56";"Одежда";"Куртка";"'17.55";"'3.5";"2";"0";"0";"0";"0";"24900,00";"49990,00";;"5%";;
"626280Y20N FS/21 56";"2255202364";"2505042235";"04660426875871";"Куртка женская зимняя стеганая на синтепоне с мехом";"'87.5";"NortFolk";"Продается";;"1";"'4.90";;"2025-07-19 12:42:56";"Одежда";"Куртка";"'17.55";"'3.5";"4";"0";"0";"0";"0";"24900,00";"49990,00";;"5%";;
"SU18725 HR433 56";"2255202368";"2505042292";"04660426941873";"Парка мужская на синтепухе";"'75";"Shark Force";"Готов к продаже";;"1";"'5.00";;"2025-07-19 12:42:56";"Одежда";"Куртка";"'18.90";"'3.8";"0";"0";"0";"0";"0";"30900,00";"49999,00";;"5%";;
"SU18725 HR433 50";"2255202375";"2505042453";"04660426941842";"Парка мужская на синтепухе";"'75";"Shark Force";"Готов к продаже";;"2";"'5.00";;"2025-07-19 12:42:57";"Одежда";"Куртка";"'18.90";"'3.8";"0";"0";"0";"0";"0";"30900,00";"49999,00";;"5%";;
"626280Y20N 25/21 46";"2255202376";"2505042501";"04660426875901";"Куртка женская зимняя стеганая на синтепоне с мехом";"'87.5";"NortFolk";"Продается";;"3";"'4.90";;"2025-07-19 12:42:57";"Одежда";"Куртка";"'17.55";"'3.5";"2";"0";"0";"0";"0";"24900,00";"49990,00";;"5%";;
"626280Y20N 137/21 50";"2255202411";"2505042340";"04660426876168";"Куртка женская зимняя стеганая на синтепоне с мехом";"'87.5";"NortFolk";"Продается";;"4";"'4.90";;"2025-07-19 12:42:58";"Одежда";"Куртка";"'17.55";"'3.5";"4";"0";"0";"0";"0";"24900,00";"49990,00";;"5%";;
"626280Y20N 77-2/21 58";"2255202436";"2505042476";"04660426876045";"Куртка женская зимняя стеганая на синтепоне с мехом";"'87.5";"NortFolk";"Продается";;"2";"'4.90";;"2025-07-19 12:42:58";"Одежда";"Куртка";"'17.55";"'3.5";"4";"0";"0";"0";"0";"24900,00";"49990,00";;"5%";;
"626280Y20N 25/21 44";"2255202448";"2505042218";"04660426875895";"Куртка женская зимняя стеганая на синтепоне с мехом";"'87.5";"NortFolk";"Продается";;"1";"'4.90";;"2025-07-19 12:42:58";"Одежда";"Куртка";"'17.55";"'3.5";"8";"0";"0";"0";"0";"24900,00";"49990,00";;"5%";;
"626280Y20N 98/21 56";"2255202474";"2505042444";"04660426876113";"Куртка женская зимняя стеганая на синтепоне с мехом";"'87.5";"NortFolk";"Продается";;"3";"'4.90";;"2025-07-19 12:42:58";"Одежда";"Куртка";"'17.55";"'3.5";"4";"0";"0";"0";"0";"24900,00";"49990,00";;"5%";;
"SU18725 HR981 48";"2255202477";"2505042458";"04630308301699";"Парка мужская на синтепухе";"'43.5";"Shark Force";"Готов к продаже";;"1";"'5.00";;"2025-07-19 12:42:58";"Одежда";"Куртка";"'18.90";"'3.8";"0";"0";"0";"0";"0";"30900,00";"49999,00";;"5%";;
"SU18725 HR361 56";"2255202478";"2505042641";"04630308301804";"Парка мужская на синтепухе";"'34.5";"Shark Force";"Готов к продаже";;"1";"'5.00";;"2025-07-19 12:42:58";"Одежда";"Куртка";"'18.90";"'3.8";"0";"0";"0";"0";"0";"30900,00";"49999,00";;"5%";;
"626280Y20N 137/21 46";"2255202493";"2505042205";"04660426876144";"Куртка женская зимняя стеганая на синтепоне с мехом";"'87.5";"NortFolk";"Продается";;"1";"'4.90";;"2025-07-19 12:42:58";"Одежда";"Куртка";"'17.55";"'3.5";"4";"0";"0";"0";"0";"24900,00";"49990,00";;"5%";;
"626280Y20N 98/21 46";"2255202499";"2505042658";"04660426876069";"Куртка женская зимняя стеганая на синтепоне с мехом";"'87.5";"NortFolk";"Продается";;"3";"'4.90";;"2025-07-19 12:42:58";"Одежда";"Куртка";"'17.55";"'3.5";"5";"0";"0";"0";"0";"24900,00";"49990,00";;"5%";;
"626280Y20N 98/98 44";"2255202500";"2505042733";"04660426876212";"Куртка женская зимняя стеганая на синтепоне с мехом";"'47";"NortFolk";"Продается";;"2";"'4.90";;"2025-07-19 12:42:58";"Одежда";"Куртка";"'17.55";"'3.5";"4";"0";"0";"0";"0";"24900,00";"49990,00";;"5%";;
"626280Y20N 137/21 56";"2255202502";"2505042479";"04660426876199";"Куртка женская зимняя стеганая на синтепоне с мехом";"'87.5";"NortFolk";"Продается";;"4";"'4.90";;"2025-07-19 12:42:58";"Одежда";"Куртка";"'17.55";"'3.5";"4";"0";"0";"0";"0";"24900,00";"49990,00";;"5%";;
"507161N22N 99 58";"2296916924";"2537953217";"04680806026303";"Куртка зимняя NortFolk";"'87.5";"NortFolk";"Продается";;"1";"'4.90";;"2025-07-24 10:57:59";"Одежда";"Куртка";"'31.50";"'6.3";"4";"0";"0";"0";"0";"20900,00";"45850,00";;"5%";;
"527161N15N 111-1 56";"2296916925";"2537953384";"04680806027782";"Куртка еврозима NortFolk";"'60";"NortFolk";"Продается";;"2";"'5.00";;"2025-07-24 10:57:59";"Одежда";"Куртка";"'31.50";"'6.3";"1";"0";"0";"0";"0";"23150,00";"45850,00";;"5%";;
"527161N15N 99 58";"2296916927";"2537952369";"04680806027843";"Куртка еврозима NortFolk";"'60";"NortFolk";"Готов к продаже";;"3";"'5.00";;"2025-07-24 10:57:59";"Одежда";"Куртка";"'31.50";"'6.3";"0";"0";"0";"0";"0";"23150,00";"45850,00";;"5%";;
"527161N15N 99 46";"2296916929";"2537952301";"04680806028055";"Куртка еврозима NortFolk";"'60";"NortFolk";"Продается";;"0";"'5.00";;"2025-07-24 10:57:59";"Одежда";"Куртка";"'31.50";"'6.3";"4";"0";"0";"0";"0";"23150,00";"45850,00";;"5%";;
"737951N10CB 99 68";"2296916930";"2537951789";"04680806036760";"Куртка мужская демисезонная City Classic";"'4.5";"City Classic";"Продается";;"0";"'4.90";;"2025-07-24 10:57:59";"Одежда";"Куртка";"'18.90";"'3.8";"3";"0";"0";"0";"0";"16900,00";"23500,00";;"5%";;
"507161N22N 97 58";"2296916931";"2537954523";"04680806026372";"Куртка зимняя NortFolk";"'87.5";"NortFolk";"Продается";;"0";"'4.90";;"2025-07-24 10:57:59";"Одежда";"Куртка";"'31.50";"'6.3";"5";"0";"0";"0";"0";"20900,00";"45850,00";;"5%";;
"737951N10CB 99 70";"2296916932";"2537953048";"04680806036777";"Куртка мужская демисезонная City Classic";"'4.5";"City Classic";"Продается";;"0";"'4.90";;"2025-07-24 10:57:59";"Одежда";"Куртка";"'18.90";"'3.8";"2";"0";"0";"0";"0";"16900,00";"23500,00";;"5%";;
"507161N22N 97 50";"2296916935";"2537951773";"04680806026334";"Куртка зимняя NortFolk";"'87.5";"NortFolk";"Продается";;"2";"'4.90";;"2025-07-24 10:57:59";"Одежда";"Куртка";"'31.50";"'6.3";"4";"0";"0";"0";"0";"20900,00";"45850,00";;"5%";;
"507161N22N 99 52";"2296916936";"2537952752";"04680806026273";"Куртка зимняя NortFolk";"'87.5";"NortFolk";"Продается";;"5";"'4.90";;"2025-07-24 10:57:59";"Одежда";"Куртка";"'31.50";"'6.3";"4";"0";"0";"0";"0";"20900,00";"45850,00";;"5%";;
"737951N10C 99 52";"2296916937";"2537952892";"04680806036500";"Куртка мужская демисезонная City Classic";"'4.5";"City Classic";"Продается";;"4";"'4.90";;"2025-07-24 10:57:59";"Одежда";"Куртка";"'18.90";"'3.8";"5";"0";"0";"0";"0";"15900,00";"22500,00";;"5%";;
"527161N15NB 99 60";"2296916938";"2537954001";"04680806028079";"Куртка большие размеры еврозима NortFolk";"'60";"NortFolk";"Продается";;"1";"'4.80";;"2025-07-24 10:57:59";"Одежда";"Куртка";"'31.50";"'6.3";"2";"0";"0";"0";"0";"22650,00";"45850,00";;"5%";;
"527161N15NB 99 68";"2296916939";"2537952968";"04680806028185";"Куртка большие размеры еврозима NortFolk";"'60";"NortFolk";"Готов к продаже";;"1";"'4.80";;"2025-07-24 10:57:59";"Одежда";"Куртка";"'31.50";"'6.3";"0";"0";"0";"0";"0";"22650,00";"45850,00";;"5%";;
"527161N15NB 111-1 64";"2296916940";"2537952456";"04680806028277";"Куртка большие размеры еврозима NortFolk";"'60";"NortFolk";"Продается";;"1";"'4.80";;"2025-07-24 10:57:59";"Одежда";"Куртка";"'31.50";"'6.3";"2";"0";"0";"0";"0";"22650,00";"45850,00";;"5%";;
"507161N22N 753 56";"2296916941";"2537953424";"04680806026433";"Куртка зимняя NortFolk";"'87.5";"NortFolk";"Продается";;"2";"'4.90";;"2025-07-24 10:57:59";"Одежда";"Куртка";"'31.50";"'6.3";"2";"0";"0";"0";"0";"20900,00";"45850,00";;"5%";;
"507161N22N 753 50";"2296916942";"2537952002";"04680806026402";"Куртка зимняя NortFolk";"'87.5";"NortFolk";"Готов к продаже";;"2";"'4.90";;"2025-07-24 10:57:59";"Одежда";"Куртка";"'31.50";"'6.3";"0";"0";"0";"0";"0";"20900,00";"45850,00";;"5%";;
"507161N22N 753 52";"2296916943";"2537953523";"04680806026419";"Куртка зимняя NortFolk";"'87.5";"NortFolk";"Продается";;"1";"'4.90";;"2025-07-24 10:57:59";"Одежда";"Куртка";"'31.50";"'6.3";"1";"0";"0";"0";"0";"20900,00";"45850,00";;"5%";;
"737951N10CB 99 66";"2296916946";"2537952996";"04680806036753";"Куртка мужская демисезонная City Classic";"'4.5";"City Classic";"Продается";;"1";"'4.90";;"2025-07-24 10:57:59";"Одежда";"Куртка";"'18.90";"'3.8";"3";"0";"0";"0";"0";"16900,00";"23500,00";;"5%";;
"507161N22N 753 54";"2296916947";"2537953500";"04680806026426";"Куртка зимняя NortFolk";"'87.5";"NortFolk";"Готов к продаже";;"2";"'4.90";;"2025-07-24 10:57:59";"Одежда";"Куртка";"'31.50";"'6.3";"0";"0";"0";"0";"0";"20900,00";"45850,00";;"5%";;
"507161N22N 97 46";"2296916949";"2537952328";"04680806026310";"Куртка зимняя NortFolk";"'87.5";"NortFolk";"Продается";;"0";"'4.90";;"2025-07-24 10:57:59";"Одежда";"Куртка";"'31.50";"'6.3";"2";"0";"0";"0";"0";"20900,00";"45850,00";;"5%";;
"527161N15N 99 52";"2296916950";"2537951617";"04680806027812";"Куртка еврозима NortFolk";"'60";"NortFolk";"Готов к продаже";;"1";"'5.00";;"2025-07-24 10:57:59";"Одежда";"Куртка";"'31.50";"'6.3";"0";"0";"0";"0";"0";"23150,00";"45850,00";;"5%";;
"527161N15N 111-1 50";"2296916954";"2537954156";"04680806027751";"Куртка еврозима NortFolk";"'60";"NortFolk";"Продается";;"0";"'5.00";;"2025-07-24 10:57:59";"Одежда";"Куртка";"'31.50";"'6.3";"4";"0";"0";"0";"0";"23150,00";"45850,00";;"5%";;
"527161N15N 111-1 54";"2296916956";"2537952353";"04680806027775";"Куртка еврозима NortFolk";"'60";"NortFolk";"Готов к продаже";;"2";"'5.00";;"2025-07-24 10:57:59";"Одежда";"Куртка";"'31.50";"'6.3";"0";"0";"0";"0";"0";"23150,00";"45850,00";;"5%";;
"737951N10CB 100 66";"2296916958";"2537989460";"04680806036678";"Куртка мужская демисезонная City Classic";"'12";"City Classic";"Продается";;"2";"'4.90";;"2025-07-24 10:57:59";"Одежда";"Куртка";"'18.90";"'3.8";"3";"0";"0";"0";"0";"16900,00";"23500,00";;"5%";;
"527161N15N 99 54";"2296916960";"2537953698";"04680806027829";"Куртка еврозима NortFolk";"'60";"NortFolk";"Готов к продаже";;"2";"'5.00";;"2025-07-24 10:57:59";"Одежда";"Куртка";"'31.50";"'6.3";"0";"0";"0";"0";"0";"23150,00";"45850,00";;"5%";;
"527161N15N 100 46";"2296916961";"2537953138";"04680806027850";"Куртка еврозима NortFolk";"'60";"NortFolk";"Продается";;"1";"'5.00";;"2025-07-24 10:57:59";"Одежда";"Куртка";"'31.50";"'6.3";"4";"0";"0";"0";"0";"23150,00";"45850,00";;"5%";;
"507161N22N 97 48";"2296916962";"2537952832";"04680806026327";"Куртка зимняя NortFolk";"'87.5";"NortFolk";"Продается";;"0";"'4.90";;"2025-07-24 10:57:59";"Одежда";"Куртка";"'31.50";"'6.3";"4";"0";"0";"0";"0";"20900,00";"45850,00";;"5%";;
"527161N15N 111-1 58";"2296916963";"2537952110";"04680806027799";"Куртка еврозима NortFolk";"'60";"NortFolk";"Продается";;"0";"'5.00";;"2025-07-24 10:57:59";"Одежда";"Куртка";"'31.50";"'6.3";"3";"0";"0";"0";"0";"23150,00";"45850,00";;"5%";;
"527161N15NB 111-1 60";"2296916965";"2537953183";"04680806028062";"Куртка большие размеры еврозима NortFolk";"'60";"NortFolk";"Продается";;"0";"'4.80";;"2025-07-24 10:57:59";"Одежда";"Куртка";"'31.50";"'6.3";"3";"0";"0";"0";"0";"22650,00";"45850,00";;"5%";;
"527161N15N 100 54";"2296916968";"2537951685";"04680806027898";"Куртка еврозима NortFolk";"'60";"NortFolk";"Продается";;"2";"'5.00";;"2025-07-24 10:57:59";"Одежда";"Куртка";"'31.50";"'6.3";"4";"0";"0";"0";"0";"23150,00";"45850,00";;"5%";;
"527161N15N 99 50";"2296916969";"2537954188";"04680806027805";"Куртка еврозима NortFolk";"'60";"NortFolk";"Продается";;"2";"'5.00";;"2025-07-24 10:57:59";"Одежда";"Куртка";"'31.50";"'6.3";"1";"0";"0";"0";"0";"23150,00";"45850,00";;"5%";;
"527161N15NB 111-1 62";"2296916970";"2537954529";"04680806028260";"Куртка большие размеры еврозима NortFolk";"'60";"NortFolk";"Продается";;"1";"'4.80";;"2025-07-24 10:57:59";"Одежда";"Куртка";"'31.50";"'6.3";"2";"0";"0";"0";"0";"22650,00";"45850,00";;"5%";;
"507161N22N 99 50";"2296916971";"2537952998";"04680806026266";"Куртка зимняя NortFolk";"'87.5";"NortFolk";"Продается";;"4";"'4.90";;"2025-07-24 10:57:59";"Одежда";"Куртка";"'31.50";"'6.3";"3";"0";"0";"0";"0";"20900,00";"45850,00";;"5%";;
"507161N22N 99 56";"2296916972";"2537954847";"04680806026297";"Куртка зимняя NortFolk";"'87.5";"NortFolk";"Продается";;"0";"'4.90";;"2025-07-24 10:57:59";"Одежда";"Куртка";"'31.50";"'6.3";"6";"0";"0";"0";"0";"20900,00";"45850,00";;"5%";;
"737951N10CB 99 62";"2296916973";"2537954415";"04680806036739";"Куртка мужская демисезонная City Classic";"'4.5";"City Classic";"Продается";;"3";"'4.90";;"2025-07-24 10:57:59";"Одежда";"Куртка";"'18.90";"'3.8";"2";"0";"0";"0";"0";"16900,00";"23500,00";;"5%";;
"737951N10CB 100 68";"2296916982";"2537953174";"04680806036685";"Куртка мужская демисезонная City Classic";"'4.5";"City Classic";"Продается";;"1";"'4.90";;"2025-07-24 10:57:59";"Одежда";"Куртка";"'18.90";"'3.8";"3";"0";"0";"0";"0";"16900,00";"23500,00";;"5%";;
"507161N22N 753 46";"2296916983";"2537954095";"04680806026389";"Куртка зимняя NortFolk";"'87.5";"NortFolk";"Продается";;"0";"'4.90";;"2025-07-24 10:57:59";"Одежда";"Куртка";"'31.50";"'6.3";"2";"0";"0";"0";"0";"20900,00";"45850,00";;"5%";;
"737951N10CB 100 60";"2296916984";"2537952474";"04680806036708";"Куртка мужская демисезонная City Classic";"'4.5";"City Classic";"Продается";;"1";"'4.90";;"2025-07-24 10:57:59";"Одежда";"Куртка";"'18.90";"'3.8";"3";"0";"0";"0";"0";"16900,00";"23500,00";;"5%";;
"507161N22N 753 48";"2296916985";"2537952859";"04680806026396";"Куртка зимняя NortFolk";"'87.5";"NortFolk";"Продается";;"3";"'4.90";;"2025-07-24 10:57:59";"Одежда";"Куртка";"'31.50";"'6.3";"1";"0";"0";"0";"0";"20900,00";"45850,00";;"5%";;
"527161N15N 100 52";"2296916990";"2537952749";"04680806027881";"Куртка еврозима NortFolk";"'60";"NortFolk";"Продается";;"4";"'5.00";;"2025-07-24 10:57:59";"Одежда";"Куртка";"'31.50";"'6.3";"3";"0";"0";"0";"0";"23150,00";"45850,00";;"5%";;
"527161N15NB 99 64";"2296916992";"2537952764";"04680806028161";"Куртка большие размеры еврозима NortFolk";"'60";"NortFolk";"Продается";;"0";"'4.80";;"2025-07-24 10:57:59";"Одежда";"Куртка";"'31.50";"'6.3";"3";"0";"0";"0";"0";"22650,00";"45850,00";;"5%";;
"737951N10C 99 54";"2296916993";"2537953218";"04680806036517";"Куртка мужская демисезонная City Classic";"'4.5";"City Classic";"Продается";;"2";"'4.90";;"2025-07-24 10:57:59";"Одежда";"Куртка";"'18.90";"'3.8";"5";"0";"0";"0";"0";"15900,00";"22500,00";;"5%";;
"527161N15N 100 58";"2296916995";"2537953252";"04680806027911";"Куртка еврозима NortFolk";"'60";"NortFolk";"Продается";;"0";"'5.00";;"2025-07-24 10:57:59";"Одежда";"Куртка";"'31.50";"'6.3";"4";"0";"0";"0";"0";"23150,00";"45850,00";;"5%";;
"527161N15N 100 56";"2296916996";"2537953261";"04680806027904";"Куртка еврозима NortFolk";"'60";"NortFolk";"Продается";;"1";"'5.00";;"2025-07-24 10:57:59";"Одежда";"Куртка";"'31.50";"'6.3";"3";"0";"0";"0";"0";"23150,00";"45850,00";;"5%";;
"737951N10C 99 58";"2296916997";"2537952412";"04680806036531";"Куртка мужская демисезонная City Classic";"'4.5";"City Classic";"Продается";;"3";"'4.90";;"2025-07-24 10:57:59";"Одежда";"Куртка";"'18.90";"'3.8";"4";"0";"0";"0";"0";"15900,00";"22500,00";;"5%";;
"737951N10CB 99 60";"2296917000";"2537952802";"04680806036722";"Куртка мужская демисезонная City Classic";"'4.5";"City Classic";"Продается";;"1";"'4.90";;"2025-07-24 10:57:59";"Одежда";"Куртка";"'18.90";"'3.8";"3";"0";"0";"0";"0";"16900,00";"23500,00";;"5%";;
"527161N15N 99 56";"2296917001";"2537952137";"04680806027836";"Куртка еврозима NortFolk";"'60";"NortFolk";"Продается";;"1";"'5.00";;"2025-07-24 10:58:00";"Одежда";"Куртка";"'31.50";"'6.3";"2";"0";"0";"0";"0";"23150,00";"45850,00";;"5%";;
"527161N15NB 99 66";"2296917004";"2537952826";"04680806028178";"Куртка большие размеры еврозима NortFolk";"'60";"NortFolk";"Продается";;"0";"'4.80";;"2025-07-24 10:58:00";"Одежда";"Куртка";"'31.50";"'6.3";"2";"0";"0";"0";"0";"22650,00";"45850,00";;"5%";;
"507161N22N 97 56";"2296917009";"2537952033";"04680806026365";"Куртка зимняя NortFolk";"'87.5";"NortFolk";"Продается";;"1";"'4.90";;"2025-07-24 10:58:00";"Одежда";"Куртка";"'31.50";"'6.3";"4";"0";"0";"0";"0";"20900,00";"45850,00";;"5%";;
"507161N22N 99 54";"2296917013";"2537953756";"04680806026280";"Куртка зимняя NortFolk";"'87.5";"NortFolk";"Продается";;"6";"'4.90";;"2025-07-24 10:58:00";"Одежда";"Куртка";"'31.50";"'6.3";"1";"0";"0";"0";"0";"20900,00";"45850,00";;"5%";;
"507161N22N 97 52";"2296917017";"2537952431";"04680806026341";"Куртка зимняя NortFolk";"'87.5";"NortFolk";"Продается";;"4";"'4.90";;"2025-07-24 10:58:00";"Одежда";"Куртка";"'31.50";"'6.3";"1";"0";"0";"0";"0";"20900,00";"45850,00";;"5%";;
"527161N15N 111-1 46";"2296917018";"2537953377";"04680806027737";"Куртка еврозима NortFolk";"'60";"NortFolk";"Продается";;"1";"'5.00";;"2025-07-24 10:58:00";"Одежда";"Куртка";"'31.50";"'6.3";"2";"0";"0";"0";"0";"23150,00";"45850,00";;"5%";;
"527161N15NB 99 62";"2296917033";"2537953574";"04680806028154";"Куртка большие размеры еврозима NortFolk";"'60";"NortFolk";"Продается";;"1";"'4.80";;"2025-07-24 10:58:00";"Одежда";"Куртка";"'31.50";"'6.3";"1";"0";"0";"0";"0";"22650,00";"45850,00";;"5%";;
"527161N15N 111-1 48";"2296917035";"2537952402";"04680806027744";"Куртка еврозима NortFolk";"'60";"NortFolk";"Готов к продаже";;"2";"'5.00";;"2025-07-24 10:58:00";"Одежда";"Куртка";"'31.50";"'6.3";"0";"0";"0";"0";"0";"23150,00";"45850,00";;"5%";;
"737951N10CB 99 64";"2296917036";"2537953230";"04680806036746";"Куртка мужская демисезонная City Classic";"'4.5";"City Classic";"Продается";;"2";"'4.90";;"2025-07-24 10:58:00";"Одежда";"Куртка";"'18.90";"'3.8";"3";"0";"0";"0";"0";"16900,00";"23500,00";;"5%";;
"737951N10CB 100 62";"2296917037";"2537952944";"04680806036715";"Куртка мужская демисезонная City Classic";"'4.5";"City Classic";"Продается";;"1";"'4.90";;"2025-07-24 10:58:00";"Одежда";"Куртка";"'18.90";"'3.8";"4";"0";"0";"0";"0";"16900,00";"23500,00";;"5%";;
"507161N22N 99 46";"2296917038";"2537953368";"04680806026242";"Куртка зимняя NortFolk";"'87.5";"NortFolk";"Продается";;"1";"'4.90";;"2025-07-24 10:58:00";"Одежда";"Куртка";"'31.50";"'6.3";"1";"0";"0";"0";"0";"20900,00";"45850,00";;"5%";;
"507161N22N 99 48";"2296917040";"2537952767";"04680806026259";"Куртка зимняя NortFolk";"'87.5";"NortFolk";"Готов к продаже";;"2";"'4.90";;"2025-07-24 10:58:00";"Одежда";"Куртка";"'31.50";"'6.3";"0";"0";"0";"0";"0";"20900,00";"45850,00";;"5%";;
"527161N15NB 99 70";"2296917041";"2537952924";"04680806028192";"Куртка большие размеры еврозима NortFolk";"'60";"NortFolk";"Продается";;"0";"'4.80";;"2025-07-24 10:58:00";"Одежда";"Куртка";"'31.50";"'6.3";"2";"0";"0";"0";"0";"22650,00";"45850,00";;"5%";;
"527161N15NB 111-1 68";"2296917043";"2537954554";"04680806028291";"Куртка большие размеры еврозима NortFolk";"'60";"NortFolk";"Продается";;"0";"'4.80";;"2025-07-24 10:58:00";"Одежда";"Куртка";"'31.50";"'6.3";"2";"0";"0";"0";"0";"22650,00";"45850,00";;"5%";;
"527161N15N 111-1 52";"2296917045";"2537953657";"04680806027768";"Куртка еврозима NortFolk";"'60";"NortFolk";"Готов к продаже";;"4";"'5.00";;"2025-07-24 10:58:00";"Одежда";"Куртка";"'31.50";"'6.3";"0";"0";"0";"0";"0";"23150,00";"45850,00";;"5%";;
"737951N10CB 100 64";"2296917047";"2537953299";"04680806036661";"Куртка мужская демисезонная City Classic";"'4.5";"City Classic";"Продается";;"0";"'4.90";;"2025-07-24 10:58:00";"Одежда";"Куртка";"'18.90";"'3.8";"3";"0";"0";"0";"0";"16900,00";"23500,00";;"5%";;
"507161N22N 753 58";"2296917050";"2537953020";"04680806026440";"Куртка зимняя NortFolk";"'87.5";"NortFolk";"Готов к продаже";;"2";"'4.90";;"2025-07-24 10:58:00";"Одежда";"Куртка";"'31.50";"'6.3";"0";"0";"0";"0";"0";"20900,00";"45850,00";;"5%";;
"737951N10C 99 56";"2296917053";"2537953579";"04680806036524";"Куртка мужская демисезонная City Classic";"'4.5";"City Classic";"Продается";;"2";"'4.90";;"2025-07-24 10:58:00";"Одежда";"Куртка";"'18.90";"'3.8";"4";"0";"0";"0";"0";"15900,00";"22500,00";;"5%";;
"737951N10CB 100 70";"2296917055";"2537952828";"04680806036692";"Куртка мужская демисезонная City Classic";"'4.5";"City Classic";"Продается";;"1";"'4.90";;"2025-07-24 10:58:00";"Одежда";"Куртка";"'18.90";"'3.8";"3";"0";"0";"0";"0";"16900,00";"23500,00";;"5%";;
"527161N15NB 111-1 66";"2296917056";"2537952438";"04680806028284";"Куртка большие размеры еврозима NortFolk";"'60";"NortFolk";"Продается";;"0";"'4.80";;"2025-07-24 10:58:00";"Одежда";"Куртка";"'31.50";"'6.3";"1";"0";"0";"0";"0";"22650,00";"45850,00";;"5%";;
"527161N15N 100 50";"2296917058";"2537952446";"04680806027874";"Куртка еврозима NortFolk";"'60";"NortFolk";"Продается";;"3";"'5.00";;"2025-07-24 10:58:00";"Одежда";"Куртка";"'31.50";"'6.3";"3";"0";"0";"0";"0";"23150,00";"45850,00";;"5%";;
"737951N10C 99 50";"2296917059";"2537954432";"04680806036494";"Куртка мужская демисезонная City Classic";"'4.5";"City Classic";"Продается";;"1";"'4.90";;"2025-07-24 10:58:00";"Одежда";"Куртка";"'18.90";"'3.8";"5";"0";"0";"0";"0";"15900,00";"22500,00";;"5%";;
"527161N15NB 111-1 70";"2296917061";"2537952921";"04680806028307";"Куртка большие размеры еврозима NortFolk";"'60";"NortFolk";"Продается";;"0";"'4.80";;"2025-07-24 10:58:00";"Одежда";"Куртка";"'31.50";"'6.3";"3";"0";"0";"0";"0";"22650,00";"45850,00";;"5%";;
"507161N22N 97 54";"2296917064";"2537952418";"04680806026358";"Куртка зимняя NortFolk";"'87.5";"NortFolk";"Продается";;"2";"'4.90";;"2025-07-24 10:58:00";"Одежда";"Куртка";"'31.50";"'6.3";"3";"0";"0";"0";"0";"20900,00";"45850,00";;"5%";;
"527161N15N 99 48";"2296917066";"2537954332";"04680806027980";"Куртка еврозима NortFolk";"'60";"NortFolk";"Продается";;"1";"'5.00";;"2025-07-24 10:58:00";"Одежда";"Куртка";"'31.50";"'6.3";"2";"0";"0";"0";"0";"23150,00";"45850,00";;"5%";;
"527161N15N 100 48";"2296917067";"2537952858";"04680806027867";"Куртка еврозима NortFolk";"'60";"NortFolk";"Продается";;"1";"'5.00";;"2025-07-24 10:58:00";"Одежда";"Куртка";"'31.50";"'6.3";"3";"0";"0";"0";"0";"23150,00";"45850,00";;"5%";;
"249160Y21N 100/111 44";"2591283346";"2763513680";"04680806017066";"Куртка зимняя NortFolk";"'34.5";"NortFolk";"Готов к продаже";;"1";"'5.00";;"2025-08-27 18:44:18";"Одежда";"Куртка";"'18.20";"'3.6";"0";"0";"0";"0";"0";"23500,00";"28900,00";;"5%";;
"782161N21N 25 46";"2591283347";"2763513632";"04660426977704";"Куртка зимняя NortFolk";"'52.5";"NortFolk";"Продается";;"0";"'5.00";;"2025-08-27 18:44:18";"Одежда";"Куртка";"'21.00";"'4.2";"1";"0";"0";"0";"0";"23450,00";"35600,00";;"5%";;
"249160Y21N FS/05 44";"2591283348";"2763513544";"04680806017226";"Куртка зимняя NortFolk";"'34.5";"NortFolk";"Готов к продаже";;"0";"'5.00";;"2025-08-27 18:44:18";"Одежда";"Куртка";"'18.20";"'3.6";"0";"0";"0";"0";"0";"23500,00";"28900,00";;"5%";;
"249160Y21N 100/111 56";"2591283349";"2763513532";"04680806017127";"Куртка зимняя NortFolk";"'34.5";"NortFolk";"Готов к продаже";;"2";"'5.00";;"2025-08-27 18:44:18";"Одежда";"Куртка";"'18.20";"'3.6";"0";"0";"0";"0";"0";"23500,00";"28900,00";;"5%";;
"782161N21N 25 54";"2591283350";"2763513610";"04660426977612";"Куртка зимняя NortFolk";"'52.5";"NortFolk";"Продается";;"0";"'5.00";;"2025-08-27 18:44:18";"Одежда";"Куртка";"'21.00";"'4.2";"5";"0";"0";"0";"0";"23450,00";"35600,00";;"5%";;
"249160Y21N FS/05 48";"2591283351";"2763513630";"04680806017240";"Куртка зимняя NortFolk";"'34.5";"NortFolk";"Готов к продаже";;"3";"'5.00";;"2025-08-27 18:44:18";"Одежда";"Куртка";"'18.20";"'3.6";"0";"0";"0";"0";"0";"23500,00";"28900,00";;"5%";;
"782161N21N 25 56";"2591283352";"2763513578";"04660426977629";"Куртка зимняя NortFolk";"'52.5";"NortFolk";"Продается";;"0";"'5.00";;"2025-08-27 18:44:18";"Одежда";"Куртка";"'21.00";"'4.2";"4";"0";"0";"0";"0";"23450,00";"35600,00";;"5%";;
"249160Y21N 100/111 46";"2591283353";"2763513649";"04680806017073";"Куртка зимняя NortFolk";"'34.5";"NortFolk";"Продается";;"1";"'5.00";;"2025-08-27 18:44:18";"Одежда";"Куртка";"'18.20";"'3.6";"1";"0";"0";"0";"0";"23500,00";"28900,00";;"5%";;
"782161N21N 99 50";"2591283354";"2763513548";"04660426977650";"Куртка зимняя NortFolk";"'52.5";"NortFolk";"Продается";;"1";"'5.00";;"2025-08-27 18:44:18";"Одежда";"Куртка";"'21.00";"'4.2";"6";"0";"0";"0";"0";"23450,00";"35600,00";;"5%";;
"249160Y21N FS/05 46";"2591283355";"2763513641";"04680806017233";"Куртка зимняя NortFolk";"'34.5";"NortFolk";"Готов к продаже";;"1";"'5.00";;"2025-08-27 18:44:18";"Одежда";"Куртка";"'18.20";"'3.6";"0";"0";"0";"0";"0";"23500,00";"28900,00";;"5%";;
"249160Y21N 111/21 58";"2591283356";"2763513646";"04680806017219";"Куртка зимняя NortFolk";"'34.5";"NortFolk";"Продается";;"2";"'5.00";;"2025-08-27 18:44:18";"Одежда";"Куртка";"'18.20";"'3.6";"2";"0";"0";"0";"0";"23500,00";"28900,00";;"5%";;
"249160Y21N 100/111 52";"2591283357";"2763513686";"04680806017103";"Куртка зимняя NortFolk";"'34.5";"NortFolk";"Продается";;"2";"'5.00";;"2025-08-27 18:44:18";"Одежда";"Куртка";"'18.20";"'3.6";"3";"0";"0";"0";"0";"23500,00";"28900,00";;"5%";;
"249160Y21N FS/05 58";"2591283358";"2763513602";"04680806017295";"Куртка зимняя NortFolk";"'34.5";"NortFolk";"Продается";;"2";"'5.00";;"2025-08-27 18:44:18";"Одежда";"Куртка";"'18.20";"'3.6";"1";"0";"0";"0";"0";"23500,00";"28900,00";;"5%";;
"249160Y21N 111/21 46";"2591283359";"2763513723";"04680806017158";"Куртка зимняя NortFolk";"'34.5";"NortFolk";"Продается";;"2";"'5.00";;"2025-08-27 18:44:18";"Одежда";"Куртка";"'18.20";"'3.6";"1";"0";"0";"0";"0";"23500,00";"28900,00";;"5%";;
"249160Y21N 100/111 50";"2591283360";"2763513599";"04680806017097";"Куртка зимняя NortFolk";"'34.5";"NortFolk";"Продается";;"2";"'5.00";;"2025-08-27 18:44:18";"Одежда";"Куртка";"'18.20";"'3.6";"3";"0";"0";"0";"0";"23500,00";"28900,00";;"5%";;
"249160Y21N 100/111 58";"2591283361";"2763513652";"04680806017134";"Куртка зимняя NortFolk";"'34.5";"NortFolk";"Продается";;"0";"'5.00";;"2025-08-27 18:44:18";"Одежда";"Куртка";"'18.20";"'3.6";"1";"0";"0";"0";"0";"23500,00";"28900,00";;"5%";;
"249160Y21N 111/21 56";"2591283362";"2763513603";"04680806017202";"Куртка зимняя NortFolk";"'34.5";"NortFolk";"Готов к продаже";;"2";"'5.00";;"2025-08-27 18:44:18";"Одежда";"Куртка";"'18.20";"'3.6";"0";"0";"0";"0";"0";"23500,00";"28900,00";;"5%";;
"782161N21N 99 48";"2591283363";"2763513685";"04660426977643";"Куртка зимняя NortFolk";"'52.5";"NortFolk";"Продается";;"0";"'5.00";;"2025-08-27 18:44:18";"Одежда";"Куртка";"'21.00";"'4.2";"1";"0";"0";"0";"0";"23450,00";"35600,00";;"5%";;
"249160Y21N 111/21 52";"2591283364";"2763513678";"04680806017189";"Куртка зимняя NortFolk";"'34.5";"NortFolk";"Готов к продаже";;"2";"'5.00";;"2025-08-27 18:44:18";"Одежда";"Куртка";"'18.20";"'3.6";"0";"0";"0";"0";"0";"23500,00";"28900,00";;"5%";;
"782161N21N 99 52";"2591283365";"2763513510";"04660426977667";"Куртка зимняя NortFolk";"'52.5";"NortFolk";"Продается";;"2";"'5.00";;"2025-08-27 18:44:18";"Одежда";"Куртка";"'21.00";"'4.2";"4";"0";"0";"0";"0";"23450,00";"35600,00";;"5%";;
"249160Y21N 100/111 48";"2591283369";"2763513660";"04680806017080";"Куртка зимняя NortFolk";"'34.5";"NortFolk";"Продается";;"2";"'5.00";;"2025-08-27 18:44:18";"Одежда";"Куртка";"'18.20";"'3.6";"1";"0";"0";"0";"0";"23500,00";"28900,00";;"5%";;
"782161N21N 25 52";"2591283370";"2763513654";"04660426977605";"Куртка зимняя NortFolk";"'52.5";"NortFolk";"Продается";;"0";"'5.00";;"2025-08-27 18:44:18";"Одежда";"Куртка";"'21.00";"'4.2";"6";"0";"0";"0";"0";"23450,00";"35600,00";;"5%";;
"782161N21N 25 48";"2591283372";"2763513618";"04660426977582";"Куртка зимняя NortFolk";"'52.5";"NortFolk";"Продается";;"0";"'5.00";;"2025-08-27 18:44:18";"Одежда";"Куртка";"'21.00";"'4.2";"5";"0";"0";"0";"0";"23450,00";"35600,00";;"5%";;
"782161N21N 25 58";"2591283373";"2763513629";"04660426977711";"Куртка зимняя NortFolk";"'52.5";"NortFolk";"Продается";;"0";"'5.00";;"2025-08-27 18:44:18";"Одежда";"Куртка";"'21.00";"'4.2";"2";"0";"0";"0";"0";"23450,00";"35600,00";;"5%";;
"249160Y21N FS/05 50";"2591283374";"2763513604";"04680806017257";"Куртка зимняя NortFolk";"'34.5";"NortFolk";"Готов к продаже";;"3";"'5.00";;"2025-08-27 18:44:19";"Одежда";"Куртка";"'18.20";"'3.6";"0";"0";"0";"0";"0";"23500,00";"28900,00";;"5%";;
"249160Y21N FS/05 54";"2591283375";"2763513696";"04680806017271";"Куртка зимняя NortFolk";"'34.5";"NortFolk";"Готов к продаже";;"2";"'5.00";;"2025-08-27 18:44:19";"Одежда";"Куртка";"'18.20";"'3.6";"0";"0";"0";"0";"0";"23500,00";"28900,00";;"5%";;
"249160Y21N 100/111 54";"2591283376";"2763513575";"04680806017110";"Куртка зимняя NortFolk";"'34.5";"NortFolk";"Продается";;"1";"'5.00";;"2025-08-27 18:44:19";"Одежда";"Куртка";"'18.20";"'3.6";"1";"0";"0";"0";"0";"23500,00";"28900,00";;"5%";;
"249160Y21N 111/21 50";"2591283377";"2763513567";"04680806017172";"Куртка зимняя NortFolk";"'34.5";"NortFolk";"Продается";;"3";"'5.00";;"2025-08-27 18:44:19";"Одежда";"Куртка";"'18.20";"'3.6";"2";"0";"0";"0";"0";"23500,00";"28900,00";;"5%";;
"249160Y21N 111/21 44";"2591283378";"2763513640";"04680806017141";"Куртка зимняя NortFolk";"'34.5";"NortFolk";"Готов к продаже";;"2";"'5.00";;"2025-08-27 18:44:19";"Одежда";"Куртка";"'18.20";"'3.6";"0";"0";"0";"0";"0";"23500,00";"28900,00";;"5%";;
"249160Y21N FS/05 52";"2591283379";"2763513508";"04680806017264";"Куртка зимняя NortFolk";"'34.5";"NortFolk";"Готов к продаже";;"5";"'5.00";;"2025-08-27 18:44:19";"Одежда";"Куртка";"'18.20";"'3.6";"0";"0";"0";"0";"0";"23500,00";"28900,00";;"5%";;
"249160Y21N 111/21 54";"2591283382";"2763513533";"04680806017196";"Куртка зимняя NortFolk";"'34.5";"NortFolk";"Готов к продаже";;"2";"'5.00";;"2025-08-27 18:44:19";"Одежда";"Куртка";"'18.20";"'3.6";"0";"0";"0";"0";"0";"23500,00";"28900,00";;"5%";;
"782161N21N 25 50";"2591283384";"2763513651";"04660426977599";"Куртка зимняя NortFolk";"'52.5";"NortFolk";"Продается";;"1";"'5.00";;"2025-08-27 18:44:19";"Одежда";"Куртка";"'21.00";"'4.2";"5";"0";"0";"0";"0";"23450,00";"35600,00";;"5%";;
"249160Y21N FS/05 56";"2591283385";"2763513611";"04680806017288";"Куртка зимняя NortFolk";"'34.5";"NortFolk";"Продается";;"0";"'5.00";;"2025-08-27 18:44:19";"Одежда";"Куртка";"'18.20";"'3.6";"2";"0";"0";"0";"0";"23500,00";"28900,00";;"5%";;
"782161N21N 99 54";"2591283386";"2763513601";"04660426977674";"Куртка зимняя NortFolk";"'52.5";"NortFolk";"Продается";;"0";"'5.00";;"2025-08-27 18:44:19";"Одежда";"Куртка";"'21.00";"'4.2";"6";"0";"0";"0";"0";"23450,00";"35600,00";;"5%";;
"249160Y21N 111/21 48";"2591283387";"2763513526";"04680806017165";"Куртка зимняя NortFolk";"'34.5";"NortFolk";"Готов к продаже";;"2";"'5.00";;"2025-08-27 18:44:19";"Одежда";"Куртка";"'18.20";"'3.6";"0";"0";"0";"0";"0";"23500,00";"28900,00";;"5%";;
"782161N21N 99 56";"2742216396";"2873268629";"04660426977681";"Куртка зимняя NortFolk";"'52.5";"NortFolk";"Продается";;"1";"'5.00";;"2025-09-19 09:39:10";"Одежда";"Куртка";"'21.00";"'4.2";"2";"0";"0";"0";"0";"23450,00";"35600,00";;"5%";;
"031820N11CJ 102 44";"2902203517";"2988943011";"04680806690719";"Жилетка утепленная стеганая City Classic";"'82";"City Classic";"Продается";;"0";"'4.80";;"2025-10-18 14:05:12";"Одежда";"Жилет";"'17.48";"'3.5";"2";"0";"0";"0";"0";"11920,00";"19550,00";;"5%";;
"031820N11CJ 102 46";"2902207004";"2988945313";"04680806690726";"Жилетка утепленная стеганая City Classic";"'82";"City Classic";"Продается";;"0";"'4.80";;"2025-10-18 14:06:33";"Одежда";"Жилет";"'17.48";"'3.5";"5";"0";"0";"0";"0";"11920,00";"19550,00";;"5%";;
"031820N11CJ 102 56";"2902210147";"2988946757";"04680806690771";"Жилетка утепленная стеганая City Classic";"'82";"City Classic";"Готов к продаже";;"1";"'4.80";;"2025-10-18 14:07:32";"Одежда";"Жилет";"'17.48";"'3.5";"0";"0";"0";"0";"0";"11920,00";"19550,00";;"5%";;
"031820N11CJ 102 58";"2902213300";"2988949730";"04680806690788";"Жилетка утепленная стеганая City Classic";"'82";"City Classic";"Готов к продаже";;"1";"'4.80";;"2025-10-18 14:08:35";"Одежда";"Жилет";"'17.48";"'3.5";"0";"0";"0";"0";"0";"11920,00";"19550,00";;"5%";;
"031820N11CJ 71 44";"2902217504";"2988953078";"04660426040903";"Жилетка утепленная стеганая City Classic";"'82";"City Classic";"Продается";;"0";"'5.00";;"2025-10-18 14:10:36";"Одежда";"Жилет";"'17.48";"'3.5";"4";"0";"0";"0";"0";"11920,00";"19550,00";;"5%";;
"031820N11CJ 71 46";"2902220365";"2988954458";"04660426040910";"Жилетка утепленная стеганая City Classic";"'82";"City Classic";"Продается";;"0";"'5.00";;"2025-10-18 14:11:55";"Одежда";"Жилет";"'17.48";"'3.5";"4";"0";"0";"0";"0";"11920,00";"19550,00";;"5%";;
"031820N11CJ 71 48";"2902222092";"2988956065";"04660426040927";"Жилетка утепленная стеганая City Classic";"'82";"City Classic";"Готов к продаже";;"1";"'5.00";;"2025-10-18 14:12:47";"Одежда";"Жилет";"'17.48";"'3.5";"0";"0";"0";"0";"0";"11920,00";"19550,00";;"5%";;
"031820N11CJ 36 58";"2902304770";"2989021674";"04680806690702";"Жилетка утепленная стеганая City Classic";"'69.5";"City Classic";"Готов к продаже";;"1";"'5.00";;"2025-10-18 14:51:31";"Одежда";"Жилет";"'17.48";"'3.5";"0";"0";"0";"0";"0";"11920,00";"19550,00";;"5%";;
"031820N11CJ 36 52";"2902304787";"2989021713";"04680806690672";"Жилетка утепленная стеганая City Classic";"'69.5";"City Classic";"Продается";;"2";"'5.00";;"2025-10-18 14:51:31";"Одежда";"Жилет";"'17.48";"'3.5";"3";"0";"0";"0";"0";"11920,00";"19550,00";;"5%";;
"031820N11CJ 36 48";"2902304799";"2989021610";"04680806690658";"Жилетка утепленная стеганая City Classic";"'69.5";"City Classic";"Готов к продаже";;"1";"'5.00";;"2025-10-18 14:51:32";"Одежда";"Жилет";"'17.48";"'3.5";"0";"0";"0";"0";"0";"11920,00";"19550,00";;"5%";;
"031820N11CJ 36 54";"2902304803";"2989021509";"04680806690689";"Жилетка утепленная стеганая City Classic";"'69.5";"City Classic";"Продается";;"2";"'5.00";;"2025-10-18 14:51:32";"Одежда";"Жилет";"'17.48";"'3.5";"2";"0";"0";"0";"0";"11920,00";"19550,00";;"5%";;
"031820N11CJ 36 56";"2902304814";"2989021618";"04680806690696";"Жилетка утепленная стеганая City Classic";"'69.5";"City Classic";"Готов к продаже";;"0";"'5.00";;"2025-10-18 14:51:32";"Одежда";"Жилет";"'17.48";"'3.5";"0";"0";"0";"0";"0";"11920,00";"19550,00";;"5%";;
"031820N11CJ 36 44";"2902304827";"2989021810";"04680806690634";"Жилетка утепленная стеганая City Classic";"'69.5";"City Classic";"Продается";;"0";"'5.00";;"2025-10-18 14:51:33";"Одежда";"Жилет";"'17.48";"'3.5";"3";"0";"0";"0";"0";"11920,00";"19550,00";;"5%";;
"031820N11CJ 36 50";"2902304848";"2989021640";"04680806690665";"Жилетка утепленная стеганая City Classic";"'69.5";"City Classic";"Продается";;"0";"'5.00";;"2025-10-18 14:51:34";"Одежда";"Жилет";"'17.48";"'3.5";"5";"0";"0";"0";"0";"11920,00";"19550,00";;"5%";;
"031820N11CJ 36 46";"2902304898";"2989021879";"04680806690641";"Жилетка утепленная стеганая City Classic";"'69.5";"City Classic";"Продается";;"0";"'5.00";;"2025-10-18 14:51:35";"Одежда";"Жилет";"'17.48";"'3.5";"4";"0";"0";"0";"0";"11920,00";"19550,00";;"5%";;
"433430N11N 99 58";"3418274130";"3379829151";"04660426041474";"Куртка женская легкая стеганая на весну и осень NortFolk";"'82";"NortFolk";"Готов к продаже";;"1";"'4.90";;"2026-01-13 17:23:25";"Одежда";"Куртка";"'13.00";"'2.6";"0";"0";"0";"0";"0";"15600,00";"22100,00";;"5%";;
"611430N10C 3-1 50";"3418380964";"3379914571";"04630581133581";"Куртка демисезонная с капюшоном на весну";"'69.5";"City Classic";"Продается";;"4";"'4.90";;"2026-01-13 18:07:51";"Одежда";"Куртка";"'23.40";"'4.7";"4";"0";"0";"0";"0";"17230,00";"25100,00";;"5%";;
"611430N10C 3-1 46";"3418380966";"3379914957";"04630581133567";"Куртка демисезонная с капюшоном на весну";"'69.5";"City Classic";"Готов к продаже";;"1";"'4.90";;"2026-01-13 18:07:51";"Одежда";"Куртка";"'23.40";"'4.7";"0";"0";"0";"0";"0";"17230,00";"25100,00";;"5%";;
"611430N10C 2061 48";"3418380967";"3379914495";"04630581133734";"Куртка демисезонная с капюшоном на весну";"'69.5";"City Classic";"Готов к продаже";;"2";"'4.90";;"2026-01-13 18:07:51";"Одежда";"Куртка";"'23.40";"'4.7";"0";"0";"0";"0";"0";"17230,00";"25100,00";;"5%";;
"611430N10C 137 46";"3418380968";"3379914810";"04630581133642";"Куртка демисезонная с капюшоном на весну";"'69.5";"City Classic";"Готов к продаже";;"1";"'4.90";;"2026-01-13 18:07:51";"Одежда";"Куртка";"'23.40";"'4.7";"0";"0";"0";"0";"0";"17230,00";"25100,00";;"5%";;
"611430N10C 3-1 52";"3418380969";"3379914602";"04630581133598";"Куртка демисезонная с капюшоном на весну";"'69.5";"City Classic";"Продается";;"3";"'4.90";;"2026-01-13 18:07:51";"Одежда";"Куртка";"'23.40";"'4.7";"1";"0";"0";"0";"0";"17230,00";"25100,00";;"5%";;
"611430N10C 2061 54";"3418380972";"3379914528";"04630581133765";"Куртка демисезонная с капюшоном на весну";"'69.5";"City Classic";"Готов к продаже";;"5";"'4.90";;"2026-01-13 18:07:51";"Одежда";"Куртка";"'23.40";"'4.7";"0";"0";"0";"0";"0";"17230,00";"25100,00";;"5%";;
"611430N10C 137 44";"3418380977";"3379914505";"04630581133635";"Куртка демисезонная с капюшоном на весну";"'69.5";"City Classic";"Продается";;"0";"'4.90";;"2026-01-13 18:07:51";"Одежда";"Куртка";"'23.40";"'4.7";"2";"0";"0";"0";"0";"17230,00";"25100,00";;"5%";;
"611430N10C FS 46";"3418380979";"3379914554";"04630581133482";"Куртка демисезонная с капюшоном на весну";"'69.5";"City Classic";"Продается";;"2";"'4.90";;"2026-01-13 18:07:51";"Одежда";"Куртка";"'23.40";"'4.7";"1";"0";"0";"0";"0";"17230,00";"25100,00";;"5%";;
"611430N10C FS 50";"3418380982";"3379914920";"04630581133505";"Куртка демисезонная с капюшоном на весну";"'69.5";"City Classic";"Продается";;"1";"'4.90";;"2026-01-13 18:07:51";"Одежда";"Куртка";"'23.40";"'4.7";"3";"0";"0";"0";"0";"17230,00";"25100,00";;"5%";;
"611430N10C 3-1 58";"3418380983";"3379914623";"04630581133628";"Куртка демисезонная с капюшоном на весну";"'69.5";"City Classic";"Продается";;"0";"'4.90";;"2026-01-13 18:07:51";"Одежда";"Куртка";"'23.40";"'4.7";"1";"0";"0";"0";"0";"17230,00";"25100,00";;"5%";;
"611430N10C 3-1 54";"3418380984";"3379914747";"04630581133604";"Куртка демисезонная с капюшоном на весну";"'69.5";"City Classic";"Продается";;"0";"'4.90";;"2026-01-13 18:07:51";"Одежда";"Куртка";"'23.40";"'4.7";"2";"0";"0";"0";"0";"17230,00";"25100,00";;"5%";;
"611430N10C 3-1 48";"3418380989";"3379914526";"04630581133574";"Куртка демисезонная с капюшоном на весну";"'69.5";"City Classic";"Продается";;"1";"'4.90";;"2026-01-13 18:07:51";"Одежда";"Куртка";"'23.40";"'4.7";"3";"0";"0";"0";"0";"17230,00";"25100,00";;"5%";;
"611430N10C 137 58";"3418380991";"3379914924";"04630581133703";"Куртка демисезонная с капюшоном на весну";"'69.5";"City Classic";"Продается";;"1";"'4.90";;"2026-01-13 18:07:51";"Одежда";"Куртка";"'23.40";"'4.7";"2";"0";"0";"0";"0";"17230,00";"25100,00";;"5%";;
"611430N10C 3-1 56";"3418380992";"3379914827";"04630581133611";"Куртка демисезонная с капюшоном на весну";"'69.5";"City Classic";"Продается";;"0";"'4.90";;"2026-01-13 18:07:51";"Одежда";"Куртка";"'23.40";"'4.7";"4";"0";"0";"0";"0";"17230,00";"25100,00";;"5%";;
"611430N10C 2061 58";"3418380995";"3379914686";"04630581133789";"Куртка демисезонная с капюшоном на весну";"'69.5";"City Classic";"Готов к продаже";;"2";"'4.90";;"2026-01-13 18:07:52";"Одежда";"Куртка";"'23.40";"'4.7";"0";"0";"0";"0";"0";"17230,00";"25100,00";;"5%";;
"611430N10C FS 54";"3418380996";"3379915184";"04630581133529";"Куртка демисезонная с капюшоном на весну";"'69.5";"City Classic";"Продается";;"2";"'4.90";;"2026-01-13 18:07:52";"Одежда";"Куртка";"'23.40";"'4.7";"3";"0";"0";"0";"0";"17230,00";"25100,00";;"5%";;
"611430N10C 2061 50";"3418380997";"3379914498";"04630581133741";"Куртка демисезонная с капюшоном на весну";"'69.5";"City Classic";"Готов к продаже";;"2";"'4.90";;"2026-01-13 18:07:52";"Одежда";"Куртка";"'23.40";"'4.7";"0";"0";"0";"0";"0";"17230,00";"25100,00";;"5%";;
"611430N10C 2061 44";"3418380998";"3379915377";"04630581133710";"Куртка демисезонная с капюшоном на весну";"'69.5";"City Classic";"Готов к продаже";;"0";"'4.90";;"2026-01-13 18:07:52";"Одежда";"Куртка";"'23.40";"'4.7";"0";"0";"0";"0";"0";"17230,00";"25100,00";;"5%";;
"611430N10C 137 54";"3418381001";"3379914876";"04630581133680";"Куртка демисезонная с капюшоном на весну";"'69.5";"City Classic";"Готов к продаже";;"0";"'4.90";;"2026-01-13 18:07:52";"Одежда";"Куртка";"'23.40";"'4.7";"0";"0";"0";"0";"0";"17230,00";"25100,00";;"5%";;
"611430N10C 137 48";"3418381003";"3379914502";"04630581133659";"Куртка демисезонная с капюшоном на весну";"'69.5";"City Classic";"Готов к продаже";;"1";"'4.90";;"2026-01-13 18:07:52";"Одежда";"Куртка";"'23.40";"'4.7";"0";"0";"0";"0";"0";"17230,00";"25100,00";;"5%";;
"611430N10C 2061 56";"3418381005";"3379914817";"04630581133772";"Куртка демисезонная с капюшоном на весну";"'69.5";"City Classic";"Продается";;"0";"'4.90";;"2026-01-13 18:07:52";"Одежда";"Куртка";"'23.40";"'4.7";"4";"0";"0";"0";"0";"17230,00";"25100,00";;"5%";;
"611430N10C 137 50";"3418381007";"3379915004";"04630581133666";"Куртка демисезонная с капюшоном на весну";"'69.5";"City Classic";"Продается";;"1";"'4.90";;"2026-01-13 18:07:52";"Одежда";"Куртка";"'23.40";"'4.7";"2";"0";"0";"0";"0";"17230,00";"25100,00";;"5%";;
"611430N10C FS 44";"3418381008";"3379914710";"04630581133475";"Куртка демисезонная с капюшоном на весну";"'69.5";"City Classic";"Продается";;"2";"'4.90";;"2026-01-13 18:07:52";"Одежда";"Куртка";"'23.40";"'4.7";"3";"0";"0";"0";"0";"17230,00";"25100,00";;"5%";;
"611430N10C FS 58";"3418381010";"3379914547";"04630581133543";"Куртка демисезонная с капюшоном на весну";"'69.5";"City Classic";"Готов к продаже";;"2";"'4.90";;"2026-01-13 18:07:52";"Одежда";"Куртка";"'23.40";"'4.7";"0";"0";"0";"0";"0";"17230,00";"25100,00";;"5%";;
"611430N10C FS 52";"3418381011";"3379914588";"04630581133512";"Куртка демисезонная с капюшоном на весну";"'69.5";"City Classic";"Продается";;"4";"'4.90";;"2026-01-13 18:07:52";"Одежда";"Куртка";"'23.40";"'4.7";"1";"0";"0";"0";"0";"17230,00";"25100,00";;"5%";;
"611430N10C 2061 46";"3418381012";"3379915043";"04630581133727";"Куртка демисезонная с капюшоном на весну";"'69.5";"City Classic";"Готов к продаже";;"5";"'4.90";;"2026-01-13 18:07:52";"Одежда";"Куртка";"'23.40";"'4.7";"0";"0";"0";"0";"0";"17230,00";"25100,00";;"5%";;
"611430N10C FS 48";"3418381013";"3379914676";"04630581133499";"Куртка демисезонная с капюшоном на весну";"'69.5";"City Classic";"Продается";;"2";"'4.90";;"2026-01-13 18:07:52";"Одежда";"Куртка";"'23.40";"'4.7";"4";"0";"0";"0";"0";"17230,00";"25100,00";;"5%";;
"611430N10C 137 52";"3418381019";"3379914618";"04630581133673";"Куртка демисезонная с капюшоном на весну";"'69.5";"City Classic";"Продается";;"1";"'4.90";;"2026-01-13 18:07:52";"Одежда";"Куртка";"'23.40";"'4.7";"3";"0";"0";"0";"0";"17230,00";"25100,00";;"5%";;
"611430N10C FS 56";"3418381020";"3379914807";"04630581133536";"Куртка демисезонная с капюшоном на весну";"'69.5";"City Classic";"Готов к продаже";;"1";"'4.90";;"2026-01-13 18:07:52";"Одежда";"Куртка";"'23.40";"'4.7";"0";"0";"0";"0";"0";"17230,00";"25100,00";;"5%";;
"611430N10C 2061 52";"3418381023";"3379914688";"04630581133758";"Куртка демисезонная с капюшоном на весну";"'69.5";"City Classic";"Готов к продаже";;"3";"'4.90";;"2026-01-13 18:07:52";"Одежда";"Куртка";"'23.40";"'4.7";"0";"0";"0";"0";"0";"17230,00";"25100,00";;"5%";;
"611430N10C 3-1 44";"3418381027";"3379915010";"04630581133550";"Куртка демисезонная с капюшоном на весну";"'69.5";"City Classic";"Продается";;"0";"'4.90";;"2026-01-13 18:07:52";"Одежда";"Куртка";"'23.40";"'4.7";"3";"0";"0";"0";"0";"17230,00";"25100,00";;"5%";;
"611430N10C 137 56";"3418381035";"3379915115";"04630581133697";"Куртка демисезонная с капюшоном на весну";"'69.5";"City Classic";"Готов к продаже";;"2";"'4.90";;"2026-01-13 18:07:52";"Одежда";"Куртка";"'23.40";"'4.7";"0";"0";"0";"0";"0";"17230,00";"25100,00";;"5%";;
"780951N11NJ 206 46";"3418388317";"3379921100";"04660426040309";"Жилет утепленный NortFolk";"'83";"NortFolk";"Продается";;"1";"'4.90";;"2026-01-13 18:10:37";"Одежда";"Жилет";"'10.50";"'2.1";"2";"0";"0";"0";"0";"11350,00";"20150,00";;"5%";;
"780951N11NJ 73 46";"3418392275";"3379923777";"04630581114283";"Жилет утепленный NortFolk";"'52.5";"NortFolk";"Продается";;"0";"'4.90";;"2026-01-13 18:12:10";"Одежда";"Жилет";"'10.50";"'2.1";"2";"0";"0";"0";"0";"11350,00";"20150,00";;"5%";;
"780951N11NJ 77 46";"3418418298";"3379943686";"04660426040330";"Жилет утепленный NortFolk";"'83";"NortFolk";"Продается";;"0";"'4.90";;"2026-01-13 18:20:29";"Одежда";"Жилет";"'10.50";"'2.1";"2";"0";"0";"0";"0";"11350,00";"20150,00";;"5%";;
"780951N11NJ 77 50";"3418480145";"3379995020";"04660426040170";"Жилет утепленный NortFolk";"'83";"NortFolk";"Продается";;"1";"'4.90";;"2026-01-13 18:44:16";"Одежда";"Жилет";"'10.50";"'2.1";"1";"0";"0";"0";"0";"11350,00";"20150,00";;"5%";;
"780951N11NJ 77 52";"3418486851";"3380000680";"04660426040187";"Жилет утепленный NortFolk";"'83";"NortFolk";"Продается";;"0";"'0.00";;"2026-01-13 18:46:38";"Одежда";"Жилет";"'10.50";"'2.1";"4";"0";"0";"0";"0";"11350,00";"20150,00";;"5%";;
"433430N11N 127 56";"3418650668";"3380128516";"04660426041702";"Куртка женская легкая стеганая на весну и осень NortFolk";"'82";"NortFolk";"Продается";;"0";"'4.90";;"2026-01-13 19:34:00";"Одежда";"Куртка";"'13.00";"'2.6";"2";"0";"0";"0";"0";"15600,00";"22100,00";;"5%";;
"433430N11N 127 58";"3418654645";"3380132660";"04660426041719";"Куртка женская легкая стеганая на весну и осень NortFolk";"'82";"NortFolk";"Готов к продаже";;"0";"'4.90";;"2026-01-13 19:35:19";"Одежда";"Куртка";"'13.00";"'2.6";"0";"0";"0";"0";"0";"15600,00";"22100,00";;"5%";;
"218611N10N 99 54";"3418763598";"3380212901";"04630581135998";"Куртка мужская на весну и осень NortFolk";"'87.5";"NortFolk";"Готов к продаже";;"5";"'4.80";;"2026-01-13 20:08:01";"Одежда";"Куртка";"'11.70";"'2.3";"0";"0";"0";"0";"0";"17150,00";"21150,00";;"5%";;
"218611N10N 99 52";"3418763609";"3380212729";"04630581135981";"Куртка мужская на весну и осень NortFolk";"'87.5";"NortFolk";"Готов к продаже";;"4";"'4.80";;"2026-01-13 20:08:02";"Одежда";"Куртка";"'11.70";"'2.3";"0";"0";"0";"0";"0";"17150,00";"21150,00";;"5%";;
"433430N11N 36 50";"3418763617";"3380212952";"04660426041757";"Куртка женская легкая стеганая на весну и осень NortFolk";"'82";"NortFolk";"Продается";;"3";"'4.90";;"2026-01-13 20:08:02";"Одежда";"Куртка";"'11.70";"'2.3";"2";"0";"0";"0";"0";"15600,00";"22100,00";;"5%";;
"218611N10N 255 58";"3418763630";"3380213171";"04630581136025";"Куртка мужская на весну и осень NortFolk";"'87.5";"NortFolk";"Продается";;"2";"'4.80";;"2026-01-13 20:08:02";"Одежда";"Куртка";"'11.70";"'2.3";"1";"0";"0";"0";"0";"17150,00";"21150,00";;"5%";;
"218611N10N 255 52";"3418763635";"3380212563";"04630581135936";"Куртка мужская на весну и осень NortFolk";"'87.5";"NortFolk";"Готов к продаже";;"7";"'4.80";;"2026-01-13 20:08:02";"Одежда";"Куртка";"'11.70";"'2.3";"0";"0";"0";"0";"0";"17150,00";"21150,00";;"5%";;
"218611N10N 99 50";"3418763637";"3380212930";"04630581135974";"Куртка мужская на весну и осень NortFolk";"'87.5";"NortFolk";"Готов к продаже";;"4";"'4.80";;"2026-01-13 20:08:02";"Одежда";"Куртка";"'11.70";"'2.3";"0";"0";"0";"0";"0";"17150,00";"21150,00";;"5%";;
"433430N11N 36 46";"3418763655";"3380213046";"04660426041733";"Куртка женская легкая стеганая на весну и осень NortFolk";"'82";"NortFolk";"Продается";;"1";"'4.90";;"2026-01-13 20:08:02";"Одежда";"Куртка";"'11.70";"'2.3";"1";"0";"0";"0";"0";"15600,00";"22100,00";;"5%";;
"218611N10N 255 50";"3418763665";"3380212961";"04630581135929";"Куртка мужская на весну и осень NortFolk";"'87.5";"NortFolk";"Продается";;"5";"'4.80";;"2026-01-13 20:08:02";"Одежда";"Куртка";"'11.70";"'2.3";"1";"0";"0";"0";"0";"17150,00";"21150,00";;"5%";;
"218611N10N 99 48";"3418763684";"3380212711";"04630581135967";"Куртка мужская на весну и осень NortFolk";"'87.5";"NortFolk";"Готов к продаже";;"1";"'4.80";;"2026-01-13 20:08:02";"Одежда";"Куртка";"'11.70";"'2.3";"0";"0";"0";"0";"0";"17150,00";"21150,00";;"5%";;
"218611N10N 99 46";"3418763685";"3380212614";"04630581136032";"Куртка мужская на весну и осень NortFolk";"'87.5";"NortFolk";"Готов к продаже";;"1";"'4.80";;"2026-01-13 20:08:02";"Одежда";"Куртка";"'11.70";"'2.3";"0";"0";"0";"0";"0";"17150,00";"21150,00";;"5%";;
"218611N10N 255 56";"3418763686";"3380212321";"04630581135950";"Куртка мужская на весну и осень NortFolk";"'87.5";"NortFolk";"Продается";;"3";"'4.80";;"2026-01-13 20:08:02";"Одежда";"Куртка";"'11.70";"'2.3";"1";"0";"0";"0";"0";"17150,00";"21150,00";;"5%";;
"218611N10N 99 56";"3418763692";"3380212593";"04630581136001";"Куртка мужская на весну и осень NortFolk";"'87.5";"NortFolk";"Готов к продаже";;"3";"'4.80";;"2026-01-13 20:08:02";"Одежда";"Куртка";"'11.70";"'2.3";"0";"0";"0";"0";"0";"17150,00";"21150,00";;"5%";;
"433430N11N 36 52";"3418763694";"3380213277";"04660426041764";"Куртка женская легкая стеганая на весну и осень NortFolk";"'82";"NortFolk";"Продается";;"2";"'4.90";;"2026-01-13 20:08:02";"Одежда";"Куртка";"'11.70";"'2.3";"1";"0";"0";"0";"0";"15600,00";"22100,00";;"5%";;
"218611N10N 255 54";"3418763697";"3380212771";"04630581135943";"Куртка мужская на весну и осень NortFolk";"'87.5";"NortFolk";"Продается";;"0";"'4.80";;"2026-01-13 20:08:02";"Одежда";"Куртка";"'11.70";"'2.3";"1";"0";"0";"0";"0";"17150,00";"21150,00";;"5%";;
"433430N11N 36 54";"3418763703";"3380212958";"04660426041771";"Куртка женская легкая стеганая на весну и осень NortFolk";"'82";"NortFolk";"Готов к продаже";;"1";"'4.90";;"2026-01-13 20:08:02";"Одежда";"Куртка";"'11.70";"'2.3";"0";"0";"0";"0";"0";"15600,00";"22100,00";;"5%";;
"218611N10N 255 46";"3418763710";"3380212853";"04630581136049";"Куртка мужская на весну и осень NortFolk";"'87.5";"NortFolk";"Продается";;"1";"'4.80";;"2026-01-13 20:08:02";"Одежда";"Куртка";"'11.70";"'2.3";"2";"0";"0";"0";"0";"17150,00";"21150,00";;"5%";;
"433430N11N 36 56";"3418763718";"3380213006";"04660426041788";"Куртка женская легкая стеганая на весну и осень NortFolk";"'82";"NortFolk";"Готов к продаже";;"0";"'4.90";;"2026-01-13 20:08:03";"Одежда";"Куртка";"'11.70";"'2.3";"0";"0";"0";"0";"0";"15600,00";"22100,00";;"5%";;
"433430N11N 36 48";"3418763719";"3380213057";"04660426041740";"Куртка женская легкая стеганая на весну и осень NortFolk";"'82";"NortFolk";"Продается";;"1";"'4.90";;"2026-01-13 20:08:03";"Одежда";"Куртка";"'11.70";"'2.3";"5";"0";"0";"0";"0";"15600,00";"22100,00";;"5%";;
"218611N10N 99 58";"3418763721";"3380212944";"04630581136018";"Куртка мужская на весну и осень NortFolk";"'87.5";"NortFolk";"Готов к продаже";;"2";"'4.80";;"2026-01-13 20:08:03";"Одежда";"Куртка";"'11.70";"'2.3";"0";"0";"0";"0";"0";"17150,00";"21150,00";;"5%";;
"218611N10N 255 48";"3418763725";"3380212985";"04630581135912";"Куртка мужская на весну и осень NortFolk";"'87.5";"NortFolk";"Продается";;"3";"'4.80";;"2026-01-13 20:08:03";"Одежда";"Куртка";"'11.70";"'2.3";"1";"0";"0";"0";"0";"17150,00";"21150,00";;"5%";;
"716970N10NB 97 62";"3546924386";"3479743145";"04660426119098";"Куртка NORTFOLK_Весна 2026";"'87.5";"NortFolk";"Продается";;"4";"'4.90";;"2026-01-31 15:15:55";"Одежда";"Куртка";"'13.00";"'2.6";"1";"1";"0";"0";"0";"17150,00";"31000,00";;"5%";;
"330591N14NB 90 68";"3546924387";"3479743418";"04660426042471";"Куртка NORTFOLK_Весна 2026";"'69.5";"NortFolk";"Продается";;"0";"'4.90";;"2026-01-31 15:15:56";"Одежда";"Куртка";"'13.00";"'2.6";"2";"0";"0";"0";"0";"18450,00";"29950,00";;"5%";;
"716970N10N 225 56";"3546924389";"3479743213";"04660426118909";"Куртка NORTFOLK_Весна 2026";"'87.5";"NortFolk";"Продается";;"4";"'4.80";;"2026-01-31 15:15:56";"Одежда";"Куртка";"'13.00";"'2.6";"1";"1";"0";"0";"0";"16900,00";"30000,00";;"5%";;
"716970N10N 25 52";"3546924390";"3479743558";"04660426118817";"Куртка NORTFOLK_Весна 2026";"'87.5";"NortFolk";"Продается";;"3";"'4.80";;"2026-01-31 15:15:56";"Одежда";"Куртка";"'13.00";"'2.6";"2";"0";"0";"0";"0";"16900,00";"30000,00";;"5%";;
"330591N14NB 90 60";"3546924393";"3479743656";"04660426042433";"Куртка NORTFOLK_Весна 2026";"'69.5";"NortFolk";"Продается";;"1";"'4.90";;"2026-01-31 15:15:56";"Одежда";"Куртка";"'13.00";"'2.6";"2";"0";"0";"0";"0";"18450,00";"29950,00";;"5%";;
"716970N10NB 97 68";"3546924394";"3479743267";"04660426119128";"Куртка NORTFOLK_Весна 2026";"'87.5";"NortFolk";"Готов к продаже";;"1";"'4.90";;"2026-01-31 15:15:56";"Одежда";"Куртка";"'13.00";"'2.6";"0";"0";"0";"0";"0";"17150,00";"31000,00";;"5%";;
"716970N10N 225 48";"3546924395";"3479743129";"04660426118862";"Куртка NORTFOLK_Весна 2026";"'87.5";"NortFolk";"Готов к продаже";;"3";"'4.80";;"2026-01-31 15:15:56";"Одежда";"Куртка";"'13.00";"'2.6";"0";"0";"0";"0";"0";"16900,00";"30000,00";;"5%";;
"330591N14NB 77 62";"3546924396";"3479743419";"04660426042747";"Куртка NORTFOLK_Весна 2026";"'69.5";"NortFolk";"Продается";;"0";"'4.90";;"2026-01-31 15:15:56";"Одежда";"Куртка";"'13.00";"'2.6";"3";"0";"0";"0";"0";"18450,00";"29950,00";;"5%";;
"716970N10N 225 44";"3546924397";"3479743535";"04660426119012";"Куртка NORTFOLK_Весна 2026";"'87.5";"NortFolk";"Продается";;"2";"'4.80";;"2026-01-31 15:15:56";"Одежда";"Куртка";"'13.00";"'2.6";"1";"0";"0";"0";"0";"16900,00";"30000,00";;"5%";;
"330591N14NB 90 62";"3546924398";"3479743504";"04660426042440";"Куртка NORTFOLK_Весна 2026";"'69.5";"NortFolk";"Продается";;"1";"'4.90";;"2026-01-31 15:15:56";"Одежда";"Куртка";"'13.00";"'2.6";"4";"0";"0";"0";"0";"18450,00";"29950,00";;"5%";;
"330591N14NB 90 64";"3546924399";"3479743440";"04660426042457";"Куртка NORTFOLK_Весна 2026";"'69.5";"NortFolk";"Продается";;"2";"'4.90";;"2026-01-31 15:15:56";"Одежда";"Куртка";"'13.00";"'2.6";"2";"0";"0";"0";"0";"18450,00";"29950,00";;"5%";;
"330591N14NB 100 62";"3546924401";"3479743306";"04660426042563";"Куртка NORTFOLK_Весна 2026";"'69.5";"NortFolk";"Продается";;"0";"'4.90";;"2026-01-31 15:15:56";"Одежда";"Куртка";"'13.00";"'2.6";"4";"0";"0";"0";"0";"18450,00";"29950,00";;"5%";;
"716970N10N 25 58";"3546924402";"3479743552";"04660426118848";"Куртка NORTFOLK_Весна 2026";"'87.5";"NortFolk";"Продается";;"1";"'4.80";;"2026-01-31 15:15:56";"Одежда";"Куртка";"'13.00";"'2.6";"2";"0";"0";"0";"0";"16900,00";"30000,00";;"5%";;
"716970N10N 97 56";"3546924404";"3479743447";"04660426118985";"Куртка NORTFOLK_Весна 2026";"'87.5";"NortFolk";"Готов к продаже";;"3";"'4.80";;"2026-01-31 15:15:56";"Одежда";"Куртка";"'13.00";"'2.6";"0";"0";"0";"0";"0";"16900,00";"30000,00";;"5%";;
"716970N10NB 225 64";"3546924405";"3479743316";"04660426119043";"Куртка NORTFOLK_Весна 2026";"'87.5";"NortFolk";"Продается";;"1";"'4.90";;"2026-01-31 15:15:56";"Одежда";"Куртка";"'13.00";"'2.6";"1";"0";"0";"0";"0";"17150,00";"31000,00";;"5%";;
"716970N10N 97 50";"3546924406";"3479743296";"04660426118954";"Куртка NORTFOLK_Весна 2026";"'87.5";"NortFolk";"Готов к продаже";;"5";"'4.80";;"2026-01-31 15:15:56";"Одежда";"Куртка";"'13.00";"'2.6";"0";"0";"0";"0";"0";"16900,00";"30000,00";;"5%";;
"330591N14NB 77 64";"3546924407";"3479743501";"04660426042754";"Куртка NORTFOLK_Весна 2026";"'69.5";"NortFolk";"Продается";;"1";"'4.90";;"2026-01-31 15:15:56";"Одежда";"Куртка";"'13.00";"'2.6";"2";"0";"0";"0";"0";"18450,00";"29950,00";;"5%";;
"716970N10NB 225 60";"3546924408";"3479743326";"04660426119029";"Куртка NORTFOLK_Весна 2026";"'87.5";"NortFolk";"Продается";;"2";"'4.90";;"2026-01-31 15:15:56";"Одежда";"Куртка";"'13.00";"'2.6";"2";"0";"0";"0";"0";"17150,00";"31000,00";;"5%";;
"716970N10N 25 44";"3546924410";"3479743270";"04660426119005";"Куртка NORTFOLK_Весна 2026";"'87.5";"NortFolk";"Готов к продаже";;"2";"'4.80";;"2026-01-31 15:15:56";"Одежда";"Куртка";"'13.00";"'2.6";"0";"0";"0";"0";"0";"16900,00";"30000,00";;"5%";;
"330591N14NB 100 60";"3546924411";"3479743660";"04660426042556";"Куртка NORTFOLK_Весна 2026";"'69.5";"NortFolk";"Продается";;"1";"'4.90";;"2026-01-31 15:15:56";"Одежда";"Куртка";"'13.00";"'2.6";"2";"0";"0";"0";"0";"18450,00";"29950,00";;"5%";;
"716970N10N 25 46";"3546924413";"3479743338";"04660426118787";"Куртка NORTFOLK_Весна 2026";"'87.5";"NortFolk";"Продается";;"1";"'4.80";;"2026-01-31 15:15:56";"Одежда";"Куртка";"'13.00";"'2.6";"1";"0";"0";"0";"0";"16900,00";"30000,00";;"5%";;
"716970N10N 97 54";"3546924415";"3479743564";"04660426118978";"Куртка NORTFOLK_Весна 2026";"'87.5";"NortFolk";"Готов к продаже";;"7";"'4.80";;"2026-01-31 15:15:56";"Одежда";"Куртка";"'13.00";"'2.6";"0";"0";"0";"0";"0";"16900,00";"30000,00";;"5%";;
"716970N10N 97 44";"3546924416";"3479743523";"04660426118923";"Куртка NORTFOLK_Весна 2026";"'87.5";"NortFolk";"Готов к продаже";;"1";"'4.80";;"2026-01-31 15:15:56";"Одежда";"Куртка";"'13.00";"'2.6";"0";"0";"0";"0";"0";"16900,00";"30000,00";;"5%";;
"716970N10N 97 52";"3546924417";"3479743422";"04660426118961";"Куртка NORTFOLK_Весна 2026";"'87.5";"NortFolk";"Готов к продаже";;"12";"'4.80";;"2026-01-31 15:15:56";"Одежда";"Куртка";"'13.00";"'2.6";"0";"0";"0";"0";"0";"16900,00";"30000,00";;"5%";;
"716970N10NB 97 70";"3546924418";"3479743551";"04660426119135";"Куртка NORTFOLK_Весна 2026";"'87.5";"NortFolk";"Готов к продаже";;"2";"'4.90";;"2026-01-31 15:15:56";"Одежда";"Куртка";"'13.00";"'2.6";"0";"0";"0";"0";"0";"17150,00";"31000,00";;"5%";;
"330591N14NB 90 70";"3546924419";"3479743575";"04660426042488";"Куртка NORTFOLK_Весна 2026";"'69.5";"NortFolk";"Готов к продаже";;"1";"'4.90";;"2026-01-31 15:15:56";"Одежда";"Куртка";"'13.00";"'2.6";"0";"0";"0";"0";"0";"18450,00";"29950,00";;"5%";;
"716970N10N 97 48";"3546924420";"3479743342";"04660426118947";"Куртка NORTFOLK_Весна 2026";"'87.5";"NortFolk";"Готов к продаже";;"3";"'4.80";;"2026-01-31 15:15:56";"Одежда";"Куртка";"'13.00";"'2.6";"0";"0";"0";"0";"0";"16900,00";"30000,00";;"5%";;
"716970N10N 225 54";"3546924422";"3479743591";"04660426118893";"Куртка NORTFOLK_Весна 2026";"'87.5";"NortFolk";"Готов к продаже";;"3";"'4.80";;"2026-01-31 15:15:56";"Одежда";"Куртка";"'13.00";"'2.6";"0";"0";"0";"0";"0";"16900,00";"30000,00";;"5%";;
"716970N10N 25 56";"3546924423";"3479743659";"04660426118831";"Куртка NORTFOLK_Весна 2026";"'87.5";"NortFolk";"Продается";;"0";"'4.80";;"2026-01-31 15:15:56";"Одежда";"Куртка";"'13.00";"'2.6";"4";"0";"0";"0";"0";"16900,00";"30000,00";;"5%";;
"716970N10NB 225 66";"3546924424";"3479743563";"04660426119050";"Куртка NORTFOLK_Весна 2026";"'87.5";"NortFolk";"Продается";;"1";"'4.90";;"2026-01-31 15:15:56";"Одежда";"Куртка";"'13.00";"'2.6";"3";"0";"0";"0";"0";"17150,00";"31000,00";;"5%";;
"716970N10NB 97 66";"3546924425";"3479743345";"04660426119111";"Куртка NORTFOLK_Весна 2026";"'87.5";"NortFolk";"Продается";;"0";"'4.90";;"2026-01-31 15:15:56";"Одежда";"Куртка";"'13.00";"'2.6";"2";"0";"0";"0";"0";"17150,00";"31000,00";;"5%";;
"716970N10N 97 58";"3546924427";"3479743314";"04660426118992";"Куртка NORTFOLK_Весна 2026";"'87.5";"NortFolk";"Продается";;"3";"'4.80";;"2026-01-31 15:15:56";"Одежда";"Куртка";"'13.00";"'2.6";"1";"0";"0";"0";"0";"16900,00";"30000,00";;"5%";;
"716970N10N 25 50";"3546924428";"3479743468";"04660426118800";"Куртка NORTFOLK_Весна 2026";"'87.5";"NortFolk";"Продается";;"3";"'4.80";;"2026-01-31 15:15:56";"Одежда";"Куртка";"'13.00";"'2.6";"2";"0";"0";"0";"0";"16900,00";"30000,00";;"5%";;
"330591N14NB 77 60";"3546924429";"3479743332";"04660426042730";"Куртка NORTFOLK_Весна 2026";"'69.5";"NortFolk";"Продается";;"0";"'4.90";;"2026-01-31 15:15:56";"Одежда";"Куртка";"'13.00";"'2.6";"2";"0";"0";"0";"0";"18450,00";"29950,00";;"5%";;
"716970N10NB 97 64";"3546924430";"3479743529";"04660426119104";"Куртка NORTFOLK_Весна 2026";"'87.5";"NortFolk";"Готов к продаже";;"1";"'4.90";;"2026-01-31 15:15:56";"Одежда";"Куртка";"'13.00";"'2.6";"0";"0";"0";"0";"0";"17150,00";"31000,00";;"5%";;
"716970N10N 225 52";"3546924431";"3479743351";"04660426118886";"Куртка NORTFOLK_Весна 2026";"'87.5";"NortFolk";"Продается";;"2";"'4.80";;"2026-01-31 15:15:56";"Одежда";"Куртка";"'13.00";"'2.6";"1";"0";"0";"0";"0";"16900,00";"30000,00";;"5%";;
"716970N10N 225 58";"3546924432";"3479743559";"04660426118916";"Куртка NORTFOLK_Весна 2026";"'87.5";"NortFolk";"Продается";;"1";"'4.80";;"2026-01-31 15:15:56";"Одежда";"Куртка";"'13.00";"'2.6";"3";"0";"0";"0";"0";"16900,00";"30000,00";;"5%";;
"716970N10NB 97 60";"3546924433";"3479743308";"04660426119081";"Куртка NORTFOLK_Весна 2026";"'87.5";"NortFolk";"Готов к продаже";;"4";"'4.90";;"2026-01-31 15:15:56";"Одежда";"Куртка";"'13.00";"'2.6";"0";"0";"0";"0";"0";"17150,00";"31000,00";;"5%";;
"716970N10NB 225 62";"3546924435";"3479743568";"04660426119036";"Куртка NORTFOLK_Весна 2026";"'87.5";"NortFolk";"Продается";;"0";"'4.90";;"2026-01-31 15:15:56";"Одежда";"Куртка";"'13.00";"'2.6";"3";"0";"0";"0";"0";"17150,00";"31000,00";;"5%";;
"716970N10N 225 50";"3546924436";"3479743605";"04660426118879";"Куртка NORTFOLK_Весна 2026";"'87.5";"NortFolk";"Готов к продаже";;"4";"'4.80";;"2026-01-31 15:15:56";"Одежда";"Куртка";"'13.00";"'2.6";"0";"0";"0";"0";"0";"16900,00";"30000,00";;"5%";;
"716970N10N 225 46";"3546924437";"3479743383";"04660426118855";"Куртка NORTFOLK_Весна 2026";"'87.5";"NortFolk";"Готов к продаже";;"3";"'4.80";;"2026-01-31 15:15:56";"Одежда";"Куртка";"'13.00";"'2.6";"0";"0";"0";"0";"0";"16900,00";"30000,00";;"5%";;
"716970N10NB 225 70";"3546924439";"3479743630";"04660426119074";"Куртка NORTFOLK_Весна 2026";"'87.5";"NortFolk";"Продается";;"0";"'4.90";;"2026-01-31 15:15:56";"Одежда";"Куртка";"'13.00";"'2.6";"2";"0";"0";"0";"0";"17150,00";"31000,00";;"5%";;
"716970N10N 25 48";"3546924442";"3479743178";"04660426118794";"Куртка NORTFOLK_Весна 2026";"'87.5";"NortFolk";"Продается";;"1";"'4.80";;"2026-01-31 15:15:57";"Одежда";"Куртка";"'13.00";"'2.6";"3";"0";"0";"0";"0";"16900,00";"30000,00";;"5%";;
"716970N10N 25 54";"3546924443";"3479743217";"04660426118824";"Куртка NORTFOLK_Весна 2026";"'87.5";"NortFolk";"Готов к продаже";;"0";"'4.80";;"2026-01-31 15:15:57";"Одежда";"Куртка";"'13.00";"'2.6";"0";"0";"0";"0";"0";"16900,00";"30000,00";;"5%";;
"330591N14NB 100 64";"3546924444";"3479743658";"04660426042570";"Куртка NORTFOLK_Весна 2026";"'69.5";"NortFolk";"Продается";;"0";"'4.90";;"2026-01-31 15:15:57";"Одежда";"Куртка";"'13.00";"'2.6";"2";"0";"0";"0";"0";"18450,00";"29950,00";;"5%";;
"330591N14NB 100 66";"3546924445";"3479743509";"04660426042587";"Куртка NORTFOLK_Весна 2026";"'69.5";"NortFolk";"Продается";;"0";"'4.90";;"2026-01-31 15:15:57";"Одежда";"Куртка";"'13.00";"'2.6";"1";"0";"0";"0";"0";"18450,00";"29950,00";;"5%";;
"716970N10N 97 46";"3546924447";"3479743474";"04660426118930";"Куртка NORTFOLK_Весна 2026";"'87.5";"NortFolk";"Готов к продаже";;"5";"'4.80";;"2026-01-31 15:15:57";"Одежда";"Куртка";"'13.00";"'2.6";"0";"0";"0";"0";"0";"16900,00";"30000,00";;"5%";;
"330591N14NB 90 66";"3546924448";"3479743370";"04660426042464";"Куртка NORTFOLK_Весна 2026";"'69.5";"NortFolk";"Продается";;"1";"'4.90";;"2026-01-31 15:15:57";"Одежда";"Куртка";"'13.00";"'2.6";"1";"0";"0";"0";"0";"18450,00";"29950,00";;"5%";;
"330591N14NB 100 68";"3546924451";"3479743543";"04660426042594";"Куртка NORTFOLK_Весна 2026";"'69.5";"NortFolk";"Продается";;"0";"'4.90";;"2026-01-31 15:15:57";"Одежда";"Куртка";"'13.00";"'2.6";"2";"0";"0";"0";"0";"18450,00";"29950,00";;"5%";;
"716970N10NB 225 68";"3546924452";"3479743647";"04660426119067";"Куртка NORTFOLK_Весна 2026";"'87.5";"NortFolk";"Продается";;"1";"'4.90";;"2026-01-31 15:15:57";"Одежда";"Куртка";"'13.00";"'2.6";"1";"0";"0";"0";"0";"17150,00";"31000,00";;"5%";;
"161610N10N 225 58";"3596179729";"3517979203";"04630581142118";"Куртка женская на тонком синтепоне";"'100";"NortFolk";"Готов к продаже";;"0";"'4.90";;"2026-02-09 12:49:25";"Одежда";"Куртка";"'14.62";"'2.9";"0";"0";"0";"0";"0";"23000,00";"28900,00";;"5%";;
"161610N10N 225 52";"3596179734";"3517979913";"04630581142026";"Куртка женская на тонком синтепоне";"'100";"NortFolk";"Готов к продаже";;"4";"'4.90";;"2026-02-09 12:49:26";"Одежда";"Куртка";"'14.62";"'2.9";"0";"0";"0";"0";"0";"23000,00";"28900,00";;"5%";;
"161610N10N 100 48";"3596179735";"3517979243";"04630581141920";"Куртка женская на тонком синтепоне";"'100";"NortFolk";"Готов к продаже";;"4";"'4.90";;"2026-02-09 12:49:26";"Одежда";"Куртка";"'14.62";"'2.9";"0";"0";"0";"0";"0";"23000,00";"28900,00";;"5%";;
"161610N10N 225 50";"3596179740";"3517979362";"04630581142019";"Куртка женская на тонком синтепоне";"'100";"NortFolk";"Готов к продаже";;"4";"'4.90";;"2026-02-09 12:49:26";"Одежда";"Куртка";"'14.62";"'2.9";"0";"0";"0";"0";"0";"23000,00";"28900,00";;"5%";;
"161610N10N 100 58";"3596179749";"3517979946";"04630581141975";"Куртка женская на тонком синтепоне";"'100";"NortFolk";"Готов к продаже";;"3";"'4.90";;"2026-02-09 12:49:26";"Одежда";"Куртка";"'14.62";"'2.9";"0";"0";"0";"0";"0";"23000,00";"28900,00";;"5%";;
"161610N10N FS 58";"3596179750";"3517979808";"04630581142132";"Куртка женская на тонком синтепоне";"'100";"NortFolk";"Готов к продаже";;"3";"'4.90";;"2026-02-09 12:49:26";"Одежда";"Куртка";"'14.62";"'2.9";"0";"0";"0";"0";"0";"23000,00";"28900,00";;"5%";;
"161610N10N FS 50";"3596179751";"3517979821";"04630581142064";"Куртка женская на тонком синтепоне";"'100";"NortFolk";"Готов к продаже";;"1";"'4.90";;"2026-02-09 12:49:26";"Одежда";"Куртка";"'14.62";"'2.9";"0";"0";"0";"0";"0";"23000,00";"28900,00";;"5%";;
"161610N10N FS 46";"3596179752";"3517979424";"04630581142040";"Куртка женская на тонком синтепоне";"'100";"NortFolk";"Готов к продаже";;"1";"'4.90";;"2026-02-09 12:49:26";"Одежда";"Куртка";"'14.62";"'2.9";"0";"0";"0";"0";"0";"23000,00";"28900,00";;"5%";;
"161610N10N 100 56";"3596179754";"3517979588";"04630581141968";"Куртка женская на тонком синтепоне";"'100";"NortFolk";"Готов к продаже";;"3";"'4.90";;"2026-02-09 12:49:26";"Одежда";"Куртка";"'14.62";"'2.9";"0";"0";"0";"0";"0";"23000,00";"28900,00";;"5%";;
"161610N10N 100 52";"3596179761";"3517979763";"04630581141944";"Куртка женская на тонком синтепоне";"'100";"NortFolk";"Готов к продаже";;"2";"'4.90";;"2026-02-09 12:49:26";"Одежда";"Куртка";"'14.62";"'2.9";"0";"0";"0";"0";"0";"23000,00";"28900,00";;"5%";;
"161610N10N 100 46";"3596179773";"3517979781";"04630581141913";"Куртка женская на тонком синтепоне";"'100";"NortFolk";"Готов к продаже";;"2";"'4.90";;"2026-02-09 12:49:26";"Одежда";"Куртка";"'14.62";"'2.9";"0";"0";"0";"0";"0";"23000,00";"28900,00";;"5%";;
"161610N10N 225 54";"3596179775";"3517979383";"04630581142095";"Куртка женская на тонком синтепоне";"'87.5";"NortFolk";"Готов к продаже";;"3";"'4.90";;"2026-02-09 12:49:26";"Одежда";"Куртка";"'14.62";"'2.9";"0";"0";"0";"0";"0";"23000,00";"28900,00";;"5%";;
"161610N10N 225 46";"3596179779";"3517979784";"04630581141999";"Куртка женская на тонком синтепоне";"'100";"NortFolk";"Готов к продаже";;"1";"'4.90";;"2026-02-09 12:49:26";"Одежда";"Куртка";"'14.62";"'2.9";"0";"0";"0";"0";"0";"23000,00";"28900,00";;"5%";;
"161610N10N FS 56";"3596179788";"3517979523";"04630581142125";"Куртка женская на тонком синтепоне";"'100";"NortFolk";"Готов к продаже";;"0";"'4.90";;"2026-02-09 12:49:26";"Одежда";"Куртка";"'14.62";"'2.9";"0";"0";"0";"0";"0";"23000,00";"28900,00";;"5%";;
"161610N10N 225 56";"3596179803";"3517979688";"04630581142101";"Куртка женская на тонком синтепоне";"'100";"NortFolk";"Готов к продаже";;"2";"'4.90";;"2026-02-09 12:49:26";"Одежда";"Куртка";"'14.62";"'2.9";"0";"0";"0";"0";"0";"23000,00";"28900,00";;"5%";;
"161610N10N 225 44";"3596179807";"3517979482";"04630581141982";"Куртка женская на тонком синтепоне";"'100";"NortFolk";"Готов к продаже";;"4";"'4.90";;"2026-02-09 12:49:26";"Одежда";"Куртка";"'14.62";"'2.9";"0";"0";"0";"0";"0";"23000,00";"28900,00";;"5%";;
"161610N10N 100 44";"3596179808";"3517980016";"04630581141906";"Куртка женская на тонком синтепоне";"'100";"NortFolk";"Готов к продаже";;"2";"'4.90";;"2026-02-09 12:49:26";"Одежда";"Куртка";"'14.62";"'2.9";"0";"0";"0";"0";"0";"23000,00";"28900,00";;"5%";;
"161610N10N FS 48";"3596179810";"3517979783";"04630581142057";"Куртка женская на тонком синтепоне";"'100";"NortFolk";"Готов к продаже";;"3";"'4.90";;"2026-02-09 12:49:26";"Одежда";"Куртка";"'14.62";"'2.9";"0";"0";"0";"0";"0";"23000,00";"28900,00";;"5%";;
"161610N10N 225 48";"3596179819";"3517979699";"04630581142002";"Куртка женская на тонком синтепоне";"'100";"NortFolk";"Готов к продаже";;"2";"'4.90";;"2026-02-09 12:49:27";"Одежда";"Куртка";"'14.62";"'2.9";"0";"0";"0";"0";"0";"23000,00";"28900,00";;"5%";;
"161610N10N FS 52";"3596179821";"3517979959";"04630581142071";"Куртка женская на тонком синтепоне";"'100";"NortFolk";"Готов к продаже";;"3";"'4.90";;"2026-02-09 12:49:27";"Одежда";"Куртка";"'14.62";"'2.9";"0";"0";"0";"0";"0";"23000,00";"28900,00";;"5%";;
"161610N10N FS 44";"3596179822";"3517979966";"04630581142033";"Куртка женская на тонком синтепоне";"'82";"NortFolk";"Готов к продаже";;"1";"'4.90";;"2026-02-09 12:49:27";"Одежда";"Куртка";"'14.62";"'2.9";"0";"0";"0";"0";"0";"23000,00";"28900,00";;"5%";;
"161610N10N 100 50";"3596179823";"3517979490";"04630581141937";"Куртка женская на тонком синтепоне";"'100";"NortFolk";"Готов к продаже";;"2";"'4.90";;"2026-02-09 12:49:27";"Одежда";"Куртка";"'14.62";"'2.9";"0";"0";"0";"0";"0";"23000,00";"28900,00";;"5%";;
"161610N10N 100 54";"3596179826";"3517979616";"04630581141951";"Куртка женская на тонком синтепоне";"'100";"NortFolk";"Продается";;"2";"'4.90";;"2026-02-09 12:49:27";"Одежда";"Куртка";"'14.62";"'2.9";"1";"0";"0";"0";"0";"23000,00";"28900,00";;"5%";;
"161610N10N FS 54";"3596179837";"3517980119";"04630581142088";"Куртка женская на тонком синтепоне";"'100";"NortFolk";"Готов к продаже";;"1";"'4.90";;"2026-02-09 12:49:27";"Одежда";"Куртка";"'14.62";"'2.9";"0";"0";"0";"0";"0";"23000,00";"28900,00";;"5%";;
"067611N11N 99 46";"3615589516";"3532395109";"04630581172795";"Куртка демисезонная NortFolk на весну";"'87.5";"NortFolk";"Готов к продаже";;"0";"'5.00";;"2026-02-14 04:52:54";"Одежда";"Куртка";"'13.00";"'2.6";"0";"0";"0";"0";"0";"15300,00";"39999,00";;"5%";;
"061611N11N 99 54";"3615589517";"3532395243";"04630581116874";"Куртка демисезонная NortFolk на весну";"'87.5";"NortFolk";"Продается";;"5";"'4.90";;"2026-02-14 04:52:54";"Одежда";"Куртка";"'13.00";"'2.6";"1";"0";"0";"0";"0";"16300,00";"39999,00";;"5%";;
"067611N11N 99 58";"3615589518";"3532395371";"04630581172740";"Куртка демисезонная NortFolk на весну";"'87.5";"NortFolk";"Продается";;"1";"'5.00";;"2026-02-14 04:52:54";"Одежда";"Куртка";"'13.00";"'2.6";"1";"0";"0";"0";"0";"17690,00";"39999,00";;"5%";;
"409430N10N 36 48";"3615589519";"3532395263";"04660426038962";"Куртка демисезонная NortFolk на весну";"'69.5";"NortFolk";"Готов к продаже";;"3";"'4.90";;"2026-02-14 04:52:54";"Одежда";"Куртка";"'13.00";"'2.6";"0";"0";"0";"0";"0";"15000,00";"29999,00";;"5%";;
"067611N11N 73 46";"3615589521";"3532395412";"04630581172788";"Куртка демисезонная NortFolk на весну";"'87.5";"NortFolk";"Готов к продаже";;"1";"'5.00";;"2026-02-14 04:52:54";"Одежда";"Куртка";"'13.00";"'2.6";"0";"0";"0";"0";"0";"15300,00";"39999,00";;"5%";;
"061611N11N 99 46";"3615589523";"3532395326";"04630581116836";"Куртка демисезонная NortFolk на весну";"'87.5";"NortFolk";"Продается";;"0";"'4.90";;"2026-02-14 04:52:54";"Одежда";"Куртка";"'13.00";"'2.6";"3";"0";"0";"0";"0";"16300,00";"39999,00";;"5%";;
"067611N11N 79 58";"3615589524";"3532395373";"04630581172566";"Куртка демисезонная NortFolk на весну";"'87.5";"NortFolk";"Продается";;"0";"'5.00";;"2026-02-14 04:52:54";"Одежда";"Куртка";"'13.00";"'2.6";"4";"0";"0";"0";"0";"17690,00";"39999,00";;"5%";;
"067611N11N 99 52";"3615589525";"3532395414";"04630581172597";"Куртка демисезонная NortFolk на весну";"'87.5";"NortFolk";"Продается";;"0";"'5.00";;"2026-02-14 04:52:54";"Одежда";"Куртка";"'13.00";"'2.6";"1";"0";"0";"0";"0";"15300,00";"39999,00";;"5%";;
"061611N11N 111-1 56";"3615589526";"3532395417";"04630581117116";"Куртка демисезонная NortFolk на весну";"'74";"NortFolk";"Продается";;"1";"'4.90";;"2026-02-14 04:52:54";"Одежда";"Куртка";"'13.00";"'2.6";"2";"0";"0";"0";"0";"16300,00";"39999,00";;"5%";;
"061611N11N 73 52";"3615589528";"3532395422";"04630581116959";"Куртка демисезонная NortFolk на весну";"'87.5";"NortFolk";"Продается";;"0";"'4.90";;"2026-02-14 04:52:54";"Одежда";"Куртка";"'13.00";"'2.6";"5";"0";"0";"0";"0";"16300,00";"39999,00";;"5%";;
"061611N11N 79 56";"3615589529";"3532395285";"04630581116812";"Куртка демисезонная NortFolk на весну";"'69.5";"NortFolk";"Продается";;"0";"'4.90";;"2026-02-14 04:52:54";"Одежда";"Куртка";"'13.00";"'2.6";"6";"0";"0";"0";"0";"16300,00";"39999,00";;"5%";;
"067611N11N 73 56";"3615589530";"3532395353";"04630581172719";"Куртка демисезонная NortFolk на весну";"'87.5";"NortFolk";"Продается";;"1";"'5.00";;"2026-02-14 04:52:54";"Одежда";"Куртка";"'13.00";"'2.6";"2";"0";"0";"0";"0";"17690,00";"39999,00";;"5%";;
"061611N11N 100 56";"3615589531";"3532395264";"04630581117048";"Куртка демисезонная NortFolk на весну";"'87.5";"NortFolk";"Продается";;"0";"'4.90";;"2026-02-14 04:52:54";"Одежда";"Куртка";"'13.00";"'2.6";"2";"0";"0";"0";"0";"16300,00";"39999,00";;"5%";;
"067611N11N 99 54";"3615589532";"3532395413";"04630581172603";"Куртка демисезонная NortFolk на весну";"'87.5";"NortFolk";"Продается";;"2";"'5.00";;"2026-02-14 04:52:54";"Одежда";"Куртка";"'13.00";"'2.6";"2";"0";"0";"0";"0";"17690,00";"39999,00";;"5%";;
"061611N11N 111-1 58";"3615589534";"3532395232";"04630581117123";"Куртка демисезонная NortFolk на весну";"'74";"NortFolk";"Продается";;"0";"'4.90";;"2026-02-14 04:52:54";"Одежда";"Куртка";"'13.00";"'2.6";"2";"0";"0";"0";"0";"16300,00";"39999,00";;"5%";;
"409430N10N 36 54";"3615589535";"3532395360";"04660426038993";"Куртка демисезонная NortFolk на весну";"'69.5";"NortFolk";"Продается";;"6";"'4.90";;"2026-02-14 04:52:54";"Одежда";"Куртка";"'13.00";"'2.6";"2";"0";"0";"0";"0";"15000,00";"29999,00";;"5%";;
"067611N11N 73 58";"3615589536";"3532395141";"04630581172726";"Куртка демисезонная NortFolk на весну";"'87.5";"NortFolk";"Продается";;"1";"'5.00";;"2026-02-14 04:52:54";"Одежда";"Куртка";"'13.00";"'2.6";"2";"0";"0";"0";"0";"17690,00";"39999,00";;"5%";;
"067611N11N 24-2 54";"3615589537";"3532395239";"04630581172658";"Куртка демисезонная NortFolk на весну";"'87.5";"NortFolk";"Готов к продаже";;"3";"'5.00";;"2026-02-14 04:52:54";"Одежда";"Куртка";"'13.00";"'2.6";"0";"0";"0";"0";"0";"15300,00";"39999,00";;"5%";;
"409430N10N 36 58";"3615589538";"3532395409";"04660426039013";"Куртка демисезонная NortFolk на весну";"'69.5";"NortFolk";"Продается";;"0";"'4.90";;"2026-02-14 04:52:54";"Одежда";"Куртка";"'13.00";"'2.6";"1";"0";"0";"0";"0";"15000,00";"29999,00";;"5%";;
"061611N11N 73 56";"3615589539";"3532395295";"04630581116973";"Куртка демисезонная NortFolk на весну";"'87.5";"NortFolk";"Продается";;"1";"'4.90";;"2026-02-14 04:52:54";"Одежда";"Куртка";"'13.00";"'2.6";"1";"0";"0";"0";"0";"16300,00";"39999,00";;"5%";;
"067611N11N 99 50";"3615589540";"3532395292";"04630581172580";"Куртка демисезонная NortFolk на весну";"'87.5";"NortFolk";"Готов к продаже";;"1";"'5.00";;"2026-02-14 04:52:54";"Одежда";"Куртка";"'13.00";"'2.6";"0";"0";"0";"0";"0";"17690,00";"39999,00";;"5%";;
"061611N11N 99 48";"3615589543";"3532395368";"04630581116843";"Куртка демисезонная NortFolk на весну";"'87.5";"NortFolk";"Продается";;"1";"'4.90";;"2026-02-14 04:52:54";"Одежда";"Куртка";"'13.00";"'2.6";"4";"0";"0";"0";"0";"16300,00";"39999,00";;"5%";;
"067611N11N 79 46";"3615589544";"3532395436";"04630581172764";"Куртка демисезонная NortFolk на весну";"'87.5";"NortFolk";"Продается";;"0";"'5.00";;"2026-02-14 04:52:54";"Одежда";"Куртка";"'13.00";"'2.6";"2";"0";"0";"0";"0";"17690,00";"39999,00";;"5%";;
"061611N11N 99 52";"3615589546";"3532395148";"04630581116867";"Куртка демисезонная NortFolk на весну";"'87.5";"NortFolk";"Готов к продаже";;"6";"'4.90";;"2026-02-14 04:52:55";"Одежда";"Куртка";"'13.00";"'2.6";"0";"0";"0";"0";"0";"16300,00";"39999,00";;"5%";;
"409430N10N 36 46";"3615589547";"3532395259";"04660426038955";"Куртка демисезонная NortFolk на весну";"'69.5";"NortFolk";"Продается";;"2";"'4.90";;"2026-02-14 04:52:55";"Одежда";"Куртка";"'13.00";"'2.6";"1";"0";"0";"0";"0";"15000,00";"29999,00";;"5%";;
"067611N11N 79 50";"3615589548";"3532395142";"04630581172528";"Куртка демисезонная NortFolk на весну";"'87.5";"NortFolk";"Продается";;"0";"'5.00";;"2026-02-14 04:52:55";"Одежда";"Куртка";"'13.00";"'2.6";"3";"0";"0";"0";"0";"17690,00";"39999,00";;"5%";;
"061611N11N 79 52";"3615589549";"3532395375";"04630581116799";"Куртка демисезонная NortFolk на весну";"'69.5";"NortFolk";"Продается";;"0";"'4.90";;"2026-02-14 04:52:55";"Одежда";"Куртка";"'13.00";"'2.6";"6";"0";"0";"0";"0";"16300,00";"39999,00";;"5%";;
"409430N10N 36 50";"3615589551";"3532395334";"04660426038979";"Куртка демисезонная NortFolk на весну";"'69.5";"NortFolk";"Готов к продаже";;"3";"'4.90";;"2026-02-14 04:52:55";"Одежда";"Куртка";"'13.00";"'2.6";"0";"0";"0";"0";"0";"15000,00";"29999,00";;"5%";;
"067611N11N 24-2 52";"3615589552";"3532395588";"04630581172641";"Куртка демисезонная NortFolk на весну";"'87.5";"NortFolk";"Продается";;"3";"'5.00";;"2026-02-14 04:52:55";"Одежда";"Куртка";"'13.00";"'2.6";"1";"0";"0";"0";"0";"17690,00";"39999,00";;"5%";;
"061611N11N 100 50";"3615589553";"3532395378";"04630581117017";"Куртка демисезонная NortFolk на весну";"'87.5";"NortFolk";"Продается";;"0";"'4.90";;"2026-02-14 04:52:55";"Одежда";"Куртка";"'13.00";"'2.6";"3";"0";"0";"0";"0";"16300,00";"39999,00";;"5%";;
"067611N11N 73 50";"3615589554";"3532395423";"04630581172689";"Куртка демисезонная NortFolk на весну";"'87.5";"NortFolk";"Продается";;"0";"'5.00";;"2026-02-14 04:52:55";"Одежда";"Куртка";"'13.00";"'2.6";"4";"0";"0";"0";"0";"17690,00";"39999,00";;"5%";;
"061611N11N 79 58";"3615589555";"3532395260";"04630581116829";"Куртка демисезонная NortFolk на весну";"'69.5";"NortFolk";"Продается";;"0";"'4.90";;"2026-02-14 04:52:55";"Одежда";"Куртка";"'13.00";"'2.6";"6";"0";"0";"0";"0";"16300,00";"39999,00";;"5%";;
"067611N11N 24-2 48";"3615589556";"3532395286";"04630581172627";"Куртка демисезонная NortFolk на весну";"'87.5";"NortFolk";"Продается";;"0";"'5.00";;"2026-02-14 04:52:55";"Одежда";"Куртка";"'13.00";"'2.6";"3";"0";"0";"0";"0";"17690,00";"39999,00";;"5%";;
"061611N11N 99 56";"3615589558";"3532395572";"04630581116881";"Куртка демисезонная NortFolk на весну";"'87.5";"NortFolk";"Готов к продаже";;"2";"'4.90";;"2026-02-14 04:52:55";"Одежда";"Куртка";"'13.00";"'2.6";"0";"0";"0";"0";"0";"16300,00";"39999,00";;"5%";;
"067611N11N 79 56";"3615589559";"3532395067";"04630581172559";"Куртка демисезонная NortFolk на весну";"'87.5";"NortFolk";"Продается";;"0";"'5.00";;"2026-02-14 04:52:55";"Одежда";"Куртка";"'13.00";"'2.6";"2";"0";"0";"0";"0";"17690,00";"39999,00";;"5%";;
"061611N11N 111-1 48";"3615589561";"3532395299";"04630581117079";"Куртка демисезонная NortFolk на весну";"'74";"NortFolk";"Продается";;"0";"'4.90";;"2026-02-14 04:52:55";"Одежда";"Куртка";"'13.00";"'2.6";"2";"0";"0";"0";"0";"16300,00";"39999,00";;"5%";;
"061611N11N 99 50";"3615589562";"3532394989";"04630581116850";"Куртка демисезонная NortFolk на весну";"'87.5";"NortFolk";"Продается";;"1";"'4.90";;"2026-02-14 04:52:55";"Одежда";"Куртка";"'13.00";"'2.6";"4";"0";"0";"0";"0";"16300,00";"39999,00";;"5%";;
"061611N11N 79 46";"3615589563";"3532395178";"04630581116904";"Куртка демисезонная NortFolk на весну";"'69.5";"NortFolk";"Продается";;"0";"'4.90";;"2026-02-14 04:52:55";"Одежда";"Куртка";"'13.00";"'2.6";"4";"0";"0";"0";"0";"16300,00";"39999,00";;"5%";;
"067611N11N 79 54";"3615589565";"3532395379";"04630581172542";"Куртка демисезонная NortFolk на весну";"'87.5";"NortFolk";"Продается";;"1";"'5.00";;"2026-02-14 04:52:55";"Одежда";"Куртка";"'13.00";"'2.6";"2";"0";"0";"0";"0";"17690,00";"39999,00";;"5%";;
"061611N11N 99 58";"3615589566";"3532395283";"04630581116898";"Куртка демисезонная NortFolk на весну";"'87.5";"NortFolk";"Продается";;"1";"'4.90";;"2026-02-14 04:52:55";"Одежда";"Куртка";"'13.00";"'2.6";"2";"0";"0";"0";"0";"16300,00";"39999,00";;"5%";;
"061611N11N 73 48";"3615589567";"3532395325";"04630581116935";"Куртка демисезонная NortFolk на весну";"'87.5";"NortFolk";"Продается";;"0";"'4.90";;"2026-02-14 04:52:55";"Одежда";"Куртка";"'13.00";"'2.6";"2";"0";"0";"0";"0";"16300,00";"39999,00";;"5%";;
"409430N10N 36 52";"3615589568";"3532395410";"04660426038986";"Куртка демисезонная NortFolk на весну";"'57";"NortFolk";"Готов к продаже";;"3";"'4.90";;"2026-02-14 04:52:55";"Одежда";"Куртка";"'13.00";"'2.6";"0";"0";"0";"0";"0";"15000,00";"29999,00";;"5%";;
"061611N11N 73 54";"3615589569";"3532395255";"04630581116966";"Куртка демисезонная NortFolk на весну";"'69.5";"NortFolk";"Продается";;"1";"'4.90";;"2026-02-14 04:52:55";"Одежда";"Куртка";"'13.00";"'2.6";"1";"0";"0";"0";"0";"16300,00";"39999,00";;"5%";;
"067611N11N 24-2 46";"3615589570";"3532395270";"04630581172771";"Куртка демисезонная NortFolk на весну";"'87.5";"NortFolk";"Продается";;"0";"'5.00";;"2026-02-14 04:52:55";"Одежда";"Куртка";"'13.00";"'2.6";"2";"0";"0";"0";"0";"17690,00";"39999,00";;"5%";;
"061611N11N 100 54";"3615589571";"3532395262";"04630581117031";"Куртка демисезонная NortFolk на весну";"'87.5";"NortFolk";"Продается";;"1";"'4.90";;"2026-02-14 04:52:55";"Одежда";"Куртка";"'13.00";"'2.6";"2";"0";"0";"0";"0";"16300,00";"39999,00";;"5%";;
"061611N11N 79 50";"3615589572";"3532395333";"04630581116782";"Куртка демисезонная NortFolk на весну";"'69.5";"NortFolk";"Продается";;"0";"'4.90";;"2026-02-14 04:52:55";"Одежда";"Куртка";"'13.00";"'2.6";"9";"0";"0";"0";"0";"16300,00";"39999,00";;"5%";;
"061611N11N 73 58";"3615589573";"3532395135";"04630581116980";"Куртка демисезонная NortFolk на весну";"'87.5";"NortFolk";"Продается";;"0";"'4.90";;"2026-02-14 04:52:55";"Одежда";"Куртка";"'13.00";"'2.6";"3";"0";"0";"0";"0";"16300,00";"39999,00";;"5%";;
"061611N11N 100 48";"3615589574";"3532394953";"04630581117000";"Куртка демисезонная NortFolk на весну";"'87.5";"NortFolk";"Продается";;"0";"'4.90";;"2026-02-14 04:52:55";"Одежда";"Куртка";"'13.00";"'2.6";"2";"0";"0";"0";"0";"16300,00";"39999,00";;"5%";;
"067611N11N 73 54";"3615589575";"3532395392";"04630581172702";"Куртка демисезонная NortFolk на весну";"'87.5";"NortFolk";"Продается";;"1";"'5.00";;"2026-02-14 04:52:55";"Одежда";"Куртка";"'13.00";"'2.6";"2";"0";"0";"0";"0";"17690,00";"39999,00";;"5%";;
"061611N11N 111-1 50";"3615589577";"3532395234";"04630581117086";"Куртка демисезонная NortFolk на весну";"'74";"NortFolk";"Готов к продаже";;"2";"'4.90";;"2026-02-14 04:52:55";"Одежда";"Куртка";"'13.00";"'2.6";"0";"0";"0";"0";"0";"16300,00";"39999,00";;"5%";;
"067611N11N 99 48";"3615589578";"3532395369";"04630581172573";"Куртка демисезонная NortFolk на весну";"'87.5";"NortFolk";"Готов к продаже";;"1";"'5.00";;"2026-02-14 04:52:55";"Одежда";"Куртка";"'13.00";"'2.6";"0";"0";"0";"0";"0";"15300,00";"39999,00";;"5%";;
"067611N11N 24-2 56";"3615589579";"3532395372";"04630581172665";"Куртка демисезонная NortFolk на весну";"'87.5";"NortFolk";"Продается";;"0";"'5.00";;"2026-02-14 04:52:55";"Одежда";"Куртка";"'13.00";"'2.6";"2";"0";"0";"0";"0";"17690,00";"39999,00";;"5%";;
"061611N11N 79 54";"3615589580";"3532394952";"04630581116805";"Куртка демисезонная NortFolk на весну";"'69.5";"NortFolk";"Продается";;"0";"'4.90";;"2026-02-14 04:52:55";"Одежда";"Куртка";"'13.00";"'2.6";"5";"0";"0";"0";"0";"16300,00";"39999,00";;"5%";;
"067611N11N 24-2 50";"3615589581";"3532395328";"04630581172634";"Куртка демисезонная NortFolk на весну";"'87.5";"NortFolk";"Продается";;"1";"'5.00";;"2026-02-14 04:52:55";"Одежда";"Куртка";"'13.00";"'2.6";"3";"0";"0";"0";"0";"17690,00";"39999,00";;"5%";;
"061611N11N 111-1 54";"3615589583";"3532395266";"04630581117109";"Куртка демисезонная NortFolk на весну";"'74";"NortFolk";"Готов к продаже";;"0";"'4.90";;"2026-02-14 04:52:55";"Одежда";"Куртка";"'13.00";"'2.6";"0";"0";"0";"0";"0";"16300,00";"39999,00";;"5%";;
"067611N11N 73 52";"3615589584";"3532395452";"04630581172696";"Куртка демисезонная NortFolk на весну";"'87.5";"NortFolk";"Продается";;"1";"'5.00";;"2026-02-14 04:52:55";"Одежда";"Куртка";"'13.00";"'2.6";"3";"0";"0";"0";"0";"17690,00";"39999,00";;"5%";;
"067611N11N 99 56";"3615589585";"3532395465";"04630581172610";"Куртка демисезонная NortFolk на весну";"'87.5";"NortFolk";"Продается";;"1";"'5.00";;"2026-02-14 04:52:55";"Одежда";"Куртка";"'13.00";"'2.6";"2";"0";"0";"0";"0";"17690,00";"39999,00";;"5%";;
"061611N11N 79 48";"3615589586";"3532395289";"04630581116911";"Куртка демисезонная NortFolk на весну";"'69.5";"NortFolk";"Продается";;"0";"'4.90";;"2026-02-14 04:52:55";"Одежда";"Куртка";"'13.00";"'2.6";"5";"0";"0";"0";"0";"16300,00";"39999,00";;"5%";;
"067611N11N 73 48";"3615589587";"3532395079";"04630581172672";"Куртка демисезонная NortFolk на весну";"'87.5";"NortFolk";"Продается";;"0";"'5.00";;"2026-02-14 04:52:55";"Одежда";"Куртка";"'13.00";"'2.6";"2";"0";"0";"0";"0";"17690,00";"39999,00";;"5%";;
"061611N11N 100 52";"3615589588";"3532395184";"04630581117024";"Куртка демисезонная NortFolk на весну";"'87.5";"NortFolk";"Готов к продаже";;"1";"'4.90";;"2026-02-14 04:52:55";"Одежда";"Куртка";"'13.00";"'2.6";"0";"0";"0";"0";"0";"16300,00";"39999,00";;"5%";;
"061611N11N 111-1 52";"3615589589";"3532395081";"04630581117093";"Куртка демисезонная NortFolk на весну";"'74";"NortFolk";"Готов к продаже";;"2";"'4.90";;"2026-02-14 04:52:55";"Одежда";"Куртка";"'13.00";"'2.6";"0";"0";"0";"0";"0";"16300,00";"39999,00";;"5%";;
"409430N10N 36 56";"3615589590";"3532395153";"04660426039006";"Куртка демисезонная NortFolk на весну";"'57";"NortFolk";"Готов к продаже";;"2";"'4.90";;"2026-02-14 04:52:55";"Одежда";"Куртка";"'13.00";"'2.6";"0";"0";"0";"0";"0";"15000,00";"29999,00";;"5%";;
"061611N11N 73 50";"3615589593";"3532395240";"04630581116942";"Куртка демисезонная NortFolk на весну";"'87.5";"NortFolk";"Продается";;"0";"'4.90";;"2026-02-14 04:52:55";"Одежда";"Куртка";"'13.00";"'2.6";"4";"0";"0";"0";"0";"16300,00";"39999,00";;"5%";;
"067611N11N 79 48";"3615589594";"3532395316";"04630581172733";"Куртка демисезонная NortFolk на весну";"'87.5";"NortFolk";"Продается";;"0";"'5.00";;"2026-02-14 04:52:55";"Одежда";"Куртка";"'13.00";"'2.6";"3";"0";"0";"0";"0";"17690,00";"39999,00";;"5%";;
"061611N11N 111-1 46";"3615589595";"3532395406";"04630581117062";"Куртка демисезонная NortFolk на весну";"'74";"NortFolk";"Продается";;"0";"'4.90";;"2026-02-14 04:52:55";"Одежда";"Куртка";"'13.00";"'2.6";"1";"0";"0";"0";"0";"16300,00";"39999,00";;"5%";;
"061611N11N 100 58";"3615589596";"3532395350";"04630581117055";"Куртка демисезонная NortFolk на весну";"'87.5";"NortFolk";"Готов к продаже";;"1";"'4.90";;"2026-02-14 04:52:55";"Одежда";"Куртка";"'13.00";"'2.6";"0";"0";"0";"0";"0";"16300,00";"39999,00";;"5%";;
"067611N11N 24-2 58";"3615589597";"3532395069";"04630581172757";"Куртка демисезонная NortFolk на весну";"'87.5";"NortFolk";"Продается";;"0";"'5.00";;"2026-02-14 04:52:55";"Одежда";"Куртка";"'13.00";"'2.6";"3";"0";"0";"0";"0";"17690,00";"39999,00";;"5%";;
"067611N11N 79 52";"3615589598";"3532395229";"04630581172535";"Куртка демисезонная NortFolk на весну";"'87.5";"NortFolk";"Продается";;"0";"'5.00";;"2026-02-14 04:52:55";"Одежда";"Куртка";"'13.00";"'2.6";"4";"0";"0";"0";"0";"17690,00";"39999,00";;"5%";;
"409430N10N FS 58";"3615596477";"3532400423";"04660426038610";"Куртка женская стеганная короткая NortFolk";"'69.5";"NortFolk";"Готов к продаже";;"2";"'4.90";;"2026-02-14 04:58:27";"Одежда";"Куртка";"'13.00";"'2.6";"0";"0";"0";"0";"0";"15000,00";"29999,00";;"5%";;
"409430N10N 99 56";"3615598068";"3532401657";"04660426038689";"Куртка женская стеганная короткая NortFolk";"'69.5";"NortFolk";"Готов к продаже";;"3";"'4.90";;"2026-02-14 04:59:59";"Одежда";"Куртка";"'13.00";"'2.6";"0";"0";"0";"0";"0";"15000,00";"29999,00";;"5%";;
"409430N10N 99 58";"3615601459";"3532403831";"04660426038696";"Куртка женская стеганная короткая NortFolk";"'69.5";"NortFolk";"Готов к продаже";;"2";"'4.90";;"2026-02-14 05:01:48";"Одежда";"Куртка";"'13.00";"'2.6";"0";"0";"0";"0";"0";"15000,00";"29999,00";;"5%";;
"409430N10N 22 56";"3615612175";"3532411013";"04660426038764";"Куртка женская стеганная короткая NortFolk";"'69.5";"NortFolk";"Готов к продаже";;"2";"'4.90";;"2026-02-14 05:04:18";"Одежда";"Куртка";"'13.00";"'2.6";"0";"0";"0";"0";"0";"15000,00";"29999,00";;"5%";;
"409430N10N 22 58";"3615614324";"3532414120";"04660426038771";"Куртка женская стеганная короткая NortFolk";"'69.5";"NortFolk";"Готов к продаже";;"3";"'4.90";;"2026-02-14 05:05:59";"Одежда";"Куртка";"'13.00";"'2.6";"0";"0";"0";"0";"0";"15000,00";"29999,00";;"5%";;
"409430N10N 255 56";"3615615383";"3532414942";"04660426038849";"Куртка женская стеганная короткая NortFolk";"'69.5";"NortFolk";"Готов к продаже";;"3";"'4.90";;"2026-02-14 05:07:21";"Одежда";"Куртка";"'13.97";"'2.8";"0";"0";"0";"0";"0";"15000,00";"29999,00";;"5%";;
"409430N10N 17 46";"3615616646";"3532415728";"04660426038870";"Куртка женская стеганная короткая NortFolk";"'69.5";"NortFolk";"Готов к продаже";;"1";"'4.90";;"2026-02-14 05:08:45";"Одежда";"Куртка";"'13.97";"'2.8";"0";"0";"0";"0";"0";"15000,00";"29999,00";;"5%";;
"409430N10N 17 52";"3615618169";"3532417459";"04660426038900";"Куртка женская стеганная короткая NortFolk";"'69.5";"NortFolk";"Готов к продаже";;"4";"'4.90";;"2026-02-14 05:10:10";"Одежда";"Куртка";"'13.00";"'2.6";"0";"0";"0";"0";"0";"15000,00";"29999,00";;"5%";;
"409430N10N 36 44";"3615624699";"3532419886";"04660426038948";"Куртка демисезонная NortFolk на весну";"'69.5";"NortFolk";"Готов к продаже";;"2";"'4.90";;"2026-02-14 05:12:53";"Одежда";"Куртка";"'13.00";"'2.6";"0";"0";"0";"0";"0";"15000,00";"29999,00";;"5%";;
"346971N11N 99 54";"3647621766";"3556173938";"04680806012634";"Куртка мужская NortFolk демисезонная с утеплителем синтепух";"'56";"NortFolk";"Продается";;"1";"'5.00";;"2026-02-25 11:25:27";"Одежда";"Куртка";"'15.60";"'3.1";"5";"0";"0";"0";"0";"16000,00";"29900,00";;"5%";;
"346971N11N 73 56";"3647621767";"3556174951";"04680806012788";"Куртка мужская NortFolk демисезонная с утеплителем синтепух";"'87.5";"NortFolk";"Продается";;"0";"'5.00";;"2026-02-25 11:25:27";"Одежда";"Куртка";"'15.60";"'3.1";"5";"0";"0";"0";"0";"16000,00";"29900,00";;"5%";;
"346971N11N 73 52";"3647621770";"3556174579";"04680806012764";"Куртка мужская NortFolk демисезонная с утеплителем синтепух";"'87.5";"NortFolk";"Продается";;"1";"'5.00";;"2026-02-25 11:25:27";"Одежда";"Куртка";"'15.60";"'3.1";"5";"0";"0";"0";"0";"16000,00";"29900,00";;"5%";;
"346971N11N 97 52";"3647621772";"3556173902";"04680806012689";"Куртка мужская NortFolk демисезонная с утеплителем синтепух";"'87.5";"NortFolk";"Продается";;"0";"'5.00";;"2026-02-25 11:25:27";"Одежда";"Куртка";"'15.60";"'3.1";"5";"0";"0";"0";"0";"16000,00";"29900,00";;"5%";;
"346971N11N 97 58";"3647621774";"3556173866";"04680806012719";"Куртка мужская NortFolk демисезонная с утеплителем синтепух";"'87.5";"NortFolk";"Продается";;"0";"'5.00";;"2026-02-25 11:25:27";"Одежда";"Куртка";"'15.60";"'3.1";"5";"0";"0";"0";"0";"16000,00";"29900,00";;"5%";;
"346971N11N 99 52";"3647621777";"3556173954";"04680806012627";"Куртка мужская NortFolk демисезонная с утеплителем синтепух";"'56";"NortFolk";"Продается";;"2";"'5.00";;"2026-02-25 11:25:27";"Одежда";"Куртка";"'15.60";"'3.1";"5";"0";"0";"0";"0";"16000,00";"29900,00";;"5%";;
"346971N11N 753 58";"3647621779";"3556174054";"04660426079453";"Куртка мужская NortFolk демисезонная с утеплителем синтепух";"'69.5";"NortFolk";"Продается";;"0";"'5.00";;"2026-02-25 11:25:27";"Одежда";"Куртка";"'15.60";"'3.1";"4";"0";"0";"0";"0";"16000,00";"29900,00";;"5%";;
"346971N11N 753 56";"3647621780";"3556174006";"04660426079446";"Куртка мужская NortFolk демисезонная с утеплителем синтепух";"'87.5";"NortFolk";"Продается";;"0";"'5.00";;"2026-02-25 11:25:27";"Одежда";"Куртка";"'15.60";"'3.1";"5";"0";"0";"0";"0";"16000,00";"29900,00";;"5%";;
"346971N11N 97 46";"3647621786";"3556174799";"04680806012658";"Куртка мужская NortFolk демисезонная с утеплителем синтепух";"'87.5";"NortFolk";"Продается";;"0";"'5.00";;"2026-02-25 11:25:27";"Одежда";"Куртка";"'15.60";"'3.1";"2";"0";"0";"0";"0";"16000,00";"29900,00";;"5%";;
"346971N11N 99 48";"3647621788";"3556174180";"04680806012603";"Куртка мужская NortFolk демисезонная с утеплителем синтепух";"'56";"NortFolk";"Продается";;"0";"'5.00";;"2026-02-25 11:25:27";"Одежда";"Куртка";"'15.60";"'3.1";"5";"0";"0";"0";"0";"16000,00";"29900,00";;"5%";;
"346971N11N 99 58";"3647621790";"3556173968";"04680806012726";"Куртка мужская NortFolk демисезонная с утеплителем синтепух";"'56";"NortFolk";"Продается";;"0";"'5.00";;"2026-02-25 11:25:27";"Одежда";"Куртка";"'15.60";"'3.1";"5";"0";"0";"0";"0";"16000,00";"29900,00";;"5%";;
"346971N11N 97 48";"3647621792";"3556174209";"04680806012665";"Куртка мужская NortFolk демисезонная с утеплителем синтепух";"'87.5";"NortFolk";"Продается";;"0";"'5.00";;"2026-02-25 11:25:27";"Одежда";"Куртка";"'15.60";"'3.1";"5";"0";"0";"0";"0";"16000,00";"29900,00";;"5%";;
"346971N11N 97 50";"3647621793";"3556174168";"04680806012672";"Куртка мужская NortFolk демисезонная с утеплителем синтепух";"'87.5";"NortFolk";"Продается";;"0";"'5.00";;"2026-02-25 11:25:27";"Одежда";"Куртка";"'15.60";"'3.1";"5";"0";"0";"0";"0";"16000,00";"29900,00";;"5%";;
"346971N11N 73 58";"3647621795";"3556174604";"04680806012795";"Куртка мужская NortFolk демисезонная с утеплителем синтепух";"'87.5";"NortFolk";"Продается";;"0";"'5.00";;"2026-02-25 11:25:27";"Одежда";"Куртка";"'15.60";"'3.1";"4";"0";"0";"0";"0";"16000,00";"29900,00";;"5%";;
"346971N11N 99 50";"3647621800";"3556174831";"04680806012610";"Куртка мужская NortFolk демисезонная с утеплителем синтепух";"'56";"NortFolk";"Продается";;"0";"'5.00";;"2026-02-25 11:25:27";"Одежда";"Куртка";"'15.60";"'3.1";"6";"0";"0";"0";"0";"16000,00";"29900,00";;"5%";;
"346971N11N 73 50";"3647621801";"3556174553";"04680806012757";"Куртка мужская NortFolk демисезонная с утеплителем синтепух";"'87.5";"NortFolk";"Продается";;"0";"'5.00";;"2026-02-25 11:25:27";"Одежда";"Куртка";"'15.60";"'3.1";"6";"0";"0";"0";"0";"16000,00";"29900,00";;"5%";;
"346971N11N 753 54";"3647621803";"3556174065";"04660426079439";"Куртка мужская NortFolk демисезонная с утеплителем синтепух";"'69.5";"NortFolk";"Продается";;"1";"'5.00";;"2026-02-25 11:25:28";"Одежда";"Куртка";"'15.60";"'3.1";"5";"0";"0";"0";"0";"16000,00";"29900,00";;"5%";;
"346971N11N 753 46";"3647621810";"3556173957";"04660426079392";"Куртка мужская NortFolk демисезонная с утеплителем синтепух";"'87.5";"NortFolk";"Продается";;"0";"'5.00";;"2026-02-25 11:25:28";"Одежда";"Куртка";"'15.60";"'3.1";"4";"0";"0";"0";"0";"16000,00";"29900,00";;"5%";;
"346971N11N 97 56";"3647621814";"3556174135";"04680806012702";"Куртка мужская NortFolk демисезонная с утеплителем синтепух";"'87.5";"NortFolk";"Продается";;"0";"'5.00";;"2026-02-25 11:25:28";"Одежда";"Куртка";"'15.60";"'3.1";"5";"0";"0";"0";"0";"16000,00";"29900,00";;"5%";;
"346971N11N 753 52";"3647621815";"3556174769";"04660426079422";"Куртка мужская NortFolk демисезонная с утеплителем синтепух";"'87.5";"NortFolk";"Продается";;"0";"'5.00";;"2026-02-25 11:25:28";"Одежда";"Куртка";"'15.60";"'3.1";"6";"0";"0";"0";"0";"16000,00";"29900,00";;"5%";;
"346971N11N 753 48";"3647621817";"3556174469";"04660426079408";"Куртка мужская NortFolk демисезонная с утеплителем синтепух";"'87.5";"NortFolk";"Продается";;"0";"'5.00";;"2026-02-25 11:25:28";"Одежда";"Куртка";"'15.60";"'3.1";"7";"0";"0";"0";"0";"16000,00";"29900,00";;"5%";;
"346971N11N 99 56";"3647621821";"3556173905";"04680806012641";"Куртка мужская NortFolk демисезонная с утеплителем синтепух";"'56";"NortFolk";"Продается";;"0";"'5.00";;"2026-02-25 11:25:28";"Одежда";"Куртка";"'15.60";"'3.1";"5";"0";"0";"0";"0";"16000,00";"29900,00";;"5%";;
"346971N11N 97 54";"3647621822";"3556174708";"04680806012696";"Куртка мужская NortFolk демисезонная с утеплителем синтепух";"'87.5";"NortFolk";"Продается";;"0";"'5.00";;"2026-02-25 11:25:28";"Одежда";"Куртка";"'15.60";"'3.1";"5";"0";"0";"0";"0";"16000,00";"29900,00";;"5%";;
"346971N11N 73 48";"3647621824";"3556173846";"04680806012740";"Куртка мужская NortFolk демисезонная с утеплителем синтепух";"'87.5";"NortFolk";"Продается";;"0";"'5.00";;"2026-02-25 11:25:28";"Одежда";"Куртка";"'15.60";"'3.1";"4";"0";"0";"0";"0";"16000,00";"29900,00";;"5%";;
"346971N11N 73 46";"3647621830";"3556174105";"04680806012733";"Куртка мужская NortFolk демисезонная с утеплителем синтепух";"'87.5";"NortFolk";"Продается";;"0";"'5.00";;"2026-02-25 11:25:28";"Одежда";"Куртка";"'15.60";"'3.1";"3";"0";"0";"0";"0";"16000,00";"29900,00";;"5%";;
"346971N11N 753 50";"3647621833";"3556174860";"04660426079415";"Куртка мужская NortFolk демисезонная с утеплителем синтепух";"'87.5";"NortFolk";"Продается";;"0";"'5.00";;"2026-02-25 11:25:28";"Одежда";"Куртка";"'15.60";"'3.1";"6";"0";"0";"0";"0";"16000,00";"29900,00";;"5%";;
"346971N11N 99 46";"3647621843";"3556174516";"04630581154135";"Куртка мужская NortFolk демисезонная с утеплителем синтепух";"'74";"NortFolk";"Продается";;"0";"'5.00";;"2026-02-25 11:25:28";"Одежда";"Куртка";"'15.60";"'3.1";"4";"0";"0";"0";"0";"16000,00";"29900,00";;"5%";;
"346971N11N 73 54";"3647621856";"3556174227";"04680806012771";"Куртка мужская NortFolk демисезонная с утеплителем синтепух";"'87.5";"NortFolk";"Продается";;"0";"'5.00";;"2026-02-25 11:25:28";"Одежда";"Куртка";"'15.60";"'3.1";"2";"0";"0";"0";"0";"16000,00";"29900,00";;"5%";;
"828610N10N 99 50";"3648076588";"3556534343";"04630581173990";"Куртка женская на весну NortFolk";"'100";"NortFolk";"Готов к продаже";;"2";"'4.90";;"2026-02-25 14:04:44";"Одежда";"Куртка";"'10.40";"'2.1";"0";"0";"0";"0";"0";"17550,00";"39999,00";;"5%";;
"828610N10N 99 54";"3648076589";"3556534744";"04630581174010";"Куртка женская на весну NortFolk";"'100";"NortFolk";"Продается";;"1";"'4.90";;"2026-02-25 14:04:44";"Одежда";"Куртка";"'10.40";"'2.1";"1";"0";"0";"0";"0";"17550,00";"39999,00";;"5%";;
"828610N10N 25-1 48";"3648076590";"3556534846";"04630581174218";"Куртка женская на весну NortFolk";"'87.5";"NortFolk";"Продается";;"1";"'4.90";;"2026-02-25 14:04:44";"Одежда";"Куртка";"'10.40";"'2.1";"1";"0";"0";"0";"0";"17550,00";"39999,00";;"5%";;
"828610N10N 99 46";"3648076591";"3556535151";"04630581173976";"Куртка женская на весну NortFolk";"'100";"NortFolk";"Продается";;"2";"'4.90";;"2026-02-25 14:04:44";"Одежда";"Куртка";"'10.40";"'2.1";"1";"0";"0";"0";"0";"17550,00";"39999,00";;"5%";;
"828610N10N 255 44";"3648076593";"3556534651";"04630581174263";"Куртка женская на весну NortFolk";"'100";"NortFolk";"Продается";;"1";"'4.90";;"2026-02-25 14:04:44";"Одежда";"Куртка";"'10.40";"'2.1";"2";"0";"0";"0";"0";"17550,00";"39999,00";;"5%";;
"828610N10N 255 56";"3648076594";"3556534923";"04630581174096";"Куртка женская на весну NortFolk";"'100";"NortFolk";"Готов к продаже";;"2";"'4.90";;"2026-02-25 14:04:44";"Одежда";"Куртка";"'10.40";"'2.1";"0";"0";"0";"0";"0";"17550,00";"39999,00";;"5%";;
"828610N10N 17 52";"3648076596";"3556534854";"04630581174317";"Куртка женская на весну NortFolk";"'100";"NortFolk";"Продается";;"0";"'4.90";;"2026-02-25 14:04:44";"Одежда";"Куртка";"'10.40";"'2.1";"1";"0";"0";"0";"0";"17550,00";"39999,00";;"5%";;
"828610N10N 17 58";"3648076598";"3556534685";"04630581174348";"Куртка женская на весну NortFolk";"'100";"NortFolk";"Продается";;"1";"'4.90";;"2026-02-25 14:04:44";"Одежда";"Куртка";"'10.40";"'2.1";"2";"0";"0";"0";"0";"17550,00";"39999,00";;"5%";;
"828610N10N 25-1 50";"3648076599";"3556534920";"04630581174225";"Куртка женская на весну NortFolk";"'100";"NortFolk";"Продается";;"0";"'4.90";;"2026-02-25 14:04:44";"Одежда";"Куртка";"'10.40";"'2.1";"1";"0";"0";"0";"0";"17550,00";"39999,00";;"5%";;
"828610N10N 17 46";"3648076601";"3556534788";"04630581174287";"Куртка женская на весну NortFolk";"'100";"NortFolk";"Готов к продаже";;"2";"'4.90";;"2026-02-25 14:04:44";"Одежда";"Куртка";"'10.40";"'2.1";"0";"0";"0";"0";"0";"17550,00";"39999,00";;"5%";;
"828610N10N 17 54";"3648076608";"3556534785";"04630581174324";"Куртка женская на весну NortFolk";"'100";"NortFolk";"Готов к продаже";;"2";"'4.90";;"2026-02-25 14:04:44";"Одежда";"Куртка";"'10.40";"'2.1";"0";"0";"0";"0";"0";"17550,00";"39999,00";;"5%";;
"828610N10N 99 58";"3648076609";"3556535038";"04630581174034";"Куртка женская на весну NortFolk";"'100";"NortFolk";"Готов к продаже";;"0";"'4.90";;"2026-02-25 14:04:44";"Одежда";"Куртка";"'10.40";"'2.1";"0";"0";"0";"0";"0";"17550,00";"39999,00";;"5%";;
"828610N10N 255 46";"3648076610";"3556535050";"04630581174041";"Куртка женская на весну NortFolk";"'100";"NortFolk";"Продается";;"2";"'4.90";;"2026-02-25 14:04:44";"Одежда";"Куртка";"'10.40";"'2.1";"1";"0";"0";"0";"0";"17550,00";"39999,00";;"5%";;
"828610N10N 25-1 58";"3648076611";"3556534958";"04630581174362";"Куртка женская на весну NortFolk";"'100";"NortFolk";"Продается";;"2";"'4.90";;"2026-02-25 14:04:44";"Одежда";"Куртка";"'10.40";"'2.1";"1";"0";"0";"0";"0";"17550,00";"39999,00";;"5%";;
"828610N10N 17 44";"3648076613";"3556534843";"04630581174270";"Куртка женская на весну NortFolk";"'100";"NortFolk";"Готов к продаже";;"0";"'4.90";;"2026-02-25 14:04:44";"Одежда";"Куртка";"'10.40";"'2.1";"0";"0";"0";"0";"0";"17550,00";"39999,00";;"5%";;
"828610N10N 99 56";"3648076614";"3556534636";"04630581174027";"Куртка женская на весну NortFolk";"'100";"NortFolk";"Готов к продаже";;"1";"'4.90";;"2026-02-25 14:04:44";"Одежда";"Куртка";"'10.40";"'2.1";"0";"0";"0";"0";"0";"17550,00";"39999,00";;"5%";;
"828610N10N 99 48";"3648076618";"3556534635";"04630581173983";"Куртка женская на весну NortFolk";"'100";"NortFolk";"Готов к продаже";;"2";"'4.90";;"2026-02-25 14:04:44";"Одежда";"Куртка";"'10.40";"'2.1";"0";"0";"0";"0";"0";"17550,00";"39999,00";;"5%";;
"828610N10N 17 56";"3648076620";"3556534999";"04630581174331";"Куртка женская на весну NortFolk";"'100";"NortFolk";"Готов к продаже";;"0";"'4.90";;"2026-02-25 14:04:44";"Одежда";"Куртка";"'10.40";"'2.1";"0";"0";"0";"0";"0";"17550,00";"39999,00";;"5%";;
"828610N10N 25-1 44";"3648076621";"3556534895";"04630581174195";"Куртка женская на весну NortFolk";"'100";"NortFolk";"Продается";;"3";"'4.90";;"2026-02-25 14:04:44";"Одежда";"Куртка";"'10.40";"'2.1";"1";"0";"0";"0";"0";"17550,00";"39999,00";;"5%";;
"828610N10N 99 52";"3648076632";"3556534648";"04630581174003";"Куртка женская на весну NortFolk";"'100";"NortFolk";"Готов к продаже";;"3";"'4.90";;"2026-02-25 14:04:45";"Одежда";"Куртка";"'10.40";"'2.1";"0";"0";"0";"0";"0";"17550,00";"39999,00";;"5%";;
"828610N10N 25-1 52";"3648076633";"3556534825";"04630581174232";"Куртка женская на весну NortFolk";"'100";"NortFolk";"Продается";;"0";"'4.90";;"2026-02-25 14:04:45";"Одежда";"Куртка";"'10.40";"'2.1";"2";"0";"0";"0";"0";"17550,00";"39999,00";;"5%";;
"828610N10N 255 48";"3648076639";"3556534686";"04630581174058";"Куртка женская на весну NortFolk";"'100";"NortFolk";"Готов к продаже";;"7";"'4.90";;"2026-02-25 14:04:45";"Одежда";"Куртка";"'10.40";"'2.1";"0";"0";"0";"0";"0";"17550,00";"39999,00";;"5%";;
"828610N10N 255 52";"3648076650";"3556535007";"04630581174072";"Куртка женская на весну NortFolk";"'100";"NortFolk";"Готов к продаже";;"4";"'4.90";;"2026-02-25 14:04:45";"Одежда";"Куртка";"'10.40";"'2.1";"0";"0";"0";"0";"0";"17550,00";"39999,00";;"5%";;
"828610N10N 255 58";"3648076652";"3556534762";"04630581174102";"Куртка женская на весну NortFolk";"'100";"NortFolk";"Продается";;"0";"'4.90";;"2026-02-25 14:04:45";"Одежда";"Куртка";"'10.40";"'2.1";"1";"0";"0";"0";"0";"17550,00";"39999,00";;"5%";;
"828610N10N 25-1 46";"3648076654";"3556534434";"04630581174201";"Куртка женская на весну NortFolk";"'100";"NortFolk";"Продается";;"0";"'4.90";;"2026-02-25 14:04:45";"Одежда";"Куртка";"'10.40";"'2.1";"4";"0";"0";"0";"0";"17550,00";"39999,00";;"5%";;
"828610N10N 25-1 56";"3648076658";"3556535072";"04630581174355";"Куртка женская на весну NortFolk";"'100";"NortFolk";"Продается";;"1";"'4.90";;"2026-02-25 14:04:45";"Одежда";"Куртка";"'10.40";"'2.1";"1";"0";"0";"0";"0";"17550,00";"39999,00";;"5%";;
"828610N10N 17 48";"3648076665";"3556534883";"04630581174294";"Куртка женская на весну NortFolk";"'100";"NortFolk";"Продается";;"1";"'4.90";;"2026-02-25 14:04:45";"Одежда";"Куртка";"'10.40";"'2.1";"1";"0";"0";"0";"0";"17550,00";"39999,00";;"5%";;
"828610N10N 25-1 54";"3648076671";"3556534950";"04630581174249";"Куртка женская на весну NortFolk";"'100";"NortFolk";"Продается";;"3";"'4.90";;"2026-02-25 14:04:45";"Одежда";"Куртка";"'10.40";"'2.1";"2";"0";"0";"0";"0";"17550,00";"39999,00";;"5%";;
"828610N10N 255 50";"3648076701";"3556534910";"04630581174065";"Куртка женская на весну NortFolk";"'100";"NortFolk";"Продается";;"2";"'4.90";;"2026-02-25 14:04:45";"Одежда";"Куртка";"'10.40";"'2.1";"1";"0";"0";"0";"0";"17550,00";"39999,00";;"5%";;
"828610N10N 255 54";"3648076702";"3556535058";"04630581174089";"Куртка женская на весну NortFolk";"'100";"NortFolk";"Готов к продаже";;"2";"'4.90";;"2026-02-25 14:04:45";"Одежда";"Куртка";"'10.40";"'2.1";"0";"0";"0";"0";"0";"17550,00";"39999,00";;"5%";;
"828610N10N 99 44";"3648076703";"3556535000";"04630581174188";"Куртка женская на весну NortFolk";"'100";"NortFolk";"Готов к продаже";;"2";"'4.90";;"2026-02-25 14:04:45";"Одежда";"Куртка";"'10.40";"'2.1";"0";"0";"0";"0";"0";"17550,00";"39999,00";;"5%";;
"828610N10N 17 50";"3648076704";"3556534924";"04630581174300";"Куртка женская на весну NortFolk";"'100";"NortFolk";"Готов к продаже";;"1";"'4.90";;"2026-02-25 14:04:45";"Одежда";"Куртка";"'10.40";"'2.1";"0";"0";"0";"0";"0";"17550,00";"39999,00";;"5%";;
"433590Y21N 260/21 54";"4792061681";"4479702677";"04660426874966";"Куртка женская с утеплителем синтепух";"'69.5";"NortFolk";"Продается";;"1";"'4.90";;"2026-05-28 09:39:05";"Одежда";"Куртка";"'13.68";"'2.7";"6";"0";"0";"0";"0";"21990,00";"26900,00";;"5%";;
"433590Y21N 260/21 56";"4792118773";"4479758588";"04660426874973";"Куртка женская с утеплителем синтепух";"'69.5";"NortFolk";"Продается";;"1";"'4.90";;"2026-05-28 09:41:24";"Одежда";"Куртка";"'13.68";"'2.7";"3";"0";"0";"0";"0";"21990,00";"26900,00";;"5%";;
"433590Y21N 260/21 58";"4792162872";"4479779119";"04660426874980";"Куртка женская с утеплителем синтепух";"'69.5";"NortFolk";"Продается";;"0";"'4.90";;"2026-05-28 09:43:03";"Одежда";"Куртка";"'13.68";"'2.7";"3";"0";"0";"0";"0";"21990,00";"26900,00";;"5%";;
"231160Y21N 99 56";"4811364707";"4496005271";"04660426981022";"Куртка женская с утеплителем синтепух";"'37.5";"NortFolk";"Продается";;"0";"'0.00";;"2026-05-29 11:11:55";"Одежда";"Куртка";"'26.00";"'5.2";"3";"0";"0";"0";"0";"23500,00";"27900,00";;"5%";;
"231160Y21N 225 44";"4811364709";"4496004958";"04660426980940";"Куртка женская с утеплителем синтепух";"'37.5";"NortFolk";"Продается";;"0";"'0.00";;"2026-05-29 11:11:55";"Одежда";"Куртка";"'26.00";"'5.2";"4";"0";"0";"0";"0";"23500,00";"27900,00";;"5%";;
"211160Y21N 25 50";"4811364714";"4496004580";"04660426990550";"Куртка женская зимняя парка NortFolk с капюшоном удлиненная на синтепухе Зима 2026";"'32";"NortFolk";"Продается";;"0";"'0.00";;"2026-05-29 11:11:55";"Одежда";"Куртка";"'26.00";"'5.2";"4";"0";"0";"0";"0";"26800,00";"28900,00";;"5%";;
"211160Y21N 159 54";"4811364715";"4496004535";"04660426990826";"Куртка женская зимняя парка NortFolk с капюшоном удлиненная на синтепухе Зима 2026";"'50";"NortFolk";"Продается";;"0";"'0.00";;"2026-05-29 11:11:55";"Одежда";"Куртка";"'26.00";"'5.2";"4";"0";"0";"0";"0";"26800,00";"28900,00";;"5%";;
"211160Y21N 159 48";"4811364718";"4496008419";"04660426990796";"Куртка женская зимняя парка NortFolk с капюшоном удлиненная на синтепухе Зима 2026";"'50";"NortFolk";"Продается";;"0";"'0.00";;"2026-05-29 11:11:55";"Одежда";"Куртка";"'26.00";"'5.2";"4";"0";"0";"0";"0";"26800,00";"28900,00";;"5%";;
"433590Y21NB FS/21 64";"4811364721";"4496004444";"04650644156180";"Куртка женская с утеплителем синтепух";"'42";"NortFolk";"Продается";;"0";"'4.90";;"2026-05-29 11:11:55";"Одежда";"Куртка";"'26.00";"'5.2";"4";"0";"0";"0";"0";"23990,00";"28900,00";;"5%";;
"231160Y21N 225 46";"4811364724";"4496009441";"04660426980957";"Куртка женская с утеплителем синтепух";"'37.5";"NortFolk";"Продается";;"0";"'0.00";;"2026-05-29 11:11:55";"Одежда";"Куртка";"'26.00";"'5.2";"4";"0";"0";"0";"0";"23500,00";"27900,00";;"5%";;
"737951N10C 100 56";"4811364726";"4496008172";"04680806036623";"Куртка мужская на тонком синтепоне";"'42";"NortFolk";"Продается";;"0";"'0.00";;"2026-05-29 11:11:55";"Одежда";"Куртка";"'26.00";"'5.2";"3";"0";"0";"0";"0";"15900,00";"22500,00";;"5%";;
"211160Y21N 159 44";"4811364729";"4496003988";"04650644158214";"Куртка женская зимняя парка NortFolk с капюшоном удлиненная на синтепухе Зима 2026";"'50";"NortFolk";"Продается";;"0";"'0.00";;"2026-05-29 11:11:55";"Одежда";"Куртка";"'26.00";"'5.2";"3";"0";"0";"0";"0";"26800,00";"28900,00";;"5%";;
"231160Y21N 225 56";"4811364731";"4495999346";"04660426981008";"Куртка женская с утеплителем синтепух";"'37.5";"NortFolk";"Продается";;"0";"'0.00";;"2026-05-29 11:11:55";"Одежда";"Куртка";"'26.00";"'5.2";"4";"0";"0";"0";"0";"23500,00";"27900,00";;"5%";;
"231160Y21N 99 46";"4811364732";"4496004855";"04660426980896";"Куртка женская с утеплителем синтепух";"'37.5";"NortFolk";"Продается";;"0";"'0.00";;"2026-05-29 11:11:55";"Одежда";"Куртка";"'26.00";"'5.2";"3";"0";"0";"0";"0";"23500,00";"27900,00";;"5%";;
"211160Y21N 25 48";"4811364733";"4496004348";"04660426990543";"Куртка женская зимняя парка NortFolk с капюшоном удлиненная на синтепухе Зима 2026";"'32";"NortFolk";"Продается";;"0";"'0.00";;"2026-05-29 11:11:55";"Одежда";"Куртка";"'26.00";"'5.2";"4";"0";"0";"0";"0";"26800,00";"28900,00";;"5%";;
"737951N10CB 97 68";"4811364734";"4496004201";"04680806036821";"Куртка мужская на тонком синтепоне";"'37.5";"NortFolk";"Продается";;"0";"'0.00";;"2026-05-29 11:11:55";"Одежда";"Куртка";"'26.00";"'5.2";"3";"0";"0";"0";"0";"16900,00";"23500,00";;"5%";;
"211160Y21N 25 52";"4811364740";"4495996255";"04660426990567";"Куртка женская зимняя парка NortFolk с капюшоном удлиненная на синтепухе Зима 2026";"'32";"NortFolk";"Продается";;"0";"'0.00";;"2026-05-29 11:11:55";"Одежда";"Куртка";"'26.00";"'5.2";"4";"0";"0";"0";"0";"26800,00";"28900,00";;"5%";;
"211160Y21N 159 58";"4811364742";"4496003631";"04660426990840";"Куртка женская зимняя парка NortFolk с капюшоном удлиненная на синтепухе Зима 2026";"'50";"NortFolk";"Продается";;"0";"'0.00";;"2026-05-29 11:11:55";"Одежда";"Куртка";"'26.00";"'5.2";"4";"0";"0";"0";"0";"26800,00";"28900,00";;"5%";;
"433590Y21NB FS/21 60";"4811364743";"4496008645";"04650644156166";"Куртка женская с утеплителем синтепух";"'42";"NortFolk";"Продается";;"0";"'4.90";;"2026-05-29 11:11:55";"Одежда";"Куртка";"'26.00";"'5.2";"4";"0";"0";"0";"0";"23990,00";"28900,00";;"5%";;
"211160Y21N 159 50";"4811364744";"4496004809";"04660426990802";"Куртка женская зимняя парка NortFolk с капюшоном удлиненная на синтепухе Зима 2026";"'50";"NortFolk";"Продается";;"0";"'0.00";;"2026-05-29 11:11:55";"Одежда";"Куртка";"'26.00";"'5.2";"4";"0";"0";"0";"0";"26800,00";"28900,00";;"5%";;
"211160Y21N 98 48";"4811364746";"4496004872";"04660426990604";"Куртка женская зимняя парка NortFolk с капюшоном удлиненная на синтепухе Зима 2026";"'32";"NortFolk";"Продается";;"0";"'0.00";;"2026-05-29 11:11:55";"Одежда";"Куртка";"'26.00";"'5.2";"4";"0";"0";"0";"0";"26800,00";"28900,00";;"5%";;
"737951N10C 100 48";"4811364747";"4496004621";"04650644156401";"Куртка мужская на тонком синтепоне";"'42";"NortFolk";"Продается";;"0";"'0.00";;"2026-05-29 11:11:55";"Одежда";"Куртка";"'26.00";"'5.2";"3";"0";"0";"0";"0";"15900,00";"22500,00";;"5%";;
"433590Y21NB FS/21 68";"4811364748";"4496003838";"04650644156203";"Куртка женская с утеплителем синтепух";"'42";"NortFolk";"Продается";;"0";"'4.90";;"2026-05-29 11:11:55";"Одежда";"Куртка";"'26.00";"'5.2";"4";"0";"0";"0";"0";"23990,00";"28900,00";;"5%";;
"211160Y21N 25 56";"4811364749";"4496005472";"04660426990581";"Куртка женская зимняя парка NortFolk с капюшоном удлиненная на синтепухе Зима 2026";"'32";"NortFolk";"Продается";;"0";"'0.00";;"2026-05-29 11:11:55";"Одежда";"Куртка";"'26.00";"'5.2";"4";"0";"0";"0";"0";"26800,00";"28900,00";;"5%";;
"737951N10C 100 52";"4811364753";"4496007585";"04680806036609";"Куртка мужская на тонком синтепоне";"'42";"NortFolk";"Продается";;"0";"'0.00";;"2026-05-29 11:11:55";"Одежда";"Куртка";"'26.00";"'5.2";"5";"0";"0";"0";"0";"15900,00";"22500,00";;"5%";;
"231160Y21N 225 48";"4811364754";"4496005491";"04660426980964";"Куртка женская с утеплителем синтепух";"'37.5";"NortFolk";"Продается";;"0";"'0.00";;"2026-05-29 11:11:55";"Одежда";"Куртка";"'26.00";"'5.2";"4";"0";"0";"0";"0";"23500,00";"27900,00";;"5%";;
"737951N10CB 97 62";"4811364755";"4496004586";"04680806036791";"Куртка мужская на тонком синтепоне";"'37.5";"NortFolk";"Продается";;"0";"'0.00";;"2026-05-29 11:11:55";"Одежда";"Куртка";"'26.00";"'5.2";"4";"0";"0";"0";"0";"16900,00";"23500,00";;"5%";;
"211160Y21N 25 44";"4811364756";"4496004654";"04660426990666";"Куртка женская зимняя парка NortFolk с капюшоном удлиненная на синтепухе Зима 2026";"'54.5";"NortFolk";"Продается";;"0";"'0.00";;"2026-05-29 11:11:55";"Одежда";"Куртка";"'26.00";"'5.2";"3";"0";"0";"0";"0";"26800,00";"28900,00";;"5%";;
"231160Y21N 99 58";"4811364759";"4496004472";"04660426981039";"Куртка женская с утеплителем синтепух";"'37.5";"NortFolk";"Продается";;"0";"'0.00";;"2026-05-29 11:11:55";"Одежда";"Куртка";"'26.00";"'5.2";"4";"0";"0";"0";"0";"23500,00";"27900,00";;"5%";;
"845790N20N 17 44";"4811364761";"4496005456";"2085303210330";"Пальто женское на синтепоне";"'42";"NortFolk";"Готов к продаже";;"0";"'0.00";;"2026-05-29 11:11:55";"Одежда";"Куртка";"'26.00";"'5.2";"0";"0";"0";"0";"0";"25990,00";"35000,00";;"5%";;
"211160Y21N 98 58";"4811364762";"4496004653";"04660426990659";"Куртка женская зимняя парка NortFolk с капюшоном удлиненная на синтепухе Зима 2026";"'32";"NortFolk";"Продается";;"0";"'0.00";;"2026-05-29 11:11:55";"Одежда";"Куртка";"'26.00";"'5.2";"4";"0";"0";"0";"0";"26800,00";"28900,00";;"5%";;
"231160Y21N 99 48";"4811364764";"4496005202";"04660426980902";"Куртка женская с утеплителем синтепух";"'37.5";"NortFolk";"Продается";;"0";"'0.00";;"2026-05-29 11:11:55";"Одежда";"Куртка";"'26.00";"'5.2";"4";"0";"0";"0";"0";"23500,00";"27900,00";;"5%";;
"211160Y21N 159 52";"4811364768";"4496003918";"04660426990819";"Куртка женская зимняя парка NortFolk с капюшоном удлиненная на синтепухе Зима 2026";"'50";"NortFolk";"Продается";;"0";"'0.00";;"2026-05-29 11:11:55";"Одежда";"Куртка";"'26.00";"'5.2";"4";"0";"0";"0";"0";"26800,00";"28900,00";;"5%";;
"211160Y21N 25 54";"4811364770";"4496004320";"04660426990574";"Куртка женская зимняя парка NortFolk с капюшоном удлиненная на синтепухе Зима 2026";"'32";"NortFolk";"Продается";;"0";"'0.00";;"2026-05-29 11:11:55";"Одежда";"Куртка";"'26.00";"'5.2";"4";"0";"0";"0";"0";"26800,00";"28900,00";;"5%";;
"737951N10CB 90 62";"4811364771";"4496005002";"04680806036852";"Куртка мужская на тонком синтепоне";"'37.5";"NortFolk";"Продается";;"0";"'0.00";;"2026-05-29 11:11:55";"Одежда";"Куртка";"'26.00";"'5.2";"3";"0";"0";"0";"0";"16900,00";"23500,00";;"5%";;
"211160Y21N 98 46";"4811364777";"4496004362";"04660426990765";"Куртка женская зимняя парка NortFolk с капюшоном удлиненная на синтепухе Зима 2026";"'32";"NortFolk";"Продается";;"0";"'0.00";;"2026-05-29 11:11:55";"Одежда";"Куртка";"'26.00";"'5.2";"4";"0";"0";"0";"0";"26800,00";"28900,00";;"5%";;
"737951N10C 100 54";"4811364779";"4496005232";"04680806036616";"Куртка мужская на тонком синтепоне";"'42";"NortFolk";"Продается";;"0";"'0.00";;"2026-05-29 11:11:55";"Одежда";"Куртка";"'26.00";"'5.2";"5";"0";"0";"0";"0";"15900,00";"22500,00";;"5%";;
"737951N10CB 97 60";"4811364780";"4496007615";"04680806036784";"Куртка мужская на тонком синтепоне";"'37.5";"NortFolk";"Продается";;"0";"'0.00";;"2026-05-29 11:11:55";"Одежда";"Куртка";"'26.00";"'5.2";"4";"0";"0";"0";"0";"16900,00";"23500,00";;"5%";;
"231160Y21N 99 50";"4811364781";"4496008490";"04660426980919";"Куртка женская с утеплителем синтепух";"'37.5";"NortFolk";"Продается";;"0";"'0.00";;"2026-05-29 11:11:55";"Одежда";"Куртка";"'26.00";"'5.2";"4";"0";"0";"0";"0";"23500,00";"27900,00";;"5%";;
"737951N10C 90 48";"4811364784";"4496004148";"04650644156425";"Куртка мужская на тонком синтепоне";"'37.5";"NortFolk";"Продается";;"0";"'0.00";;"2026-05-29 11:11:55";"Одежда";"Куртка";"'26.00";"'5.2";"4";"0";"0";"0";"0";"15900,00";"22500,00";;"5%";;
"231160Y21N 225 52";"4811364787";"4496005008";"04660426980988";"Куртка женская с утеплителем синтепух";"'37.5";"NortFolk";"Продается";;"0";"'0.00";;"2026-05-29 11:11:55";"Одежда";"Куртка";"'26.00";"'5.2";"4";"0";"0";"0";"0";"23500,00";"27900,00";;"5%";;
"211160Y21N 98 56";"4811364791";"4496004264";"04660426990642";"Куртка женская зимняя парка NortFolk с капюшоном удлиненная на синтепухе Зима 2026";"'32";"NortFolk";"Продается";;"0";"'0.00";;"2026-05-29 11:11:55";"Одежда";"Куртка";"'26.00";"'5.2";"4";"0";"0";"0";"0";"26800,00";"28900,00";;"5%";;
"211160Y21N 98 52";"4811364796";"4496008684";"04660426990628";"Куртка женская зимняя парка NortFolk с капюшоном удлиненная на синтепухе Зима 2026";"'32";"NortFolk";"Продается";;"0";"'0.00";;"2026-05-29 11:11:55";"Одежда";"Куртка";"'26.00";"'5.2";"4";"0";"0";"0";"0";"26800,00";"28900,00";;"5%";;
"231160Y21N 99 52";"4811364804";"4496004002";"04660426980926";"Куртка женская с утеплителем синтепух";"'37.5";"NortFolk";"Продается";;"0";"'0.00";;"2026-05-29 11:11:55";"Одежда";"Куртка";"'26.00";"'5.2";"4";"0";"0";"0";"0";"23500,00";"27900,00";;"5%";;
"211160Y21N 98 50";"4811364806";"4495996078";"04660426990611";"Куртка женская зимняя парка NortFolk с капюшоном удлиненная на синтепухе Зима 2026";"'32";"NortFolk";"Продается";;"0";"'0.00";;"2026-05-29 11:11:55";"Одежда";"Куртка";"'26.00";"'5.2";"4";"0";"0";"0";"0";"26800,00";"28900,00";;"5%";;
"433590Y21NB FS/21 70";"4811364807";"4496004030";"04650644156210";"Куртка женская с утеплителем синтепух";"'42";"NortFolk";"Продается";;"0";"'4.90";;"2026-05-29 11:11:55";"Одежда";"Куртка";"'26.00";"'5.2";"4";"0";"0";"0";"0";"23990,00";"28900,00";;"5%";;
"211160Y21N 159 46";"4811364809";"4496004072";"04660426990789";"Куртка женская зимняя парка NortFolk с капюшоном удлиненная на синтепухе Зима 2026";"'50";"NortFolk";"Продается";;"0";"'0.00";;"2026-05-29 11:11:55";"Одежда";"Куртка";"'26.00";"'5.2";"4";"0";"0";"0";"0";"26800,00";"28900,00";;"5%";;
"737951N10C 100 58";"4811364811";"4496004146";"04680806036630";"Куртка мужская на тонком синтепоне";"'42";"NortFolk";"Продается";;"0";"'0.00";;"2026-05-29 11:11:55";"Одежда";"Куртка";"'26.00";"'5.2";"4";"0";"0";"0";"0";"15900,00";"22500,00";;"5%";;
"231160Y21N 225 54";"4811364815";"4496003958";"04660426980995";"Куртка женская с утеплителем синтепух";"'37.5";"NortFolk";"Продается";;"0";"'0.00";;"2026-05-29 11:11:55";"Одежда";"Куртка";"'26.00";"'5.2";"4";"0";"0";"0";"0";"23500,00";"27900,00";;"5%";;
"433590Y21NB FS/21 66";"4811364816";"4496005081";"04650644156197";"Куртка женская с утеплителем синтепух";"'42";"NortFolk";"Продается";;"0";"'4.90";;"2026-05-29 11:11:55";"Одежда";"Куртка";"'26.00";"'5.2";"4";"0";"0";"0";"0";"23990,00";"28900,00";;"5%";;
"433590Y21NB FS/21 62";"4811364817";"4496005618";"04650644156173";"Куртка женская с утеплителем синтепух";"'42";"NortFolk";"Продается";;"0";"'4.90";;"2026-05-29 11:11:55";"Одежда";"Куртка";"'26.00";"'5.2";"4";"0";"0";"0";"0";"23990,00";"28900,00";;"5%";;
"211160Y21N 159 56";"4811364818";"4496003976";"04660426990833";"Куртка женская зимняя парка NortFolk с капюшоном удлиненная на синтепухе Зима 2026";"'50";"NortFolk";"Продается";;"0";"'0.00";;"2026-05-29 11:11:55";"Одежда";"Куртка";"'26.00";"'5.2";"4";"0";"0";"0";"0";"26800,00";"28900,00";;"5%";;
"211160Y21N 98 54";"4811364820";"4496005120";"04660426990635";"Куртка женская зимняя парка NortFolk с капюшоном удлиненная на синтепухе Зима 2026";"'32";"NortFolk";"Продается";;"0";"'0.00";;"2026-05-29 11:11:55";"Одежда";"Куртка";"'26.00";"'5.2";"3";"0";"0";"0";"0";"26800,00";"28900,00";;"5%";;
"737951N10CB 90 64";"4811364821";"4496004637";"04680806036869";"Куртка мужская на тонком синтепоне";"'37.5";"NortFolk";"Продается";;"0";"'0.00";;"2026-05-29 11:11:55";"Одежда";"Куртка";"'26.00";"'5.2";"3";"0";"0";"0";"0";"16900,00";"23500,00";;"5%";;
"231160Y21N 99 44";"4811364826";"4496008062";"04660426980889";"Куртка женская с утеплителем синтепух";"'37.5";"NortFolk";"Продается";;"0";"'0.00";;"2026-05-29 11:11:55";"Одежда";"Куртка";"'26.00";"'5.2";"4";"0";"0";"0";"0";"23500,00";"27900,00";;"5%";;
"211160Y21N 25 58";"4811364836";"4496004213";"04660426990598";"Куртка женская зимняя парка NortFolk с капюшоном удлиненная на синтепухе Зима 2026";"'32";"NortFolk";"Продается";;"0";"'0.00";;"2026-05-29 11:11:55";"Одежда";"Куртка";"'26.00";"'5.2";"4";"0";"0";"0";"0";"26800,00";"28900,00";;"5%";;
"737951N10CB 97 70";"4811364850";"4496004135";"04680806036838";"Куртка мужская на тонком синтепоне";"'37.5";"NortFolk";"Продается";;"0";"'0.00";;"2026-05-29 11:11:55";"Одежда";"Куртка";"'26.00";"'5.2";"1";"0";"0";"0";"0";"16900,00";"23500,00";;"5%";;
"737951N10C 100 50";"4811364856";"4496005026";"04680806036593";"Куртка мужская на тонком синтепоне";"'42";"NortFolk";"Продается";;"0";"'0.00";;"2026-05-29 11:11:55";"Одежда";"Куртка";"'26.00";"'5.2";"5";"0";"0";"0";"0";"15900,00";"22500,00";;"5%";;
"737951N10CB 97 66";"4811364877";"4496005477";"04680806036814";"Куртка мужская на тонком синтепоне";"'37.5";"NortFolk";"Продается";;"0";"'0.00";;"2026-05-29 11:11:56";"Одежда";"Куртка";"'26.00";"'5.2";"3";"0";"0";"0";"0";"16900,00";"23500,00";;"5%";;
"211160Y21N 98 44";"4811364894";"4496004029";"04660426990758";"Куртка женская зимняя парка NortFolk с капюшоном удлиненная на синтепухе Зима 2026";"'32";"NortFolk";"Продается";;"0";"'0.00";;"2026-05-29 11:11:56";"Одежда";"Куртка";"'26.00";"'5.2";"3";"0";"0";"0";"0";"26800,00";"28900,00";;"5%";;
"737951N10CB 97 64";"4811364910";"4496004308";"04680806036807";"Куртка мужская на тонком синтепоне";"'37.5";"NortFolk";"Продается";;"0";"'0.00";;"2026-05-29 11:11:56";"Одежда";"Куртка";"'26.00";"'5.2";"4";"0";"0";"0";"0";"16900,00";"23500,00";;"5%";;
"231160Y21N 99 54";"4811364911";"4496004619";"04660426980933";"Куртка женская с утеплителем синтепух";"'37.5";"NortFolk";"Продается";;"0";"'0.00";;"2026-05-29 11:11:56";"Одежда";"Куртка";"'26.00";"'5.2";"4";"0";"0";"0";"0";"23500,00";"27900,00";;"5%";;
"737951N10CB 90 60";"4811364912";"4495996614";"04680806036845";"Куртка мужская на тонком синтепоне";"'37.5";"NortFolk";"Продается";;"0";"'0.00";;"2026-05-29 11:11:56";"Одежда";"Куртка";"'26.00";"'5.2";"3";"0";"0";"0";"0";"16900,00";"23500,00";;"5%";;
"231160Y21N 225 58";"4811364915";"4496004842";"04660426981015";"Куртка женская с утеплителем синтепух";"'37.5";"NortFolk";"Продается";;"0";"'0.00";;"2026-05-29 11:11:56";"Одежда";"Куртка";"'26.00";"'5.2";"4";"0";"0";"0";"0";"23500,00";"27900,00";;"5%";;
"231160Y21N 225 50";"4811364922";"4496004837";"04660426980971";"Куртка женская с утеплителем синтепух";"'37.5";"NortFolk";"Продается";;"0";"'0.00";;"2026-05-29 11:11:56";"Одежда";"Куртка";"'26.00";"'5.2";"4";"0";"0";"0";"0";"23500,00";"27900,00";;"5%";;
"211160Y21N 25 46";"4811364924";"4495996505";"04660426990673";"Куртка женская зимняя парка NortFolk с капюшоном удлиненная на синтепухе Зима 2026";"'32";"NortFolk";"Продается";;"0";"'0.00";;"2026-05-29 11:11:56";"Одежда";"Куртка";"'26.00";"'5.2";"3";"0";"0";"0";"0";"26800,00";"28900,00";;"5%";;
"SU19757 100 46";"5175503356";"4803410734";"2085302832885";"Парка мужская зимняя куртка Shark Force";"'69.5";"Shark Force";"Продается";;"0";"'4.80";;"2026-06-20 04:08:17";"Одежда";"Парка";"'26.00";"'5.2";"2";"0";"0";"0";"0";"35800,00";"43950,00";;"5%";;
"SU19757 100 48";"5175535102";"4803411440";"2085302832892";"Парка мужская зимняя куртка Shark Force";"'69.5";"Shark Force";"Продается";;"0";"'4.80";;"2026-06-20 04:12:25";"Одежда";"Парка";"'26.00";"'5.2";"6";"0";"0";"0";"0";"35800,00";"43950,00";;"5%";;
"SU19757 75 46";"5175546036";"4803411052";"2085302918329";"Парка мужская зимняя куртка Shark Force";"'69.5";"Shark Force";"Продается";;"0";"'4.80";;"2026-06-20 04:14:03";"Одежда";"Парка";"'26.00";"'5.2";"3";"0";"0";"0";"0";"35800,00";"43950,00";;"5%";;
"SU19757 75 48";"5175552912";"4803410762";"2085302918336";"Парка мужская зимняя куртка Shark Force";"'69.5";"Shark Force";"Продается";;"0";"'4.80";;"2026-06-20 04:15:13";"Одежда";"Парка";"'26.00";"'5.2";"7";"0";"0";"0";"0";"35800,00";"43950,00";;"5%";;
"SU19757 75 56";"5175560504";"4803215373";"2085302918374";"Парка мужская зимняя куртка Shark Force";"'69.5";"Shark Force";"Продается";;"0";"'4.80";;"2026-06-20 04:16:16";"Одежда";"Парка";"'26.00";"'5.2";"6";"0";"0";"0";"0";"35800,00";"43950,00";;"5%";;
"SU19757 75 58";"5175570050";"4803221463";"2085302918381";"Парка мужская зимняя куртка Shark Force";"'69.5";"Shark Force";"Продается";;"0";"'4.80";;"2026-06-20 04:17:36";"Одежда";"Парка";"'26.00";"'5.2";"3";"0";"0";"0";"0";"35800,00";"43950,00";;"5%";;
"SU19757 BF42 46";"5175576279";"4803226398";"2085302832946";"Парка мужская зимняя куртка Shark Force";"'69.5";"Shark Force";"Продается";;"0";"'4.80";;"2026-06-20 04:18:56";"Одежда";"Парка";"'26.00";"'5.2";"2";"0";"0";"0";"0";"35800,00";"43950,00";;"5%";;
"SU19757 BF42 58";"5175581207";"4803230978";"2085302918398";"Парка мужская зимняя куртка Shark Force";"'69.5";"Shark Force";"Продается";;"0";"'4.80";;"2026-06-20 04:19:59";"Одежда";"Парка";"'26.00";"'5.2";"2";"0";"0";"0";"0";"35800,00";"43950,00";;"5%";;
"SU19757 BF14 46";"5175592981";"4803413033";"2085302833073";"Парка мужская зимняя куртка Shark Force";"'69.5";"Shark Force";"Продается";;"0";"'4.80";;"2026-06-20 04:21:43";"Одежда";"Парка";"'26.00";"'5.2";"3";"0";"0";"0";"0";"35800,00";"43950,00";;"5%";;
"SU19757 BF14 48";"5175604168";"4803397841";"2085302833080";"Парка мужская зимняя куртка Shark Force";"'69.5";"Shark Force";"Продается";;"0";"'4.80";;"2026-06-20 04:22:46";"Одежда";"Парка";"'26.00";"'5.2";"5";"0";"0";"0";"0";"35800,00";"43950,00";;"5%";;
"SU19757 BF10 54";"5175616061";"4803263336";"2085302833189";"Парка мужская зимняя куртка Shark Force";"'69.5";"Shark Force";"Продается";;"0";"'4.80";;"2026-06-20 04:23:50";"Одежда";"Парка";"'26.00";"'5.2";"2";"0";"0";"0";"0";"35800,00";"43950,00";;"5%";;
"SU19757 BF10 56";"5175622620";"4803266670";"2085302833196";"Парка мужская зимняя куртка Shark Force";"'69.5";"Shark Force";"Продается";;"0";"'4.80";;"2026-06-20 04:24:59";"Одежда";"Парка";"'26.00";"'5.2";"3";"0";"0";"0";"0";"35800,00";"43950,00";;"5%";;
"SU19757 BF10 58";"5175629314";"4803272418";"2085302918404";"Парка мужская зимняя куртка Shark Force";"'69.5";"Shark Force";"Продается";;"0";"'4.80";;"2026-06-20 04:25:58";"Одежда";"Парка";"'26.00";"'5.2";"2";"0";"0";"0";"0";"35800,00";"43950,00";;"5%";;
"SU19757 BF152 52";"5175755947";"4803383745";"2085303167719";"Куртка мужская с утеплителем синтепух";"'28.5";"Shark Force";"Продается";;"0";"'0.00";;"2026-06-20 04:44:01";"Одежда";"Парка";"'42.00";"'8.4";"5";"0";"0";"0";"0";"35800,00";"43950,00";;"5%";;
"SU19757 BF152 56";"5175755969";"4803385791";"2085303167733";"Куртка мужская с утеплителем синтепух";"'28.5";"Shark Force";"Продается";;"0";"'0.00";;"2026-06-20 04:44:01";"Одежда";"Парка";"'42.00";"'8.4";"4";"0";"0";"0";"0";"35800,00";"43950,00";;"5%";;
"SU19757 BF152 46";"5175756039";"4803386134";"2085303167689";"Куртка мужская с утеплителем синтепух";"'28.5";"Shark Force";"Продается";;"0";"'4.80";;"2026-06-20 04:44:01";"Одежда";"Парка";"'42.00";"'8.4";"2";"0";"0";"0";"0";"35800,00";"43950,00";;"5%";;
"SU19757 BF152 58";"5175756052";"4803382691";"2085303167740";"Куртка мужская с утеплителем синтепух";"'28.5";"Shark Force";"Продается";;"0";"'0.00";;"2026-06-20 04:44:02";"Одежда";"Парка";"'42.00";"'8.4";"2";"0";"0";"0";"0";"35800,00";"43950,00";;"5%";;
"SU19757 BF152 54";"5175756061";"4803382802";"2085303167726";"Куртка мужская с утеплителем синтепух";"'28.5";"Shark Force";"Продается";;"0";"'0.00";;"2026-06-20 04:44:02";"Одежда";"Парка";"'42.00";"'8.4";"3";"0";"0";"0";"0";"35800,00";"43950,00";;"5%";;
"SU19757 BF152 48";"5175756062";"4803383637";"2085303167696";"Куртка мужская с утеплителем синтепух";"'28.5";"Shark Force";"Продается";;"0";"'0.00";;"2026-06-20 04:44:02";"Одежда";"Парка";"'42.00";"'8.4";"4";"0";"0";"0";"0";"35800,00";"43950,00";;"5%";;
"SU19757 BF152 50";"5175756063";"4803385790";"2085303167702";"Куртка мужская с утеплителем синтепух";"'28.5";"Shark Force";"Продается";;"0";"'0.00";;"2026-06-20 04:44:02";"Одежда";"Парка";"'42.00";"'8.4";"6";"0";"0";"0";"0";"35800,00";"43950,00";;"5%";;
"SU19757 BF14 58";"5176148996";"4803719958";"2085302908771";"Парка мужская зимняя куртка Shark Force";"'69.5";"Shark Force";"Продается";;"0";"'4.80";;"2026-06-20 05:28:56";"Одежда";"Парка";"'26.00";"'5.2";"3";"0";"0";"0";"0";"35800,00";"43950,00";;"5%";;
"031820N11CJ 223 42";"5538163308";"5110363874";"2085303049428";"Жилетка утепленная стеганая City Classic";"'77.5";"City Classic";"Готов к продаже";;"0";"'5.00";;"2026-07-17 08:56:49";"Одежда";"Жилет";"'17.48";"'3.5";"0";"0";"0";"0";"0";"11920,00";"19550,00";;"5%";;
"031820N11CJ 3-2 44";"5538197917";"5110402371";"2085302895705";"Жилетка утепленная стеганая City Classic";"'82";"City Classic";"Готов к продаже";;"0";"'5.00";;"2026-07-17 08:58:23";"Одежда";"Жилет";"'17.48";"'3.5";"0";"0";"0";"0";"0";"11920,00";"19550,00";;"5%";;
"031820N11CJ 3-2 58";"5538230833";"5110425929";"2085302895774";"Жилетка утепленная стеганая City Classic";"'82";"City Classic";"Готов к продаже";;"0";"'5.00";;"2026-07-17 08:59:48";"Одежда";"Жилет";"'17.48";"'3.5";"0";"0";"0";"0";"0";"11920,00";"19550,00";;"5%";;
"312580Y22N 67 52";"5541979235";"5113604486";"2085303204094";"Пальто женское зимнее на синтепоне NortFolk";"'15";"NortFolk";"Не продается";;"0";"'0.00";"Нет фото в карточке товара";"2026-07-17 13:51:31";"Одежда";"Пальто";"'31.20";"'6.2";"0";"0";"0";"0";"0";"49999,00";"49999,00";;"5%";;"Изображение: Нет фотографии товара. Вы можете поставлять товары без фото на склад, но покупатели не увидят товар на сайте. Для загрузки карточки на сайт добавьте фото товара по нашим правилам"
"320580Y20N 106/106 48";"5541979237";"5113600678";"2085303202670";"Пальто женское зимнее на синтепоне NortFolk";"'42";"NortFolk";"Продается";;"0";"'0.00";;"2026-07-17 13:51:32";"Одежда";"Пальто";"'26.00";"'5.2";"3";"0";"0";"0";"0";"30160,00";"49999,00";;"5%";;
"320580Y20N 200 56";"5541979239";"5113603713";"2085303202878";"Пальто женское зимнее на синтепоне NortFolk";"'15";"NortFolk";"Не продается";;"0";"'0.00";"Нет фото в карточке товара";"2026-07-17 13:51:32";"Одежда";"Пальто";"'26.00";"'5.2";"0";"0";"0";"0";"0";"49999,00";"49999,00";;"5%";;"Изображение: Нет фотографии товара. Вы можете поставлять товары без фото на склад, но покупатели не увидят товар на сайте. Для загрузки карточки на сайт добавьте фото товара по нашим правилам"
"320580Y20N 25 56";"5541979242";"5113601510";"2085303202564";"Пальто женское зимнее на синтепоне NortFolk";"'19.5";"NortFolk";"Продается";;"0";"'0.00";;"2026-07-17 13:51:32";"Одежда";"Пальто";"'26.00";"'5.2";"3";"0";"0";"0";"0";"30160,00";"49999,00";;"5%";;
"312580Y22N 265 50";"5541979259";"5113604384";"2085303203943";"Пальто женское зимнее на синтепоне NortFolk";"'15";"NortFolk";"Не продается";;"0";"'0.00";"Нет фото в карточке товара";"2026-07-17 13:51:32";"Одежда";"Пальто";"'31.20";"'6.2";"0";"0";"0";"0";"0";"49999,00";"49999,00";;"5%";;"Изображение: Нет фотографии товара. Вы можете поставлять товары без фото на склад, но покупатели не увидят товар на сайте. Для загрузки карточки на сайт добавьте фото товара по нашим правилам"
"312580Y22N 265 58";"5541979270";"5113601796";"2085303203981";"Пальто женское зимнее на синтепоне NortFolk";"'15";"NortFolk";"Не продается";;"0";"'0.00";"Нет фото в карточке товара";"2026-07-17 13:51:32";"Одежда";"Пальто";"'31.20";"'6.2";"0";"0";"0";"0";"0";"49999,00";"49999,00";;"5%";;"Изображение: Нет фотографии товара. Вы можете поставлять товары без фото на склад, но покупатели не увидят товар на сайте. Для загрузки карточки на сайт добавьте фото товара по нашим правилам"
"320580Y20N 106/106 56";"5541979271";"5113601073";"2085303202717";"Пальто женское зимнее на синтепоне NortFolk";"'42";"NortFolk";"Продается";;"0";"'0.00";;"2026-07-17 13:51:32";"Одежда";"Пальто";"'26.00";"'5.2";"3";"0";"0";"0";"0";"30160,00";"49999,00";;"5%";;
"320580Y20N 25 52";"5541979274";"5113601841";"2085303202540";"Пальто женское зимнее на синтепоне NortFolk";"'19.5";"NortFolk";"Продается";;"0";"'0.00";;"2026-07-17 13:51:32";"Одежда";"Пальто";"'26.00";"'5.2";"3";"0";"0";"0";"0";"30160,00";"49999,00";;"5%";;
"312580Y22N 67 58";"5541979280";"5113604261";"2085303204124";"Пальто женское зимнее на синтепоне NortFolk";"'15";"NortFolk";"Не продается";;"0";"'0.00";"Нет фото в карточке товара";"2026-07-17 13:51:32";"Одежда";"Пальто";"'31.20";"'6.2";"0";"0";"0";"0";"0";"49999,00";"49999,00";;"5%";;"Изображение: Нет фотографии товара. Вы можете поставлять товары без фото на склад, но покупатели не увидят товар на сайте. Для загрузки карточки на сайт добавьте фото товара по нашим правилам"
"320580Y20N 106/106 44";"5541979291";"5113601724";"2085303202656";"Пальто женское зимнее на синтепоне NortFolk";"'42";"NortFolk";"Готов к продаже";;"0";"'0.00";;"2026-07-17 13:51:32";"Одежда";"Пальто";"'26.00";"'5.2";"0";"0";"0";"0";"0";"49999,00";"49999,00";;"5%";;
"312580Y22N 265 56";"5541979297";"5113600905";"2085303203974";"Пальто женское зимнее на синтепоне NortFolk";"'15";"NortFolk";"Не продается";;"0";"'0.00";"Нет фото в карточке товара";"2026-07-17 13:51:32";"Одежда";"Пальто";"'31.20";"'6.2";"0";"0";"0";"0";"0";"49999,00";"49999,00";;"5%";;"Изображение: Нет фотографии товара. Вы можете поставлять товары без фото на склад, но покупатели не увидят товар на сайте. Для загрузки карточки на сайт добавьте фото товара по нашим правилам"
"356580Y22N 100 52";"5541979335";"5113601785";"2085303202144";"Пальто женское зимнее на синтепоне NortFolk";"'15";"NortFolk";"Не продается";;"0";"'0.00";"Нет фото в карточке товара";"2026-07-17 13:51:32";"Одежда";"Пальто";"'31.20";"'6.2";"0";"0";"0";"0";"0";"49999,00";"49999,00";;"5%";;"Изображение: Нет фотографии товара. Вы можете поставлять товары без фото на склад, но покупатели не увидят товар на сайте. Для загрузки карточки на сайт добавьте фото товара по нашим правилам"
"356580Y22N 100 58";"5541979336";"5113601337";"2085303202175";"Пальто женское зимнее на синтепоне NortFolk";"'15";"NortFolk";"Не продается";;"0";"'0.00";"Нет фото в карточке товара";"2026-07-17 13:51:32";"Одежда";"Пальто";"'31.20";"'6.2";"0";"0";"0";"0";"0";"49999,00";"49999,00";;"5%";;"Изображение: Нет фотографии товара. Вы можете поставлять товары без фото на склад, но покупатели не увидят товар на сайте. Для загрузки карточки на сайт добавьте фото товара по нашим правилам"
"312580Y22N 25N 48";"5541979337";"5113601503";"2085303204148";"Пальто женское зимнее на синтепоне NortFolk";"'15";"NortFolk";"Не продается";;"0";"'0.00";"Нет фото в карточке товара";"2026-07-17 13:51:32";"Одежда";"Пальто";"'31.20";"'6.2";"0";"0";"0";"0";"0";"49999,00";"49999,00";;"5%";;"Изображение: Нет фотографии товара. Вы можете поставлять товары без фото на склад, но покупатели не увидят товар на сайте. Для загрузки карточки на сайт добавьте фото товара по нашим правилам"
"356580Y22N 100 46";"5541979338";"5113601829";"2085303202113";"Пальто женское зимнее на синтепоне NortFolk";"'15";"NortFolk";"Не продается";;"0";"'0.00";"Нет фото в карточке товара";"2026-07-17 13:51:32";"Одежда";"Пальто";"'31.20";"'6.2";"0";"0";"0";"0";"0";"49999,00";"49999,00";;"5%";;"Изображение: Нет фотографии товара. Вы можете поставлять товары без фото на склад, но покупатели не увидят товар на сайте. Для загрузки карточки на сайт добавьте фото товара по нашим правилам"
"312580Y22N 25N 46";"5541979339";"5113601605";"2085303204131";"Пальто женское зимнее на синтепоне NortFolk";"'15";"NortFolk";"Не продается";;"0";"'0.00";"Нет фото в карточке товара";"2026-07-17 13:51:32";"Одежда";"Пальто";"'31.20";"'6.2";"0";"0";"0";"0";"0";"49999,00";"49999,00";;"5%";;"Изображение: Нет фотографии товара. Вы можете поставлять товары без фото на склад, но покупатели не увидят товар на сайте. Для загрузки карточки на сайт добавьте фото товара по нашим правилам"
"312580Y22N 265 48";"5541979340";"5113601719";"2085303203936";"Пальто женское зимнее на синтепоне NortFolk";"'15";"NortFolk";"Не продается";;"0";"'0.00";"Нет фото в карточке товара";"2026-07-17 13:51:32";"Одежда";"Пальто";"'31.20";"'6.2";"0";"0";"0";"0";"0";"49999,00";"49999,00";;"5%";;"Изображение: Нет фотографии товара. Вы можете поставлять товары без фото на склад, но покупатели не увидят товар на сайте. Для загрузки карточки на сайт добавьте фото товара по нашим правилам"
"320580Y20N 106 44";"5541979341";"5113601745";"2085303202731";"Пальто женское зимнее на синтепоне NortFolk";"'15";"NortFolk";"Не продается";;"0";"'0.00";"Нет фото в карточке товара";"2026-07-17 13:51:32";"Одежда";"Пальто";"'26.00";"'5.2";"0";"0";"0";"0";"0";"49999,00";"49999,00";;"5%";;"Изображение: Нет фотографии товара. Вы можете поставлять товары без фото на склад, но покупатели не увидят товар на сайте. Для загрузки карточки на сайт добавьте фото товара по нашим правилам"
"320580Y20N 200 46";"5541979342";"5113601658";"2085303202823";"Пальто женское зимнее на синтепоне NortFolk";"'15";"NortFolk";"Не продается";;"0";"'0.00";"Нет фото в карточке товара";"2026-07-17 13:51:32";"Одежда";"Пальто";"'26.00";"'5.2";"0";"0";"0";"0";"0";"49999,00";"49999,00";;"5%";;"Изображение: Нет фотографии товара. Вы можете поставлять товары без фото на склад, но покупатели не увидят товар на сайте. Для загрузки карточки на сайт добавьте фото товара по нашим правилам"
"320580Y20N 17 50";"5541979345";"5113604489";"2085303202922";"Пальто женское зимнее на синтепоне NortFolk";"'15";"NortFolk";"Не продается";;"0";"'0.00";"Нет фото в карточке товара";"2026-07-17 13:51:32";"Одежда";"Пальто";"'26.00";"'5.2";"0";"0";"0";"0";"0";"49999,00";"49999,00";;"5%";;"Изображение: Нет фотографии товара. Вы можете поставлять товары без фото на склад, но покупатели не увидят товар на сайте. Для загрузки карточки на сайт добавьте фото товара по нашим правилам"
"906581N16N 36 48";"5541979349";"5113603981";"2085303188691";"Пальто мужское демисезонное на тонком синтепоне NortFolk";"'15";"NortFolk";"Не продается";;"0";"'0.00";"Нет фото в карточке товара";"2026-07-17 13:51:32";"Одежда";"Пальто";"'31.20";"'6.2";"0";"0";"0";"0";"0";"49999,00";"49999,00";;"5%";;"Изображение: Нет фотографии товара. Вы можете поставлять товары без фото на склад, но покупатели не увидят товар на сайте. Для загрузки карточки на сайт добавьте фото товара по нашим правилам"
"356580Y22N 260 50";"5541979352";"5113601318";"2085303202298";"Пальто женское зимнее на синтепоне NortFolk";"'15";"NortFolk";"Не продается";;"0";"'0.00";"Нет фото в карточке товара";"2026-07-17 13:51:32";"Одежда";"Пальто";"'31.20";"'6.2";"0";"0";"0";"0";"0";"49999,00";"49999,00";;"5%";;"Изображение: Нет фотографии товара. Вы можете поставлять товары без фото на склад, но покупатели не увидят товар на сайте. Для загрузки карточки на сайт добавьте фото товара по нашим правилам"
"320580Y20N 67 56";"5541979355";"5113604342";"2085303202632";"Пальто женское зимнее на синтепоне NortFolk";"'15";"NortFolk";"Не продается";;"0";"'0.00";"Нет фото в карточке товара";"2026-07-17 13:51:32";"Одежда";"Пальто";"'26.00";"'5.2";"0";"0";"0";"0";"0";"49999,00";"49999,00";;"5%";;"Изображение: Нет фотографии товара. Вы можете поставлять товары без фото на склад, но покупатели не увидят товар на сайте. Для загрузки карточки на сайт добавьте фото товара по нашим правилам"
"312580Y22N 100 52";"5541979357";"5113600263";"2085303204025";"Пальто женское зимнее на синтепоне NortFolk";"'15";"NortFolk";"Не продается";;"0";"'0.00";"Нет фото в карточке товара";"2026-07-17 13:51:32";"Одежда";"Пальто";"'31.20";"'6.2";"0";"0";"0";"0";"0";"49999,00";"49999,00";;"5%";;"Изображение: Нет фотографии товара. Вы можете поставлять товары без фото на склад, но покупатели не увидят товар на сайте. Для загрузки карточки на сайт добавьте фото товара по нашим правилам"
"356580Y22N 67 54";"5541979358";"5113600564";"2085303202236";"Пальто женское зимнее на синтепоне NortFolk";"'15";"NortFolk";"Не продается";;"0";"'0.00";"Нет фото в карточке товара";"2026-07-17 13:51:32";"Одежда";"Пальто";"'31.20";"'6.2";"0";"0";"0";"0";"0";"49999,00";"49999,00";;"5%";;"Изображение: Нет фотографии товара. Вы можете поставлять товары без фото на склад, но покупатели не увидят товар на сайте. Для загрузки карточки на сайт добавьте фото товара по нашим правилам"
"320580Y20N 25 50";"5541979359";"5113601980";"2085303202533";"Пальто женское зимнее на синтепоне NortFolk";"'19.5";"NortFolk";"Продается";;"0";"'0.00";;"2026-07-17 13:51:32";"Одежда";"Пальто";"'26.00";"'5.2";"3";"0";"0";"0";"0";"30160,00";"49999,00";;"5%";;
"312580Y22N 265 46";"5541979360";"5113600815";"2085303203929";"Пальто женское зимнее на синтепоне NortFolk";"'15";"NortFolk";"Не продается";;"0";"'0.00";"Нет фото в карточке товара";"2026-07-17 13:51:32";"Одежда";"Пальто";"'31.20";"'6.2";"0";"0";"0";"0";"0";"49999,00";"49999,00";;"5%";;"Изображение: Нет фотографии товара. Вы можете поставлять товары без фото на склад, но покупатели не увидят товар на сайте. Для загрузки карточки на сайт добавьте фото товара по нашим правилам"
"356580Y22N 108 46";"5541979361";"5113600529";"2085303202359";"Пальто женское зимнее на синтепоне NortFolk";"'15";"NortFolk";"Не продается";;"0";"'0.00";"Нет фото в карточке товара";"2026-07-17 13:51:32";"Одежда";"Пальто";"'31.20";"'6.2";"0";"0";"0";"0";"0";"49999,00";"49999,00";;"5%";;"Изображение: Нет фотографии товара. Вы можете поставлять товары без фото на склад, но покупатели не увидят товар на сайте. Для загрузки карточки на сайт добавьте фото товара по нашим правилам"
"320580Y20N 17 58";"5541979362";"5113601771";"2085303202960";"Пальто женское зимнее на синтепоне NortFolk";"'15";"NortFolk";"Не продается";;"0";"'0.00";"Нет фото в карточке товара";"2026-07-17 13:51:32";"Одежда";"Пальто";"'26.00";"'5.2";"0";"0";"0";"0";"0";"49999,00";"49999,00";;"5%";;"Изображение: Нет фотографии товара. Вы можете поставлять товары без фото на склад, но покупатели не увидят товар на сайте. Для загрузки карточки на сайт добавьте фото товара по нашим правилам"
"427340Y15N 255 42";"5541979365";"5113604079";"2085303091687";"Пальто женское NortFolk";"'15";"NortFolk";"Не продается";;"0";"'0.00";"Нет фото в карточке товара";"2026-07-17 13:51:32";"Одежда";"Пальто";"'31.20";"'6.2";"0";"0";"0";"0";"0";"49999,00";"49999,00";;"5%";;"Изображение: Нет фотографии товара. Вы можете поставлять товары без фото на склад, но покупатели не увидят товар на сайте. Для загрузки карточки на сайт добавьте фото товара по нашим правилам"
"312580Y22N 67 48";"5541979366";"5113605489";"2085303204070";"Пальто женское зимнее на синтепоне NortFolk";"'15";"NortFolk";"Не продается";;"0";"'0.00";"Нет фото в карточке товара";"2026-07-17 13:51:32";"Одежда";"Пальто";"'31.20";"'6.2";"0";"0";"0";"0";"0";"49999,00";"49999,00";;"5%";;"Изображение: Нет фотографии товара. Вы можете поставлять товары без фото на склад, но покупатели не увидят товар на сайте. Для загрузки карточки на сайт добавьте фото товара по нашим правилам"
"320580Y20N 200 44";"5541979367";"5113601544";"2085303202816";"Пальто женское зимнее на синтепоне NortFolk";"'15";"NortFolk";"Не продается";;"0";"'0.00";"Нет фото в карточке товара";"2026-07-17 13:51:32";"Одежда";"Пальто";"'26.00";"'5.2";"0";"0";"0";"0";"0";"49999,00";"49999,00";;"5%";;"Изображение: Нет фотографии товара. Вы можете поставлять товары без фото на склад, но покупатели не увидят товар на сайте. Для загрузки карточки на сайт добавьте фото товара по нашим правилам"
"312580Y22N 265 54";"5541979368";"5113600915";"2085303203967";"Пальто женское зимнее на синтепоне NortFolk";"'15";"NortFolk";"Не продается";;"0";"'0.00";"Нет фото в карточке товара";"2026-07-17 13:51:32";"Одежда";"Пальто";"'31.20";"'6.2";"0";"0";"0";"0";"0";"49999,00";"49999,00";;"5%";;"Изображение: Нет фотографии товара. Вы можете поставлять товары без фото на склад, но покупатели не увидят товар на сайте. Для загрузки карточки на сайт добавьте фото товара по нашим правилам"
"312580Y22N 100 50";"5541979369";"5113602338";"2085303204018";"Пальто женское зимнее на синтепоне NortFolk";"'15";"NortFolk";"Не продается";;"0";"'0.00";"Нет фото в карточке товара";"2026-07-17 13:51:32";"Одежда";"Пальто";"'31.20";"'6.2";"0";"0";"0";"0";"0";"49999,00";"49999,00";;"5%";;"Изображение: Нет фотографии товара. Вы можете поставлять товары без фото на склад, но покупатели не увидят товар на сайте. Для загрузки карточки на сайт добавьте фото товара по нашим правилам"
"312580Y22N 265 52";"5541979372";"5113604202";"2085303203950";"Пальто женское зимнее на синтепоне NortFolk";"'15";"NortFolk";"Не продается";;"0";"'0.00";"Нет фото в карточке товара";"2026-07-17 13:51:32";"Одежда";"Пальто";"'31.20";"'6.2";"0";"0";"0";"0";"0";"49999,00";"49999,00";;"5%";;"Изображение: Нет фотографии товара. Вы можете поставлять товары без фото на склад, но покупатели не увидят товар на сайте. Для загрузки карточки на сайт добавьте фото товара по нашим правилам"
"906581N16N 75 48";"5541979373";"5113601066";"2085303188837";"Пальто мужское демисезонное на тонком синтепоне NortFolk";"'15";"NortFolk";"Не продается";;"0";"'0.00";"Нет фото в карточке товара";"2026-07-17 13:51:32";"Одежда";"Пальто";"'31.20";"'6.2";"0";"0";"0";"0";"0";"49999,00";"49999,00";;"5%";;"Изображение: Нет фотографии товара. Вы можете поставлять товары без фото на склад, но покупатели не увидят товар на сайте. Для загрузки карточки на сайт добавьте фото товара по нашим правилам"
"906581N16N 104 58";"5541979374";"5113601198";"2085303188950";"Пальто мужское демисезонное на тонком синтепоне NortFolk";"'15";"NortFolk";"Не продается";;"0";"'0.00";"Нет фото в карточке товара";"2026-07-17 13:51:32";"Одежда";"Пальто";"'31.20";"'6.2";"0";"0";"0";"0";"0";"49999,00";"49999,00";;"5%";;"Изображение: Нет фотографии товара. Вы можете поставлять товары без фото на склад, но покупатели не увидят товар на сайте. Для загрузки карточки на сайт добавьте фото товара по нашим правилам"
"312580Y22N 25N 50";"5541979376";"5113601579";"2085303204155";"Пальто женское зимнее на синтепоне NortFolk";"'15";"NortFolk";"Не продается";;"0";"'0.00";"Нет фото в карточке товара";"2026-07-17 13:51:32";"Одежда";"Пальто";"'31.20";"'6.2";"0";"0";"0";"0";"0";"49999,00";"49999,00";;"5%";;"Изображение: Нет фотографии товара. Вы можете поставлять товары без фото на склад, но покупатели не увидят товар на сайте. Для загрузки карточки на сайт добавьте фото товара по нашим правилам"
"320580Y20N 265 48";"5541979377";"5113601233";"2085303202441";"Пальто женское зимнее на синтепоне NortFolk";"'15";"NortFolk";"Не продается";;"0";"'0.00";"Нет фото в карточке товара";"2026-07-17 13:51:32";"Одежда";"Пальто";"'26.00";"'5.2";"0";"0";"0";"0";"0";"49999,00";"49999,00";;"5%";;"Изображение: Нет фотографии товара. Вы можете поставлять товары без фото на склад, но покупатели не увидят товар на сайте. Для загрузки карточки на сайт добавьте фото товара по нашим правилам"
"320580Y20N 25 54";"5541979378";"5113601708";"2085303202557";"Пальто женское зимнее на синтепоне NortFolk";"'19.5";"NortFolk";"Продается";;"0";"'0.00";;"2026-07-17 13:51:32";"Одежда";"Пальто";"'26.00";"'5.2";"3";"0";"0";"0";"0";"30160,00";"49999,00";;"5%";;
"312580Y22N 67 46";"5541979379";"5113602435";"2085303204063";"Пальто женское зимнее на синтепоне NortFolk";"'15";"NortFolk";"Не продается";;"0";"'0.00";"Нет фото в карточке товара";"2026-07-17 13:51:32";"Одежда";"Пальто";"'31.20";"'6.2";"0";"0";"0";"0";"0";"49999,00";"49999,00";;"5%";;"Изображение: Нет фотографии товара. Вы можете поставлять товары без фото на склад, но покупатели не увидят товар на сайте. Для загрузки карточки на сайт добавьте фото товара по нашим правилам"
"320580Y20N 25 58";"5541979383";"5113601089";"2085303202571";"Пальто женское зимнее на синтепоне NortFolk";"'19.5";"NortFolk";"Продается";;"0";"'0.00";;"2026-07-17 13:51:32";"Одежда";"Пальто";"'26.00";"'5.2";"3";"0";"0";"0";"0";"30160,00";"49999,00";;"5%";;
"906581N16N 104 50";"5541979384";"5113602409";"2085303188912";"Пальто мужское демисезонное на тонком синтепоне NortFolk";"'15";"NortFolk";"Не продается";;"0";"'0.00";"Нет фото в карточке товара";"2026-07-17 13:51:32";"Одежда";"Пальто";"'31.20";"'6.2";"0";"0";"0";"0";"0";"49999,00";"49999,00";;"5%";;"Изображение: Нет фотографии товара. Вы можете поставлять товары без фото на склад, но покупатели не увидят товар на сайте. Для загрузки карточки на сайт добавьте фото товара по нашим правилам"
"356580Y22N 67 44";"5541979385";"5113601898";"2085303202182";"Пальто женское зимнее на синтепоне NortFolk";"'15";"NortFolk";"Не продается";;"0";"'0.00";"Нет фото в карточке товара";"2026-07-17 13:51:32";"Одежда";"Пальто";"'31.20";"'6.2";"0";"0";"0";"0";"0";"49999,00";"49999,00";;"5%";;"Изображение: Нет фотографии товара. Вы можете поставлять товары без фото на склад, но покупатели не увидят товар на сайте. Для загрузки карточки на сайт добавьте фото товара по нашим правилам"
"356580Y22N 108 44";"5541979387";"5113601695";"2085303202342";"Пальто женское зимнее на синтепоне NortFolk";"'15";"NortFolk";"Не продается";;"0";"'0.00";"Нет фото в карточке товара";"2026-07-17 13:51:32";"Одежда";"Пальто";"'31.20";"'6.2";"0";"0";"0";"0";"0";"49999,00";"49999,00";;"5%";;"Изображение: Нет фотографии товара. Вы можете поставлять товары без фото на склад, но покупатели не увидят товар на сайте. Для загрузки карточки на сайт добавьте фото товара по нашим правилам"
"312580Y22N 67 50";"5541979388";"5113601835";"2085303204087";"Пальто женское зимнее на синтепоне NortFolk";"'15";"NortFolk";"Не продается";;"0";"'0.00";"Нет фото в карточке товара";"2026-07-17 13:51:32";"Одежда";"Пальто";"'31.20";"'6.2";"0";"0";"0";"0";"0";"49999,00";"49999,00";;"5%";;"Изображение: Нет фотографии товара. Вы можете поставлять товары без фото на склад, но покупатели не увидят товар на сайте. Для загрузки карточки на сайт добавьте фото товара по нашим правилам"
"356580Y22N 67 58";"5541979389";"5113601528";"2085303202250";"Пальто женское зимнее на синтепоне NortFolk";"'15";"NortFolk";"Не продается";;"0";"'0.00";"Нет фото в карточке товара";"2026-07-17 13:51:32";"Одежда";"Пальто";"'31.20";"'6.2";"0";"0";"0";"0";"0";"49999,00";"49999,00";;"5%";;"Изображение: Нет фотографии товара. Вы можете поставлять товары без фото на склад, но покупатели не увидят товар на сайте. Для загрузки карточки на сайт добавьте фото товара по нашим правилам"
"320580Y20N 67 58";"5541979391";"5113602113";"2085303202649";"Пальто женское зимнее на синтепоне NortFolk";"'15";"NortFolk";"Не продается";;"0";"'0.00";"Нет фото в карточке товара";"2026-07-17 13:51:32";"Одежда";"Пальто";"'26.00";"'5.2";"0";"0";"0";"0";"0";"49999,00";"49999,00";;"5%";;"Изображение: Нет фотографии товара. Вы можете поставлять товары без фото на склад, но покупатели не увидят товар на сайте. Для загрузки карточки на сайт добавьте фото товара по нашим правилам"
"845790N20N 99 44";"5541979392";"5113601660";"2085303029352";"Пальто женское на синтепоне NortFolk";"'15";"NortFolk";"Не продается";;"0";"'0.00";"Нет фото в карточке товара";"2026-07-17 13:51:32";"Одежда";"Пальто";"'31.20";"'6.2";"0";"0";"0";"0";"0";"49999,00";"49999,00";;"5%";;"Изображение: Нет фотографии товара. Вы можете поставлять товары без фото на склад, но покупатели не увидят товар на сайте. Для загрузки карточки на сайт добавьте фото товара по нашим правилам"
"427340Y15N 99 42";"5541979393";"5113602410";"2085303091670";"Пальто женское NortFolk";"'15";"NortFolk";"Не продается";;"0";"'0.00";"Нет фото в карточке товара";"2026-07-17 13:51:32";"Одежда";"Пальто";"'31.20";"'6.2";"0";"0";"0";"0";"0";"49999,00";"49999,00";;"5%";;"Изображение: Нет фотографии товара. Вы можете поставлять товары без фото на склад, но покупатели не увидят товар на сайте. Для загрузки карточки на сайт добавьте фото товара по нашим правилам"
"356580Y22N 67 52";"5541979394";"5113604138";"2085303202229";"Пальто женское зимнее на синтепоне NortFolk";"'15";"NortFolk";"Не продается";;"0";"'0.00";"Нет фото в карточке товара";"2026-07-17 13:51:32";"Одежда";"Пальто";"'31.20";"'6.2";"0";"0";"0";"0";"0";"49999,00";"49999,00";;"5%";;"Изображение: Нет фотографии товара. Вы можете поставлять товары без фото на склад, но покупатели не увидят товар на сайте. Для загрузки карточки на сайт добавьте фото товара по нашим правилам"
"320580Y20N 200/200 56";"5541979395";"5113605496";"2085303203097";"Пальто женское зимнее на синтепоне NortFolk";"'28.5";"NortFolk";"Продается";;"0";"'0.00";;"2026-07-17 13:51:32";"Одежда";"Пальто";"'26.00";"'5.2";"3";"0";"0";"0";"0";"30160,00";"49999,00";;"5%";;
"845790N20N 100 44";"5541979396";"5113601809";"2085303093247";"Пальто женское на синтепоне NortFolk";"'15";"NortFolk";"Не продается";;"0";"'0.00";"Нет фото в карточке товара";"2026-07-17 13:51:32";"Одежда";"Пальто";"'31.20";"'6.2";"0";"0";"0";"0";"0";"49999,00";"49999,00";;"5%";;"Изображение: Нет фотографии товара. Вы можете поставлять товары без фото на склад, но покупатели не увидят товар на сайте. Для загрузки карточки на сайт добавьте фото товара по нашим правилам"
"320580Y20N 200/200 50";"5541979398";"5113600779";"2085303203066";"Пальто женское зимнее на синтепоне NortFolk";"'28.5";"NortFolk";"Продается";;"0";"'0.00";;"2026-07-17 13:51:32";"Одежда";"Пальто";"'26.00";"'5.2";"3";"0";"0";"0";"0";"30160,00";"49999,00";;"5%";;
"320580Y20N 106 48";"5541979399";"5113601246";"2085303202755";"Пальто женское зимнее на синтепоне NortFolk";"'15";"NortFolk";"Не продается";;"0";"'0.00";"Нет фото в карточке товара";"2026-07-17 13:51:32";"Одежда";"Пальто";"'26.00";"'5.2";"0";"0";"0";"0";"0";"49999,00";"49999,00";;"5%";;"Изображение: Нет фотографии товара. Вы можете поставлять товары без фото на склад, но покупатели не увидят товар на сайте. Для загрузки карточки на сайт добавьте фото товара по нашим правилам"
"356580Y22N 260 56";"5541979401";"5113604713";"2085303202328";"Пальто женское зимнее на синтепоне NortFolk";"'15";"NortFolk";"Не продается";;"0";"'0.00";"Нет фото в карточке товара";"2026-07-17 13:51:32";"Одежда";"Пальто";"'31.20";"'6.2";"0";"0";"0";"0";"0";"49999,00";"49999,00";;"5%";;"Изображение: Нет фотографии товара. Вы можете поставлять товары без фото на склад, но покупатели не увидят товар на сайте. Для загрузки карточки на сайт добавьте фото товара по нашим правилам"
"356580Y22N 108 58";"5541979402";"5113601834";"2085303202410";"Пальто женское зимнее на синтепоне NortFolk";"'15";"NortFolk";"Не продается";;"0";"'0.00";"Нет фото в карточке товара";"2026-07-17 13:51:32";"Одежда";"Пальто";"'31.20";"'6.2";"0";"0";"0";"0";"0";"49999,00";"49999,00";;"5%";;"Изображение: Нет фотографии товара. Вы можете поставлять товары без фото на склад, но покупатели не увидят товар на сайте. Для загрузки карточки на сайт добавьте фото товара по нашим правилам"
"320580Y20N 265/265 46";"5541979403";"5113604556";"2085303202977";"Пальто женское зимнее на синтепоне NortFolk";"'28.5";"NortFolk";"Продается";;"0";"'0.00";;"2026-07-17 13:51:32";"Одежда";"Пальто";"'26.00";"'5.2";"3";"0";"0";"0";"0";"30160,00";"49999,00";;"5%";;
"320580Y20N 106 50";"5541979404";"5113601432";"2085303202762";"Пальто женское зимнее на синтепоне NortFolk";"'15";"NortFolk";"Не продается";;"0";"'0.00";"Нет фото в карточке товара";"2026-07-17 13:51:32";"Одежда";"Пальто";"'26.00";"'5.2";"0";"0";"0";"0";"0";"49999,00";"49999,00";;"5%";;"Изображение: Нет фотографии товара. Вы можете поставлять товары без фото на склад, но покупатели не увидят товар на сайте. Для загрузки карточки на сайт добавьте фото товара по нашим правилам"
"906581N16N 104 48";"5541979406";"5113601554";"2085303188905";"Пальто мужское демисезонное на тонком синтепоне NortFolk";"'15";"NortFolk";"Не продается";;"0";"'0.00";"Нет фото в карточке товара";"2026-07-17 13:51:32";"Одежда";"Пальто";"'31.20";"'6.2";"0";"0";"0";"0";"0";"49999,00";"49999,00";;"5%";;"Изображение: Нет фотографии товара. Вы можете поставлять товары без фото на склад, но покупатели не увидят товар на сайте. Для загрузки карточки на сайт добавьте фото товара по нашим правилам"
"320580Y20N 67 54";"5541979411";"5113601511";"2085303202625";"Пальто женское зимнее на синтепоне NortFolk";"'15";"NortFolk";"Не продается";;"0";"'0.00";"Нет фото в карточке товара";"2026-07-17 13:51:32";"Одежда";"Пальто";"'26.00";"'5.2";"0";"0";"0";"0";"0";"49999,00";"49999,00";;"5%";;"Изображение: Нет фотографии товара. Вы можете поставлять товары без фото на склад, но покупатели не увидят товар на сайте. Для загрузки карточки на сайт добавьте фото товара по нашим правилам"
"320580Y20N 200 54";"5541979412";"5113601137";"2085303202861";"Пальто женское зимнее на синтепоне NortFolk";"'15";"NortFolk";"Не продается";;"0";"'0.00";"Нет фото в карточке товара";"2026-07-17 13:51:32";"Одежда";"Пальто";"'26.00";"'5.2";"0";"0";"0";"0";"0";"49999,00";"49999,00";;"5%";;"Изображение: Нет фотографии товара. Вы можете поставлять товары без фото на склад, но покупатели не увидят товар на сайте. Для загрузки карточки на сайт добавьте фото товара по нашим правилам"
"356580Y22N 100 50";"5541979413";"5113602412";"2085303202137";"Пальто женское зимнее на синтепоне NortFolk";"'15";"NortFolk";"Не продается";;"0";"'0.00";"Нет фото в карточке товара";"2026-07-17 13:51:32";"Одежда";"Пальто";"'31.20";"'6.2";"0";"0";"0";"0";"0";"49999,00";"49999,00";;"5%";;"Изображение: Нет фотографии товара. Вы можете поставлять товары без фото на склад, но покупатели не увидят товар на сайте. Для загрузки карточки на сайт добавьте фото товара по нашим правилам"
"320580Y20N 200/200 54";"5541979414";"5113601651";"2085303203080";"Пальто женское зимнее на синтепоне NortFolk";"'28.5";"NortFolk";"Продается";;"0";"'0.00";;"2026-07-17 13:51:32";"Одежда";"Пальто";"'26.00";"'5.2";"3";"0";"0";"0";"0";"30160,00";"49999,00";;"5%";;
"320580Y20N 17 52";"5541979415";"5113602062";"2085303202939";"Пальто женское зимнее на синтепоне NortFolk";"'15";"NortFolk";"Не продается";;"0";"'0.00";"Нет фото в карточке товара";"2026-07-17 13:51:32";"Одежда";"Пальто";"'26.00";"'5.2";"0";"0";"0";"0";"0";"49999,00";"49999,00";;"5%";;"Изображение: Нет фотографии товара. Вы можете поставлять товары без фото на склад, но покупатели не увидят товар на сайте. Для загрузки карточки на сайт добавьте фото товара по нашим правилам"
"320580Y20N 200/200 46";"5541979416";"5113602144";"2085303203042";"Пальто женское зимнее на синтепоне NortFolk";"'28.5";"NortFolk";"Продается";;"0";"'0.00";;"2026-07-17 13:51:32";"Одежда";"Пальто";"'26.00";"'5.2";"3";"0";"0";"0";"0";"30160,00";"49999,00";;"5%";;
"320580Y20N 200/200 48";"5541979417";"5113600849";"2085303203059";"Пальто женское зимнее на синтепоне NortFolk";"'28.5";"NortFolk";"Продается";;"0";"'0.00";;"2026-07-17 13:51:32";"Одежда";"Пальто";"'26.00";"'5.2";"3";"0";"0";"0";"0";"30160,00";"49999,00";;"5%";;
"312580Y22N 265 44";"5541979418";"5113601278";"2085303203912";"Пальто женское зимнее на синтепоне NortFolk";"'15";"NortFolk";"Не продается";;"0";"'0.00";"Нет фото в карточке товара";"2026-07-17 13:51:32";"Одежда";"Пальто";"'31.20";"'6.2";"0";"0";"0";"0";"0";"49999,00";"49999,00";;"5%";;"Изображение: Нет фотографии товара. Вы можете поставлять товары без фото на склад, но покупатели не увидят товар на сайте. Для загрузки карточки на сайт добавьте фото товара по нашим правилам"
"320580Y20N 265 50";"5541979419";"5113600780";"2085303202458";"Пальто женское зимнее на синтепоне NortFolk";"'15";"NortFolk";"Не продается";;"0";"'0.00";"Нет фото в карточке товара";"2026-07-17 13:51:32";"Одежда";"Пальто";"'26.00";"'5.2";"0";"0";"0";"0";"0";"49999,00";"49999,00";;"5%";;"Изображение: Нет фотографии товара. Вы можете поставлять товары без фото на склад, но покупатели не увидят товар на сайте. Для загрузки карточки на сайт добавьте фото товара по нашим правилам"
"356580Y22N 260 58";"5541979421";"5113601846";"2085303202335";"Пальто женское зимнее на синтепоне NortFolk";"'15";"NortFolk";"Не продается";;"0";"'0.00";"Нет фото в карточке товара";"2026-07-17 13:51:32";"Одежда";"Пальто";"'31.20";"'6.2";"0";"0";"0";"0";"0";"49999,00";"49999,00";;"5%";;"Изображение: Нет фотографии товара. Вы можете поставлять товары без фото на склад, но покупатели не увидят товар на сайте. Для загрузки карточки на сайт добавьте фото товара по нашим правилам"
"320580Y20N 25 48";"5541979423";"5113601790";"2085303202526";"Пальто женское зимнее на синтепоне NortFolk";"'19.5";"NortFolk";"Продается";;"0";"'0.00";;"2026-07-17 13:51:32";"Одежда";"Пальто";"'26.00";"'5.2";"3";"0";"0";"0";"0";"30160,00";"49999,00";;"5%";;
"320580Y20N 17 54";"5541979424";"5113600329";"2085303202946";"Пальто женское зимнее на синтепоне NortFolk";"'15";"NortFolk";"Не продается";;"0";"'0.00";"Нет фото в карточке товара";"2026-07-17 13:51:32";"Одежда";"Пальто";"'26.00";"'5.2";"0";"0";"0";"0";"0";"49999,00";"49999,00";;"5%";;"Изображение: Нет фотографии товара. Вы можете поставлять товары без фото на склад, но покупатели не увидят товар на сайте. Для загрузки карточки на сайт добавьте фото товара по нашим правилам"
"312580Y22N 25N 56";"5541979428";"5113604140";"2085303204186";"Пальто женское зимнее на синтепоне NortFolk";"'15";"NortFolk";"Не продается";;"0";"'0.00";"Нет фото в карточке товара";"2026-07-17 13:51:32";"Одежда";"Пальто";"'31.20";"'6.2";"0";"0";"0";"0";"0";"49999,00";"49999,00";;"5%";;"Изображение: Нет фотографии товара. Вы можете поставлять товары без фото на склад, но покупатели не увидят товар на сайте. Для загрузки карточки на сайт добавьте фото товара по нашим правилам"
"427340Y15N 100 42";"5541979429";"5113600711";"2085303091656";"Пальто женское NortFolk";"'15";"NortFolk";"Не продается";;"0";"'0.00";"Нет фото в карточке товара";"2026-07-17 13:51:32";"Одежда";"Пальто";"'31.20";"'6.2";"0";"0";"0";"0";"0";"49999,00";"49999,00";;"5%";;"Изображение: Нет фотографии товара. Вы можете поставлять товары без фото на склад, но покупатели не увидят товар на сайте. Для загрузки карточки на сайт добавьте фото товара по нашим правилам"
"845790N20N 79 46";"5541979430";"5113601799";"2085303093179";"Пальто женское на синтепоне NortFolk";"'15";"NortFolk";"Не продается";;"0";"'0.00";"Нет фото в карточке товара";"2026-07-17 13:51:32";"Одежда";"Пальто";"'31.20";"'6.2";"0";"0";"0";"0";"0";"49999,00";"49999,00";;"5%";;"Изображение: Нет фотографии товара. Вы можете поставлять товары без фото на склад, но покупатели не увидят товар на сайте. Для загрузки карточки на сайт добавьте фото товара по нашим правилам"
"320580Y20N 265 58";"5541979431";"5113601256";"2085303202496";"Пальто женское зимнее на синтепоне NortFolk";"'15";"NortFolk";"Не продается";;"0";"'0.00";"Нет фото в карточке товара";"2026-07-17 13:51:32";"Одежда";"Пальто";"'26.00";"'5.2";"0";"0";"0";"0";"0";"49999,00";"49999,00";;"5%";;"Изображение: Нет фотографии товара. Вы можете поставлять товары без фото на склад, но покупатели не увидят товар на сайте. Для загрузки карточки на сайт добавьте фото товара по нашим правилам"
"906581N16N 77-2 48";"5541979432";"5113601659";"2085303188554";"Пальто мужское демисезонное на тонком синтепоне NortFolk";"'15";"NortFolk";"Не продается";;"0";"'0.00";"Нет фото в карточке товара";"2026-07-17 13:51:32";"Одежда";"Пальто";"'31.20";"'6.2";"0";"0";"0";"0";"0";"49999,00";"49999,00";;"5%";;"Изображение: Нет фотографии товара. Вы можете поставлять товары без фото на склад, но покупатели не увидят товар на сайте. Для загрузки карточки на сайт добавьте фото товара по нашим правилам"
"320580Y20N 67 50";"5541979433";"5113603711";"2085303202601";"Пальто женское зимнее на синтепоне NortFolk";"'15";"NortFolk";"Не продается";;"0";"'0.00";"Нет фото в карточке товара";"2026-07-17 13:51:32";"Одежда";"Пальто";"'26.00";"'5.2";"0";"0";"0";"0";"0";"49999,00";"49999,00";;"5%";;"Изображение: Нет фотографии товара. Вы можете поставлять товары без фото на склад, но покупатели не увидят товар на сайте. Для загрузки карточки на сайт добавьте фото товара по нашим правилам"
"320580Y20N 17 44";"5541979434";"5113602325";"2085303202892";"Пальто женское зимнее на синтепоне NortFolk";"'15";"NortFolk";"Не продается";;"0";"'0.00";"Нет фото в карточке товара";"2026-07-17 13:51:32";"Одежда";"Пальто";"'26.00";"'5.2";"0";"0";"0";"0";"0";"49999,00";"49999,00";;"5%";;"Изображение: Нет фотографии товара. Вы можете поставлять товары без фото на склад, но покупатели не увидят товар на сайте. Для загрузки карточки на сайт добавьте фото товара по нашим правилам"
"356580Y22N 260 44";"5541979437";"5113601108";"2085303202267";"Пальто женское зимнее на синтепоне NortFolk";"'15";"NortFolk";"Не продается";;"0";"'0.00";"Нет фото в карточке товара";"2026-07-17 13:51:32";"Одежда";"Пальто";"'31.20";"'6.2";"0";"0";"0";"0";"0";"49999,00";"49999,00";;"5%";;"Изображение: Нет фотографии товара. Вы можете поставлять товары без фото на склад, но покупатели не увидят товар на сайте. Для загрузки карточки на сайт добавьте фото товара по нашим правилам"
"320580Y20N 25 44";"5541979439";"5113604492";"2085303202502";"Пальто женское зимнее на синтепоне NortFolk";"'19.5";"NortFolk";"Готов к продаже";;"0";"'0.00";;"2026-07-17 13:51:32";"Одежда";"Пальто";"'26.00";"'5.2";"0";"0";"0";"0";"0";"49999,00";"49999,00";;"5%";;
"320580Y20N 17 48";"5541979440";"5113602069";"2085303202915";"Пальто женское зимнее на синтепоне NortFolk";"'15";"NortFolk";"Не продается";;"0";"'0.00";"Нет фото в карточке товара";"2026-07-17 13:51:32";"Одежда";"Пальто";"'26.00";"'5.2";"0";"0";"0";"0";"0";"49999,00";"49999,00";;"5%";;"Изображение: Нет фотографии товара. Вы можете поставлять товары без фото на склад, но покупатели не увидят товар на сайте. Для загрузки карточки на сайт добавьте фото товара по нашим правилам"
"312580Y22N 100 48";"5541979441";"5113601947";"2085303204001";"Пальто женское зимнее на синтепоне NortFolk";"'15";"NortFolk";"Не продается";;"0";"'0.00";"Нет фото в карточке товара";"2026-07-17 13:51:32";"Одежда";"Пальто";"'31.20";"'6.2";"0";"0";"0";"0";"0";"49999,00";"49999,00";;"5%";;"Изображение: Нет фотографии товара. Вы можете поставлять товары без фото на склад, но покупатели не увидят товар на сайте. Для загрузки карточки на сайт добавьте фото товара по нашим правилам"
"320580Y20N 265 44";"5541979442";"5113601783";"2085303202427";"Пальто женское зимнее на синтепоне NortFolk";"'15";"NortFolk";"Не продается";;"0";"'0.00";"Нет фото в карточке товара";"2026-07-17 13:51:32";"Одежда";"Пальто";"'26.00";"'5.2";"0";"0";"0";"0";"0";"49999,00";"49999,00";;"5%";;"Изображение: Нет фотографии товара. Вы можете поставлять товары без фото на склад, но покупатели не увидят товар на сайте. Для загрузки карточки на сайт добавьте фото товара по нашим правилам"
"906581N16N 104 54";"5541979443";"5113600769";"2085303188936";"Пальто мужское демисезонное на тонком синтепоне NortFolk";"'15";"NortFolk";"Не продается";;"0";"'0.00";"Нет фото в карточке товара";"2026-07-17 13:51:32";"Одежда";"Пальто";"'31.20";"'6.2";"0";"0";"0";"0";"0";"49999,00";"49999,00";;"5%";;"Изображение: Нет фотографии товара. Вы можете поставлять товары без фото на склад, но покупатели не увидят товар на сайте. Для загрузки карточки на сайт добавьте фото товара по нашим правилам"
"312580Y22N 100 46";"5541979444";"5113604394";"2085303203998";"Пальто женское зимнее на синтепоне NortFolk";"'15";"NortFolk";"Не продается";;"0";"'0.00";"Нет фото в карточке товара";"2026-07-17 13:51:32";"Одежда";"Пальто";"'31.20";"'6.2";"0";"0";"0";"0";"0";"49999,00";"49999,00";;"5%";;"Изображение: Нет фотографии товара. Вы можете поставлять товары без фото на склад, но покупатели не увидят товар на сайте. Для загрузки карточки на сайт добавьте фото товара по нашим правилам"
"906581N16N 75 54";"5541979445";"5113600770";"2085303188868";"Пальто мужское демисезонное на тонком синтепоне NortFolk";"'15";"NortFolk";"Не продается";;"0";"'0.00";"Нет фото в карточке товара";"2026-07-17 13:51:32";"Одежда";"Пальто";"'31.20";"'6.2";"0";"0";"0";"0";"0";"49999,00";"49999,00";;"5%";;"Изображение: Нет фотографии товара. Вы можете поставлять товары без фото на склад, но покупатели не увидят товар на сайте. Для загрузки карточки на сайт добавьте фото товара по нашим правилам"
"320580Y20N 265 56";"5541979446";"5113601450";"2085303202489";"Пальто женское зимнее на синтепоне NortFolk";"'15";"NortFolk";"Не продается";;"0";"'0.00";"Нет фото в карточке товара";"2026-07-17 13:51:32";"Одежда";"Пальто";"'26.00";"'5.2";"0";"0";"0";"0";"0";"49999,00";"49999,00";;"5%";;"Изображение: Нет фотографии товара. Вы можете поставлять товары без фото на склад, но покупатели не увидят товар на сайте. Для загрузки карточки на сайт добавьте фото товара по нашим правилам"
"906581N16N 75 52";"5541979448";"5113600772";"2085303188851";"Пальто мужское демисезонное на тонком синтепоне NortFolk";"'15";"NortFolk";"Не продается";;"0";"'0.00";"Нет фото в карточке товара";"2026-07-17 13:51:32";"Одежда";"Пальто";"'31.20";"'6.2";"0";"0";"0";"0";"0";"49999,00";"49999,00";;"5%";;"Изображение: Нет фотографии товара. Вы можете поставлять товары без фото на склад, но покупатели не увидят товар на сайте. Для загрузки карточки на сайт добавьте фото товара по нашим правилам"
"845790N20N 79 58";"5541979452";"5113601820";"2085303093230";"Пальто женское на синтепоне NortFolk";"'15";"NortFolk";"Не продается";;"0";"'0.00";"Нет фото в карточке товара";"2026-07-17 13:51:32";"Одежда";"Пальто";"'31.20";"'6.2";"0";"0";"0";"0";"0";"49999,00";"49999,00";;"5%";;"Изображение: Нет фотографии товара. Вы можете поставлять товары без фото на склад, но покупатели не увидят товар на сайте. Для загрузки карточки на сайт добавьте фото товара по нашим правилам"
"906581N16N 99 48";"5541979453";"5113601143";"2085303188622";"Пальто мужское демисезонное на тонком синтепоне NortFolk";"'15";"NortFolk";"Не продается";;"0";"'0.00";"Нет фото в карточке товара";"2026-07-17 13:51:32";"Одежда";"Пальто";"'31.20";"'6.2";"0";"0";"0";"0";"0";"49999,00";"49999,00";;"5%";;"Изображение: Нет фотографии товара. Вы можете поставлять товары без фото на склад, но покупатели не увидят товар на сайте. Для загрузки карточки на сайт добавьте фото товара по нашим правилам"
"320580Y20N 200 52";"5541979455";"5113600417";"2085303202854";"Пальто женское зимнее на синтепоне NortFolk";"'15";"NortFolk";"Не продается";;"0";"'0.00";"Нет фото в карточке товара";"2026-07-17 13:51:32";"Одежда";"Пальто";"'26.00";"'5.2";"0";"0";"0";"0";"0";"49999,00";"49999,00";;"5%";;"Изображение: Нет фотографии товара. Вы можете поставлять товары без фото на склад, но покупатели не увидят товар на сайте. Для загрузки карточки на сайт добавьте фото товара по нашим правилам"
"356580Y22N 67 48";"5541979456";"5113604478";"2085303202205";"Пальто женское зимнее на синтепоне NortFolk";"'15";"NortFolk";"Не продается";;"0";"'0.00";"Нет фото в карточке товара";"2026-07-17 13:51:32";"Одежда";"Пальто";"'31.20";"'6.2";"0";"0";"0";"0";"0";"49999,00";"49999,00";;"5%";;"Изображение: Нет фотографии товара. Вы можете поставлять товары без фото на склад, но покупатели не увидят товар на сайте. Для загрузки карточки на сайт добавьте фото товара по нашим правилам"
"356580Y22N 100 44";"5541979458";"5113601128";"2085303202106";"Пальто женское зимнее на синтепоне NortFolk";"'15";"NortFolk";"Не продается";;"0";"'0.00";"Нет фото в карточке товара";"2026-07-17 13:51:32";"Одежда";"Пальто";"'31.20";"'6.2";"0";"0";"0";"0";"0";"49999,00";"49999,00";;"5%";;"Изображение: Нет фотографии товара. Вы можете поставлять товары без фото на склад, но покупатели не увидят товар на сайте. Для загрузки карточки на сайт добавьте фото товара по нашим правилам"
"320580Y20N 265/265 54";"5541979460";"5113601078";"2085303203011";"Пальто женское зимнее на синтепоне NortFolk";"'28.5";"NortFolk";"Продается";;"0";"'0.00";;"2026-07-17 13:51:32";"Одежда";"Пальто";"'26.00";"'5.2";"3";"0";"0";"0";"0";"30160,00";"49999,00";;"5%";;
"320580Y20N 265/265 50";"5541979468";"5113601754";"2085303202991";"Пальто женское зимнее на синтепоне NortFolk";"'28.5";"NortFolk";"Продается";;"0";"'0.00";;"2026-07-17 13:51:32";"Одежда";"Пальто";"'26.00";"'5.2";"3";"0";"0";"0";"0";"30160,00";"49999,00";;"5%";;
"320580Y20N 200 58";"5541979469";"5113600973";"2085303202885";"Пальто женское зимнее на синтепоне NortFolk";"'15";"NortFolk";"Не продается";;"0";"'0.00";"Нет фото в карточке товара";"2026-07-17 13:51:32";"Одежда";"Пальто";"'26.00";"'5.2";"0";"0";"0";"0";"0";"49999,00";"49999,00";;"5%";;"Изображение: Нет фотографии товара. Вы можете поставлять товары без фото на склад, но покупатели не увидят товар на сайте. Для загрузки карточки на сайт добавьте фото товара по нашим правилам"
"312580Y22N 67 56";"5541979470";"5113601644";"2085303204117";"Пальто женское зимнее на синтепоне NortFolk";"'15";"NortFolk";"Не продается";;"0";"'0.00";"Нет фото в карточке товара";"2026-07-17 13:51:32";"Одежда";"Пальто";"'31.20";"'6.2";"0";"0";"0";"0";"0";"49999,00";"49999,00";;"5%";;"Изображение: Нет фотографии товара. Вы можете поставлять товары без фото на склад, но покупатели не увидят товар на сайте. Для загрузки карточки на сайт добавьте фото товара по нашим правилам"
"320580Y20N 265 54";"5541979472";"5113601628";"2085303202472";"Пальто женское зимнее на синтепоне NortFolk";"'15";"NortFolk";"Не продается";;"0";"'0.00";"Нет фото в карточке товара";"2026-07-17 13:51:32";"Одежда";"Пальто";"'26.00";"'5.2";"0";"0";"0";"0";"0";"49999,00";"49999,00";;"5%";;"Изображение: Нет фотографии товара. Вы можете поставлять товары без фото на склад, но покупатели не увидят товар на сайте. Для загрузки карточки на сайт добавьте фото товара по нашим правилам"
"320580Y20N 106 52";"5541979473";"5113600559";"2085303202779";"Пальто женское зимнее на синтепоне NortFolk";"'15";"NortFolk";"Не продается";;"0";"'0.00";"Нет фото в карточке товара";"2026-07-17 13:51:32";"Одежда";"Пальто";"'26.00";"'5.2";"0";"0";"0";"0";"0";"49999,00";"49999,00";;"5%";;"Изображение: Нет фотографии товара. Вы можете поставлять товары без фото на склад, но покупатели не увидят товар на сайте. Для загрузки карточки на сайт добавьте фото товара по нашим правилам"
"320580Y20N 265/265 58";"5541979474";"5113601513";"2085303203035";"Пальто женское зимнее на синтепоне NortFolk";"'28.5";"NortFolk";"Продается";;"0";"'0.00";;"2026-07-17 13:51:32";"Одежда";"Пальто";"'26.00";"'5.2";"3";"0";"0";"0";"0";"30160,00";"49999,00";;"5%";;
"312580Y22N 100 58";"5541979477";"5113601918";"2085303204056";"Пальто женское зимнее на синтепоне NortFolk";"'15";"NortFolk";"Не продается";;"0";"'0.00";"Нет фото в карточке товара";"2026-07-17 13:51:32";"Одежда";"Пальто";"'31.20";"'6.2";"0";"0";"0";"0";"0";"49999,00";"49999,00";;"5%";;"Изображение: Нет фотографии товара. Вы можете поставлять товары без фото на склад, но покупатели не увидят товар на сайте. Для загрузки карточки на сайт добавьте фото товара по нашим правилам"
"320580Y20N 17 56";"5541979478";"5113600903";"2085303202953";"Пальто женское зимнее на синтепоне NortFolk";"'15";"NortFolk";"Не продается";;"0";"'0.00";"Нет фото в карточке товара";"2026-07-17 13:51:32";"Одежда";"Пальто";"'26.00";"'5.2";"0";"0";"0";"0";"0";"49999,00";"49999,00";;"5%";;"Изображение: Нет фотографии товара. Вы можете поставлять товары без фото на склад, но покупатели не увидят товар на сайте. Для загрузки карточки на сайт добавьте фото товара по нашим правилам"
"312580Y22N 25N 52";"5541979479";"5113601876";"2085303204162";"Пальто женское зимнее на синтепоне NortFolk";"'15";"NortFolk";"Не продается";;"0";"'0.00";"Нет фото в карточке товара";"2026-07-17 13:51:32";"Одежда";"Пальто";"'31.20";"'6.2";"0";"0";"0";"0";"0";"49999,00";"49999,00";;"5%";;"Изображение: Нет фотографии товара. Вы можете поставлять товары без фото на склад, но покупатели не увидят товар на сайте. Для загрузки карточки на сайт добавьте фото товара по нашим правилам"
"312580Y22N 25N 58";"5541979480";"5113604714";"2085303204193";"Пальто женское зимнее на синтепоне NortFolk";"'15";"NortFolk";"Не продается";;"0";"'0.00";"Нет фото в карточке товара";"2026-07-17 13:51:32";"Одежда";"Пальто";"'31.20";"'6.2";"0";"0";"0";"0";"0";"49999,00";"49999,00";;"5%";;"Изображение: Нет фотографии товара. Вы можете поставлять товары без фото на склад, но покупатели не увидят товар на сайте. Для загрузки карточки на сайт добавьте фото товара по нашим правилам"
"320580Y20N 67 48";"5541979482";"5113604096";"2085303202595";"Пальто женское зимнее на синтепоне NortFolk";"'15";"NortFolk";"Не продается";;"0";"'0.00";"Нет фото в карточке товара";"2026-07-17 13:51:32";"Одежда";"Пальто";"'26.00";"'5.2";"0";"0";"0";"0";"0";"49999,00";"49999,00";;"5%";;"Изображение: Нет фотографии товара. Вы можете поставлять товары без фото на склад, но покупатели не увидят товар на сайте. Для загрузки карточки на сайт добавьте фото товара по нашим правилам"
"320580Y20N 67 46";"5541979483";"5113601571";"2085303202588";"Пальто женское зимнее на синтепоне NortFolk";"'15";"NortFolk";"Не продается";;"0";"'0.00";"Нет фото в карточке товара";"2026-07-17 13:51:32";"Одежда";"Пальто";"'26.00";"'5.2";"0";"0";"0";"0";"0";"49999,00";"49999,00";;"5%";;"Изображение: Нет фотографии товара. Вы можете поставлять товары без фото на склад, но покупатели не увидят товар на сайте. Для загрузки карточки на сайт добавьте фото товара по нашим правилам"
"312580Y22N 67 54";"5541979484";"5113604491";"2085303204100";"Пальто женское зимнее на синтепоне NortFolk";"'15";"NortFolk";"Не продается";;"0";"'0.00";"Нет фото в карточке товара";"2026-07-17 13:51:32";"Одежда";"Пальто";"'31.20";"'6.2";"0";"0";"0";"0";"0";"49999,00";"49999,00";;"5%";;"Изображение: Нет фотографии товара. Вы можете поставлять товары без фото на склад, но покупатели не увидят товар на сайте. Для загрузки карточки на сайт добавьте фото товара по нашим правилам"
"356580Y22N 260 54";"5541979485";"5113601211";"2085303202311";"Пальто женское зимнее на синтепоне NortFolk";"'15";"NortFolk";"Не продается";;"0";"'0.00";"Нет фото в карточке товара";"2026-07-17 13:51:32";"Одежда";"Пальто";"'31.20";"'6.2";"0";"0";"0";"0";"0";"49999,00";"49999,00";;"5%";;"Изображение: Нет фотографии товара. Вы можете поставлять товары без фото на склад, но покупатели не увидят товар на сайте. Для загрузки карточки на сайт добавьте фото товара по нашим правилам"
"356580Y22N 260 52";"5541979486";"5113601919";"2085303202304";"Пальто женское зимнее на синтепоне NortFolk";"'15";"NortFolk";"Не продается";;"0";"'0.00";"Нет фото в карточке товара";"2026-07-17 13:51:32";"Одежда";"Пальто";"'31.20";"'6.2";"0";"0";"0";"0";"0";"49999,00";"49999,00";;"5%";;"Изображение: Нет фотографии товара. Вы можете поставлять товары без фото на склад, но покупатели не увидят товар на сайте. Для загрузки карточки на сайт добавьте фото товара по нашим правилам"
"320580Y20N 200/200 52";"5541979487";"5113601252";"2085303203073";"Пальто женское зимнее на синтепоне NortFolk";"'28.5";"NortFolk";"Продается";;"0";"'0.00";;"2026-07-17 13:51:32";"Одежда";"Пальто";"'26.00";"'5.2";"3";"0";"0";"0";"0";"30160,00";"49999,00";;"5%";;
"356580Y22N 108 56";"5541979488";"5113601897";"2085303202403";"Пальто женское зимнее на синтепоне NortFolk";"'15";"NortFolk";"Не продается";;"0";"'0.00";"Нет фото в карточке товара";"2026-07-17 13:51:32";"Одежда";"Пальто";"'31.20";"'6.2";"0";"0";"0";"0";"0";"49999,00";"49999,00";;"5%";;"Изображение: Нет фотографии товара. Вы можете поставлять товары без фото на склад, но покупатели не увидят товар на сайте. Для загрузки карточки на сайт добавьте фото товара по нашим правилам"
"320580Y20N 200/200 58";"5541979491";"5113600319";"2085303203103";"Пальто женское зимнее на синтепоне NortFolk";"'28.5";"NortFolk";"Продается";;"0";"'0.00";;"2026-07-17 13:51:32";"Одежда";"Пальто";"'26.00";"'5.2";"3";"0";"0";"0";"0";"30160,00";"49999,00";;"5%";;
"312580Y22N 100 54";"5541979493";"5113600673";"2085303204032";"Пальто женское зимнее на синтепоне NortFolk";"'15";"NortFolk";"Не продается";;"0";"'0.00";"Нет фото в карточке товара";"2026-07-17 13:51:33";"Одежда";"Пальто";"'31.20";"'6.2";"0";"0";"0";"0";"0";"49999,00";"49999,00";;"5%";;"Изображение: Нет фотографии товара. Вы можете поставлять товары без фото на склад, но покупатели не увидят товар на сайте. Для загрузки карточки на сайт добавьте фото товара по нашим правилам"
"320580Y20N 106 46";"5541979494";"5113601646";"2085303202748";"Пальто женское зимнее на синтепоне NortFolk";"'15";"NortFolk";"Не продается";;"0";"'0.00";"Нет фото в карточке товара";"2026-07-17 13:51:32";"Одежда";"Пальто";"'26.00";"'5.2";"0";"0";"0";"0";"0";"49999,00";"49999,00";;"5%";;"Изображение: Нет фотографии товара. Вы можете поставлять товары без фото на склад, но покупатели не увидят товар на сайте. Для загрузки карточки на сайт добавьте фото товара по нашим правилам"
"312580Y22N 100 56";"5541979499";"5113601678";"2085303204049";"Пальто женское зимнее на синтепоне NortFolk";"'15";"NortFolk";"Не продается";;"0";"'0.00";"Нет фото в карточке товара";"2026-07-17 13:51:33";"Одежда";"Пальто";"'31.20";"'6.2";"0";"0";"0";"0";"0";"49999,00";"49999,00";;"5%";;"Изображение: Нет фотографии товара. Вы можете поставлять товары без фото на склад, но покупатели не увидят товар на сайте. Для загрузки карточки на сайт добавьте фото товара по нашим правилам"
"427340Y15N 25 42";"5541979500";"5113601987";"2085303091663";"Пальто женское NortFolk";"'15";"NortFolk";"Не продается";;"0";"'0.00";"Нет фото в карточке товара";"2026-07-17 13:51:33";"Одежда";"Пальто";"'31.20";"'6.2";"0";"0";"0";"0";"0";"49999,00";"49999,00";;"5%";;"Изображение: Нет фотографии товара. Вы можете поставлять товары без фото на склад, но покупатели не увидят товар на сайте. Для загрузки карточки на сайт добавьте фото товара по нашим правилам"
"320580Y20N 106/106 54";"5541979501";"5113601590";"2085303202700";"Пальто женское зимнее на синтепоне NortFolk";"'42";"NortFolk";"Продается";;"0";"'0.00";;"2026-07-17 13:51:33";"Одежда";"Пальто";"'26.00";"'5.2";"3";"0";"0";"0";"0";"30160,00";"49999,00";;"5%";;
"320580Y20N 106 56";"5541979502";"5113604715";"2085303202793";"Пальто женское зимнее на синтепоне NortFolk";"'15";"NortFolk";"Не продается";;"0";"'0.00";"Нет фото в карточке товара";"2026-07-17 13:51:33";"Одежда";"Пальто";"'26.00";"'5.2";"0";"0";"0";"0";"0";"49999,00";"49999,00";;"5%";;"Изображение: Нет фотографии товара. Вы можете поставлять товары без фото на склад, но покупатели не увидят товар на сайте. Для загрузки карточки на сайт добавьте фото товара по нашим правилам"
"320580Y20N 265/265 56";"5541979504";"5113602047";"2085303203028";"Пальто женское зимнее на синтепоне NortFolk";"'28.5";"NortFolk";"Продается";;"0";"'0.00";;"2026-07-17 13:51:33";"Одежда";"Пальто";"'26.00";"'5.2";"3";"0";"0";"0";"0";"30160,00";"49999,00";;"5%";;
"845790N20N 79 48";"5541979505";"5113601338";"2085303093186";"Пальто женское на синтепоне NortFolk";"'15";"NortFolk";"Не продается";;"0";"'0.00";"Нет фото в карточке товара";"2026-07-17 13:51:33";"Одежда";"Пальто";"'31.20";"'6.2";"0";"0";"0";"0";"0";"49999,00";"49999,00";;"5%";;"Изображение: Нет фотографии товара. Вы можете поставлять товары без фото на склад, но покупатели не увидят товар на сайте. Для загрузки карточки на сайт добавьте фото товара по нашим правилам"
"906581N16N 77-2 56";"5541979511";"5113601562";"2085303188592";"Пальто мужское демисезонное на тонком синтепоне NortFolk";"'15";"NortFolk";"Не продается";;"0";"'0.00";"Нет фото в карточке товара";"2026-07-17 13:51:33";"Одежда";"Пальто";"'31.20";"'6.2";"0";"0";"0";"0";"0";"49999,00";"49999,00";;"5%";;"Изображение: Нет фотографии товара. Вы можете поставлять товары без фото на склад, но покупатели не увидят товар на сайте. Для загрузки карточки на сайт добавьте фото товара по нашим правилам"
"906581N16N 255 56";"5541979512";"5113602428";"2085303188806";"Пальто мужское демисезонное на тонком синтепоне NortFolk";"'15";"NortFolk";"Не продается";;"0";"'0.00";"Нет фото в карточке товара";"2026-07-17 13:51:33";"Одежда";"Пальто";"'31.20";"'6.2";"0";"0";"0";"0";"0";"49999,00";"49999,00";;"5%";;"Изображение: Нет фотографии товара. Вы можете поставлять товары без фото на склад, но покупатели не увидят товар на сайте. Для загрузки карточки на сайт добавьте фото товара по нашим правилам"
"320580Y20N 106 54";"5541979513";"5113601899";"2085303202786";"Пальто женское зимнее на синтепоне NortFolk";"'15";"NortFolk";"Не продается";;"0";"'0.00";"Нет фото в карточке товара";"2026-07-17 13:51:33";"Одежда";"Пальто";"'26.00";"'5.2";"0";"0";"0";"0";"0";"49999,00";"49999,00";;"5%";;"Изображение: Нет фотографии товара. Вы можете поставлять товары без фото на склад, но покупатели не увидят товар на сайте. Для загрузки карточки на сайт добавьте фото товара по нашим правилам"
"320580Y20N 200 48";"5541979517";"5113602356";"2085303202830";"Пальто женское зимнее на синтепоне NortFolk";"'15";"NortFolk";"Не продается";;"0";"'0.00";"Нет фото в карточке товара";"2026-07-17 13:51:33";"Одежда";"Пальто";"'26.00";"'5.2";"0";"0";"0";"0";"0";"49999,00";"49999,00";;"5%";;"Изображение: Нет фотографии товара. Вы можете поставлять товары без фото на склад, но покупатели не увидят товар на сайте. Для загрузки карточки на сайт добавьте фото товара по нашим правилам"
"356580Y22N 260 46";"5541979519";"5113602109";"2085303202274";"Пальто женское зимнее на синтепоне NortFolk";"'15";"NortFolk";"Не продается";;"0";"'0.00";"Нет фото в карточке товара";"2026-07-17 13:51:33";"Одежда";"Пальто";"'31.20";"'6.2";"0";"0";"0";"0";"0";"49999,00";"49999,00";;"5%";;"Изображение: Нет фотографии товара. Вы можете поставлять товары без фото на склад, но покупатели не увидят товар на сайте. Для загрузки карточки на сайт добавьте фото товара по нашим правилам"
"356580Y22N 100 54";"5541979520";"5113601647";"2085303202151";"Пальто женское зимнее на синтепоне NortFolk";"'15";"NortFolk";"Не продается";;"0";"'0.00";"Нет фото в карточке товара";"2026-07-17 13:51:33";"Одежда";"Пальто";"'31.20";"'6.2";"0";"0";"0";"0";"0";"49999,00";"49999,00";;"5%";;"Изображение: Нет фотографии товара. Вы можете поставлять товары без фото на склад, но покупатели не увидят товар на сайте. Для загрузки карточки на сайт добавьте фото товара по нашим правилам"
"906581N16N 36 50";"5541979522";"5113604304";"2085303188707";"Пальто мужское демисезонное на тонком синтепоне NortFolk";"'15";"NortFolk";"Не продается";;"0";"'0.00";"Нет фото в карточке товара";"2026-07-17 13:51:33";"Одежда";"Пальто";"'31.20";"'6.2";"0";"0";"0";"0";"0";"49999,00";"49999,00";;"5%";;"Изображение: Нет фотографии товара. Вы можете поставлять товары без фото на склад, но покупатели не увидят товар на сайте. Для загрузки карточки на сайт добавьте фото товара по нашим правилам"
"906581N16N 36 54";"5541979524";"5113601305";"2085303188721";"Пальто мужское демисезонное на тонком синтепоне NortFolk";"'15";"NortFolk";"Не продается";;"0";"'0.00";"Нет фото в карточке товара";"2026-07-17 13:51:33";"Одежда";"Пальто";"'31.20";"'6.2";"0";"0";"0";"0";"0";"49999,00";"49999,00";;"5%";;"Изображение: Нет фотографии товара. Вы можете поставлять товары без фото на склад, но покупатели не увидят товар на сайте. Для загрузки карточки на сайт добавьте фото товара по нашим правилам"
"320580Y20N 265/265 52";"5541979529";"5113602013";"2085303203004";"Пальто женское зимнее на синтепоне NortFolk";"'28.5";"NortFolk";"Продается";;"0";"'0.00";;"2026-07-17 13:51:33";"Одежда";"Пальто";"'26.00";"'5.2";"3";"0";"0";"0";"0";"30160,00";"49999,00";;"5%";;
"906581N16N 255 48";"5541979533";"5113601116";"2085303188769";"Пальто мужское демисезонное на тонком синтепоне NortFolk";"'15";"NortFolk";"Не продается";;"0";"'0.00";"Нет фото в карточке товара";"2026-07-17 13:51:33";"Одежда";"Пальто";"'31.20";"'6.2";"0";"0";"0";"0";"0";"49999,00";"49999,00";;"5%";;"Изображение: Нет фотографии товара. Вы можете поставлять товары без фото на склад, но покупатели не увидят товар на сайте. Для загрузки карточки на сайт добавьте фото товара по нашим правилам"
"356580Y22N 100 48";"5541979538";"5113605371";"2085303202120";"Пальто женское зимнее на синтепоне NortFolk";"'15";"NortFolk";"Не продается";;"0";"'0.00";"Нет фото в карточке товара";"2026-07-17 13:51:33";"Одежда";"Пальто";"'31.20";"'6.2";"0";"0";"0";"0";"0";"49999,00";"49999,00";;"5%";;"Изображение: Нет фотографии товара. Вы можете поставлять товары без фото на склад, но покупатели не увидят товар на сайте. Для загрузки карточки на сайт добавьте фото товара по нашим правилам"
"906581N16N 104 56";"5541979539";"5113601941";"2085303188943";"Пальто мужское демисезонное на тонком синтепоне NortFolk";"'15";"NortFolk";"Не продается";;"0";"'0.00";"Нет фото в карточке товара";"2026-07-17 13:51:33";"Одежда";"Пальто";"'31.20";"'6.2";"0";"0";"0";"0";"0";"49999,00";"49999,00";;"5%";;"Изображение: Нет фотографии товара. Вы можете поставлять товары без фото на склад, но покупатели не увидят товар на сайте. Для загрузки карточки на сайт добавьте фото товара по нашим правилам"
"356580Y22N 108 50";"5541979540";"5113601276";"2085303202373";"Пальто женское зимнее на синтепоне NortFolk";"'15";"NortFolk";"Не продается";;"0";"'0.00";"Нет фото в карточке товара";"2026-07-17 13:51:33";"Одежда";"Пальто";"'31.20";"'6.2";"0";"0";"0";"0";"0";"49999,00";"49999,00";;"5%";;"Изображение: Нет фотографии товара. Вы можете поставлять товары без фото на склад, но покупатели не увидят товар на сайте. Для загрузки карточки на сайт добавьте фото товара по нашим правилам"
"320580Y20N 106 58";"5541979541";"5113602427";"2085303202809";"Пальто женское зимнее на синтепоне NortFolk";"'15";"NortFolk";"Не продается";;"0";"'0.00";"Нет фото в карточке товара";"2026-07-17 13:51:33";"Одежда";"Пальто";"'26.00";"'5.2";"0";"0";"0";"0";"0";"49999,00";"49999,00";;"5%";;"Изображение: Нет фотографии товара. Вы можете поставлять товары без фото на склад, но покупатели не увидят товар на сайте. Для загрузки карточки на сайт добавьте фото товара по нашим правилам"
"906581N16N 255 50";"5541979552";"5113601813";"2085303188776";"Пальто мужское демисезонное на тонком синтепоне NortFolk";"'15";"NortFolk";"Не продается";;"0";"'0.00";"Нет фото в карточке товара";"2026-07-17 13:51:33";"Одежда";"Пальто";"'31.20";"'6.2";"0";"0";"0";"0";"0";"49999,00";"49999,00";;"5%";;"Изображение: Нет фотографии товара. Вы можете поставлять товары без фото на склад, но покупатели не увидят товар на сайте. Для загрузки карточки на сайт добавьте фото товара по нашим правилам"
"845790N20N 79 54";"5541979554";"5113600677";"2085303093216";"Пальто женское на синтепоне NortFolk";"'15";"NortFolk";"Не продается";;"0";"'0.00";"Нет фото в карточке товара";"2026-07-17 13:51:33";"Одежда";"Пальто";"'31.20";"'6.2";"0";"0";"0";"0";"0";"49999,00";"49999,00";;"5%";;"Изображение: Нет фотографии товара. Вы можете поставлять товары без фото на склад, но покупатели не увидят товар на сайте. Для загрузки карточки на сайт добавьте фото товара по нашим правилам"
"906581N16N 255 58";"5541979557";"5113601107";"2085303188813";"Пальто мужское демисезонное на тонком синтепоне NortFolk";"'15";"NortFolk";"Не продается";;"0";"'0.00";"Нет фото в карточке товара";"2026-07-17 13:51:33";"Одежда";"Пальто";"'31.20";"'6.2";"0";"0";"0";"0";"0";"49999,00";"49999,00";;"5%";;"Изображение: Нет фотографии товара. Вы можете поставлять товары без фото на склад, но покупатели не увидят товар на сайте. Для загрузки карточки на сайт добавьте фото товара по нашим правилам"
"356580Y22N 67 46";"5541979563";"5113601607";"2085303202199";"Пальто женское зимнее на синтепоне NortFolk";"'15";"NortFolk";"Не продается";;"0";"'0.00";"Нет фото в карточке товара";"2026-07-17 13:51:33";"Одежда";"Пальто";"'31.20";"'6.2";"0";"0";"0";"0";"0";"49999,00";"49999,00";;"5%";;"Изображение: Нет фотографии товара. Вы можете поставлять товары без фото на склад, но покупатели не увидят товар на сайте. Для загрузки карточки на сайт добавьте фото товара по нашим правилам"
"356580Y22N 67 56";"5541979565";"5113601127";"2085303202243";"Пальто женское зимнее на синтепоне NortFolk";"'15";"NortFolk";"Не продается";;"0";"'0.00";"Нет фото в карточке товара";"2026-07-17 13:51:33";"Одежда";"Пальто";"'31.20";"'6.2";"0";"0";"0";"0";"0";"49999,00";"49999,00";;"5%";;"Изображение: Нет фотографии товара. Вы можете поставлять товары без фото на склад, но покупатели не увидят товар на сайте. Для загрузки карточки на сайт добавьте фото товара по нашим правилам"
"356580Y22N 108 48";"5541979567";"5113604555";"2085303202366";"Пальто женское зимнее на синтепоне NortFolk";"'15";"NortFolk";"Не продается";;"0";"'0.00";"Нет фото в карточке товара";"2026-07-17 13:51:33";"Одежда";"Пальто";"'31.20";"'6.2";"0";"0";"0";"0";"0";"49999,00";"49999,00";;"5%";;"Изображение: Нет фотографии товара. Вы можете поставлять товары без фото на склад, но покупатели не увидят товар на сайте. Для загрузки карточки на сайт добавьте фото товара по нашим правилам"
"320580Y20N 265 46";"5541979571";"5113604273";"2085303202434";"Пальто женское зимнее на синтепоне NortFolk";"'15";"NortFolk";"Не продается";;"0";"'0.00";"Нет фото в карточке товара";"2026-07-17 13:51:33";"Одежда";"Пальто";"'26.00";"'5.2";"0";"0";"0";"0";"0";"49999,00";"49999,00";;"5%";;"Изображение: Нет фотографии товара. Вы можете поставлять товары без фото на склад, но покупатели не увидят товар на сайте. Для загрузки карточки на сайт добавьте фото товара по нашим правилам"
"356580Y22N 260 48";"5541979578";"5113601767";"2085303202281";"Пальто женское зимнее на синтепоне NortFolk";"'15";"NortFolk";"Не продается";;"0";"'0.00";"Нет фото в карточке товара";"2026-07-17 13:51:33";"Одежда";"Пальто";"'31.20";"'6.2";"0";"0";"0";"0";"0";"49999,00";"49999,00";;"5%";;"Изображение: Нет фотографии товара. Вы можете поставлять товары без фото на склад, но покупатели не увидят товар на сайте. Для загрузки карточки на сайт добавьте фото товара по нашим правилам"
"845790N20N 79 56";"5541979585";"5113600330";"2085303093223";"Пальто женское на синтепоне NortFolk";"'15";"NortFolk";"Не продается";;"0";"'0.00";"Нет фото в карточке товара";"2026-07-17 13:51:33";"Одежда";"Пальто";"'31.20";"'6.2";"0";"0";"0";"0";"0";"49999,00";"49999,00";;"5%";;"Изображение: Нет фотографии товара. Вы можете поставлять товары без фото на склад, но покупатели не увидят товар на сайте. Для загрузки карточки на сайт добавьте фото товара по нашим правилам"
"906581N16N 99 50";"5541979586";"5113601698";"2085303188639";"Пальто мужское демисезонное на тонком синтепоне NortFolk";"'15";"NortFolk";"Не продается";;"0";"'0.00";"Нет фото в карточке товара";"2026-07-17 13:51:33";"Одежда";"Пальто";"'31.20";"'6.2";"0";"0";"0";"0";"0";"49999,00";"49999,00";;"5%";;"Изображение: Нет фотографии товара. Вы можете поставлять товары без фото на склад, но покупатели не увидят товар на сайте. Для загрузки карточки на сайт добавьте фото товара по нашим правилам"
"906581N16N 255 46";"5541979591";"5113601794";"2085303188752";"Пальто мужское демисезонное на тонком синтепоне NortFolk";"'15";"NortFolk";"Не продается";;"0";"'0.00";"Нет фото в карточке товара";"2026-07-17 13:51:33";"Одежда";"Пальто";"'31.20";"'6.2";"0";"0";"0";"0";"0";"49999,00";"49999,00";;"5%";;"Изображение: Нет фотографии товара. Вы можете поставлять товары без фото на склад, но покупатели не увидят товар на сайте. Для загрузки карточки на сайт добавьте фото товара по нашим правилам"
"906581N16N 77-2 46";"5541979592";"5113601615";"2085303188547";"Пальто мужское демисезонное на тонком синтепоне NortFolk";"'15";"NortFolk";"Не продается";;"0";"'0.00";"Нет фото в карточке товара";"2026-07-17 13:51:33";"Одежда";"Пальто";"'31.20";"'6.2";"0";"0";"0";"0";"0";"49999,00";"49999,00";;"5%";;"Изображение: Нет фотографии товара. Вы можете поставлять товары без фото на склад, но покупатели не увидят товар на сайте. Для загрузки карточки на сайт добавьте фото товара по нашим правилам"
"906581N16N 75 56";"5541979593";"5113601195";"2085303188875";"Пальто мужское демисезонное на тонком синтепоне NortFolk";"'15";"NortFolk";"Не продается";;"0";"'0.00";"Нет фото в карточке товара";"2026-07-17 13:51:33";"Одежда";"Пальто";"'31.20";"'6.2";"0";"0";"0";"0";"0";"49999,00";"49999,00";;"5%";;"Изображение: Нет фотографии товара. Вы можете поставлять товары без фото на склад, но покупатели не увидят товар на сайте. Для загрузки карточки на сайт добавьте фото товара по нашим правилам"
"320580Y20N 106/106 46";"5541979594";"5113604262";"2085303202663";"Пальто женское зимнее на синтепоне NortFolk";"'42";"NortFolk";"Продается";;"0";"'0.00";;"2026-07-17 13:51:33";"Одежда";"Пальто";"'26.00";"'5.2";"3";"0";"0";"0";"0";"30160,00";"49999,00";;"5%";;
"320580Y20N 67 52";"5541979595";"5113601333";"2085303202618";"Пальто женское зимнее на синтепоне NortFolk";"'15";"NortFolk";"Не продается";;"0";"'0.00";"Нет фото в карточке товара";"2026-07-17 13:51:33";"Одежда";"Пальто";"'26.00";"'5.2";"0";"0";"0";"0";"0";"49999,00";"49999,00";;"5%";;"Изображение: Нет фотографии товара. Вы можете поставлять товары без фото на склад, но покупатели не увидят товар на сайте. Для загрузки карточки на сайт добавьте фото товара по нашим правилам"
"845790N20N 260 44";"5541979597";"5113601286";"2085303029574";"Пальто женское на синтепоне NortFolk";"'15";"NortFolk";"Не продается";;"0";"'0.00";"Нет фото в карточке товара";"2026-07-17 13:51:33";"Одежда";"Пальто";"'31.20";"'6.2";"0";"0";"0";"0";"0";"49999,00";"49999,00";;"5%";;"Изображение: Нет фотографии товара. Вы можете поставлять товары без фото на склад, но покупатели не увидят товар на сайте. Для загрузки карточки на сайт добавьте фото товара по нашим правилам"
"320580Y20N 106/106 50";"5541979602";"5113604723";"2085303202687";"Пальто женское зимнее на синтепоне NortFolk";"'42";"NortFolk";"Продается";;"0";"'0.00";;"2026-07-17 13:51:33";"Одежда";"Пальто";"'26.00";"'5.2";"3";"0";"0";"0";"0";"30160,00";"49999,00";;"5%";;
"906581N16N 77-2 50";"5541979608";"5113604625";"2085303188561";"Пальто мужское демисезонное на тонком синтепоне NortFolk";"'15";"NortFolk";"Не продается";;"0";"'0.00";"Нет фото в карточке товара";"2026-07-17 13:51:33";"Одежда";"Пальто";"'31.20";"'6.2";"0";"0";"0";"0";"0";"49999,00";"49999,00";;"5%";;"Изображение: Нет фотографии товара. Вы можете поставлять товары без фото на склад, но покупатели не увидят товар на сайте. Для загрузки карточки на сайт добавьте фото товара по нашим правилам"
"906581N16N 255 52";"5541979617";"5113604211";"2085303188783";"Пальто мужское демисезонное на тонком синтепоне NortFolk";"'15";"NortFolk";"Не продается";;"0";"'0.00";"Нет фото в карточке товара";"2026-07-17 13:51:33";"Одежда";"Пальто";"'31.20";"'6.2";"0";"0";"0";"0";"0";"49999,00";"49999,00";;"5%";;"Изображение: Нет фотографии товара. Вы можете поставлять товары без фото на склад, но покупатели не увидят товар на сайте. Для загрузки карточки на сайт добавьте фото товара по нашим правилам"
"906581N16N 36 46";"5541979618";"5113601774";"2085303188684";"Пальто мужское демисезонное на тонком синтепоне NortFolk";"'15";"NortFolk";"Не продается";;"0";"'0.00";"Нет фото в карточке товара";"2026-07-17 13:51:33";"Одежда";"Пальто";"'31.20";"'6.2";"0";"0";"0";"0";"0";"49999,00";"49999,00";;"5%";;"Изображение: Нет фотографии товара. Вы можете поставлять товары без фото на склад, но покупатели не увидят товар на сайте. Для загрузки карточки на сайт добавьте фото товара по нашим правилам"
"320580Y20N 265 52";"5541979619";"5113604484";"2085303202465";"Пальто женское зимнее на синтепоне NortFolk";"'15";"NortFolk";"Не продается";;"0";"'0.00";"Нет фото в карточке товара";"2026-07-17 13:51:33";"Одежда";"Пальто";"'26.00";"'5.2";"0";"0";"0";"0";"0";"49999,00";"49999,00";;"5%";;"Изображение: Нет фотографии товара. Вы можете поставлять товары без фото на склад, но покупатели не увидят товар на сайте. Для загрузки карточки на сайт добавьте фото товара по нашим правилам"
"906581N16N 75 50";"5541979620";"5113601504";"2085303188844";"Пальто мужское демисезонное на тонком синтепоне NortFolk";"'15";"NortFolk";"Не продается";;"0";"'0.00";"Нет фото в карточке товара";"2026-07-17 13:51:33";"Одежда";"Пальто";"'31.20";"'6.2";"0";"0";"0";"0";"0";"49999,00";"49999,00";;"5%";;"Изображение: Нет фотографии товара. Вы можете поставлять товары без фото на склад, но покупатели не увидят товар на сайте. Для загрузки карточки на сайт добавьте фото товара по нашим правилам"
"320580Y20N 106/106 52";"5541979626";"5113604624";"2085303202694";"Пальто женское зимнее на синтепоне NortFolk";"'42";"NortFolk";"Продается";;"0";"'0.00";;"2026-07-17 13:51:33";"Одежда";"Пальто";"'26.00";"'5.2";"3";"0";"0";"0";"0";"30160,00";"49999,00";;"5%";;
"356580Y22N 67 50";"5541979631";"5113604376";"2085303202212";"Пальто женское зимнее на синтепоне NortFolk";"'15";"NortFolk";"Не продается";;"0";"'0.00";"Нет фото в карточке товара";"2026-07-17 13:51:33";"Одежда";"Пальто";"'31.20";"'6.2";"0";"0";"0";"0";"0";"49999,00";"49999,00";;"5%";;"Изображение: Нет фотографии товара. Вы можете поставлять товары без фото на склад, но покупатели не увидят товар на сайте. Для загрузки карточки на сайт добавьте фото товара по нашим правилам"
"356580Y22N 108 54";"5541979634";"5113601750";"2085303202397";"Пальто женское зимнее на синтепоне NortFolk";"'15";"NortFolk";"Не продается";;"0";"'0.00";"Нет фото в карточке товара";"2026-07-17 13:51:33";"Одежда";"Пальто";"'31.20";"'6.2";"0";"0";"0";"0";"0";"49999,00";"49999,00";;"5%";;"Изображение: Нет фотографии товара. Вы можете поставлять товары без фото на склад, но покупатели не увидят товар на сайте. Для загрузки карточки на сайт добавьте фото товара по нашим правилам"
"906581N16N 99 52";"5541979635";"5113601356";"2085303188646";"Пальто мужское демисезонное на тонком синтепоне NortFolk";"'15";"NortFolk";"Не продается";;"0";"'0.00";"Нет фото в карточке товара";"2026-07-17 13:51:33";"Одежда";"Пальто";"'31.20";"'6.2";"0";"0";"0";"0";"0";"49999,00";"49999,00";;"5%";;"Изображение: Нет фотографии товара. Вы можете поставлять товары без фото на склад, но покупатели не увидят товар на сайте. Для загрузки карточки на сайт добавьте фото товара по нашим правилам"
"906581N16N 36 58";"5541979639";"5113601561";"2085303188745";"Пальто мужское демисезонное на тонком синтепоне NortFolk";"'15";"NortFolk";"Не продается";;"0";"'0.00";"Нет фото в карточке товара";"2026-07-17 13:51:33";"Одежда";"Пальто";"'31.20";"'6.2";"0";"0";"0";"0";"0";"49999,00";"49999,00";;"5%";;"Изображение: Нет фотографии товара. Вы можете поставлять товары без фото на склад, но покупатели не увидят товар на сайте. Для загрузки карточки на сайт добавьте фото товара по нашим правилам"
"320580Y20N 106/106 58";"5541979640";"5113605007";"2085303202724";"Пальто женское зимнее на синтепоне NortFolk";"'42";"NortFolk";"Продается";;"0";"'0.00";;"2026-07-17 13:51:33";"Одежда";"Пальто";"'26.00";"'5.2";"3";"0";"0";"0";"0";"30160,00";"49999,00";;"5%";;
"906581N16N 36 52";"5541979642";"5113600945";"2085303188714";"Пальто мужское демисезонное на тонком синтепоне NortFolk";"'15";"NortFolk";"Не продается";;"0";"'0.00";"Нет фото в карточке товара";"2026-07-17 13:51:33";"Одежда";"Пальто";"'31.20";"'6.2";"0";"0";"0";"0";"0";"49999,00";"49999,00";;"5%";;"Изображение: Нет фотографии товара. Вы можете поставлять товары без фото на склад, но покупатели не увидят товар на сайте. Для загрузки карточки на сайт добавьте фото товара по нашим правилам"
"356580Y22N 108 52";"5541979643";"5113602141";"2085303202380";"Пальто женское зимнее на синтепоне NortFolk";"'15";"NortFolk";"Не продается";;"0";"'0.00";"Нет фото в карточке товара";"2026-07-17 13:51:33";"Одежда";"Пальто";"'31.20";"'6.2";"0";"0";"0";"0";"0";"49999,00";"49999,00";;"5%";;"Изображение: Нет фотографии товара. Вы можете поставлять товары без фото на склад, но покупатели не увидят товар на сайте. Для загрузки карточки на сайт добавьте фото товара по нашим правилам"
"906581N16N 104 52";"5541979645";"5113601522";"2085303188929";"Пальто мужское демисезонное на тонком синтепоне NortFolk";"'15";"NortFolk";"Не продается";;"0";"'0.00";"Нет фото в карточке товара";"2026-07-17 13:51:33";"Одежда";"Пальто";"'31.20";"'6.2";"0";"0";"0";"0";"0";"49999,00";"49999,00";;"5%";;"Изображение: Нет фотографии товара. Вы можете поставлять товары без фото на склад, но покупатели не увидят товар на сайте. Для загрузки карточки на сайт добавьте фото товара по нашим правилам"
"906581N16N 99 46";"5541979647";"5113601655";"2085303188615";"Пальто мужское демисезонное на тонком синтепоне NortFolk";"'15";"NortFolk";"Не продается";;"0";"'0.00";"Нет фото в карточке товара";"2026-07-17 13:51:33";"Одежда";"Пальто";"'31.20";"'6.2";"0";"0";"0";"0";"0";"49999,00";"49999,00";;"5%";;"Изображение: Нет фотографии товара. Вы можете поставлять товары без фото на склад, но покупатели не увидят товар на сайте. Для загрузки карточки на сайт добавьте фото товара по нашим правилам"
"906581N16N 104 46";"5541979655";"5113604707";"2085303188899";"Пальто мужское демисезонное на тонком синтепоне NortFolk";"'15";"NortFolk";"Не продается";;"0";"'0.00";"Нет фото в карточке товара";"2026-07-17 13:51:34";"Одежда";"Пальто";"'31.20";"'6.2";"0";"0";"0";"0";"0";"49999,00";"49999,00";;"5%";;"Изображение: Нет фотографии товара. Вы можете поставлять товары без фото на склад, но покупатели не увидят товар на сайте. Для загрузки карточки на сайт добавьте фото товара по нашим правилам"
"845790N20N 79 52";"5541979680";"5113601287";"2085303093209";"Пальто женское на синтепоне NortFolk";"'15";"NortFolk";"Не продается";;"0";"'0.00";"Нет фото в карточке товара";"2026-07-17 13:51:34";"Одежда";"Пальто";"'31.20";"'6.2";"0";"0";"0";"0";"0";"49999,00";"49999,00";;"5%";;"Изображение: Нет фотографии товара. Вы можете поставлять товары без фото на склад, но покупатели не увидят товар на сайте. Для загрузки карточки на сайт добавьте фото товара по нашим правилам"
"906581N16N 77-2 54";"5541979755";"5113601690";"2085303188585";"Пальто мужское демисезонное на тонком синтепоне NortFolk";"'15";"NortFolk";"Не продается";;"0";"'0.00";"Нет фото в карточке товара";"2026-07-17 13:51:35";"Одежда";"Пальто";"'31.20";"'6.2";"0";"0";"0";"0";"0";"49999,00";"49999,00";;"5%";;"Изображение: Нет фотографии товара. Вы можете поставлять товары без фото на склад, но покупатели не увидят товар на сайте. Для загрузки карточки на сайт добавьте фото товара по нашим правилам"
"906581N16N 77-2 58";"5541979757";"5113602021";"2085303188608";"Пальто мужское демисезонное на тонком синтепоне NortFolk";"'15";"NortFolk";"Не продается";;"0";"'0.00";"Нет фото в карточке товара";"2026-07-17 13:51:35";"Одежда";"Пальто";"'31.20";"'6.2";"0";"0";"0";"0";"0";"49999,00";"49999,00";;"5%";;"Изображение: Нет фотографии товара. Вы можете поставлять товары без фото на склад, но покупатели не увидят товар на сайте. Для загрузки карточки на сайт добавьте фото товара по нашим правилам"
"312580Y22N 25N 54";"5541979762";"5113605749";"2085303204179";"Пальто женское зимнее на синтепоне NortFolk";"'15";"NortFolk";"Не продается";;"0";"'0.00";"Нет фото в карточке товара";"2026-07-17 13:51:35";"Одежда";"Пальто";"'31.20";"'6.2";"0";"0";"0";"0";"0";"49999,00";"49999,00";;"5%";;"Изображение: Нет фотографии товара. Вы можете поставлять товары без фото на склад, но покупатели не увидят товар на сайте. Для загрузки карточки на сайт добавьте фото товара по нашим правилам"
"845790N20N 79 50";"5541979767";"5113604339";"2085303093193";"Пальто женское на синтепоне NortFolk";"'15";"NortFolk";"Не продается";;"0";"'0.00";"Нет фото в карточке товара";"2026-07-17 13:51:35";"Одежда";"Пальто";"'31.20";"'6.2";"0";"0";"0";"0";"0";"49999,00";"49999,00";;"5%";;"Изображение: Нет фотографии товара. Вы можете поставлять товары без фото на склад, но покупатели не увидят товар на сайте. Для загрузки карточки на сайт добавьте фото товара по нашим правилам"
"320580Y20N 200 50";"5541979770";"5113601830";"2085303202847";"Пальто женское зимнее на синтепоне NortFolk";"'15";"NortFolk";"Не продается";;"0";"'0.00";"Нет фото в карточке товара";"2026-07-17 13:51:35";"Одежда";"Пальто";"'26.00";"'5.2";"0";"0";"0";"0";"0";"49999,00";"49999,00";;"5%";;"Изображение: Нет фотографии товара. Вы можете поставлять товары без фото на склад, но покупатели не увидят товар на сайте. Для загрузки карточки на сайт добавьте фото товара по нашим правилам"
"320580Y20N 17 46";"5541979775";"5113602947";"2085303202908";"Пальто женское зимнее на синтепоне NortFolk";"'15";"NortFolk";"Не продается";;"0";"'0.00";"Нет фото в карточке товара";"2026-07-17 13:51:35";"Одежда";"Пальто";"'26.00";"'5.2";"0";"0";"0";"0";"0";"49999,00";"49999,00";;"5%";;"Изображение: Нет фотографии товара. Вы можете поставлять товары без фото на склад, но покупатели не увидят товар на сайте. Для загрузки карточки на сайт добавьте фото товара по нашим правилам"
"906581N16N 75 58";"5541979788";"5113601434";"2085303188882";"Пальто мужское демисезонное на тонком синтепоне NortFolk";"'15";"NortFolk";"Не продается";;"0";"'0.00";"Нет фото в карточке товара";"2026-07-17 13:51:35";"Одежда";"Пальто";"'31.20";"'6.2";"0";"0";"0";"0";"0";"49999,00";"49999,00";;"5%";;"Изображение: Нет фотографии товара. Вы можете поставлять товары без фото на склад, но покупатели не увидят товар на сайте. Для загрузки карточки на сайт добавьте фото товара по нашим правилам"
"906581N16N 99 58";"5541979791";"5113601104";"2085303188677";"Пальто мужское демисезонное на тонком синтепоне NortFolk";"'15";"NortFolk";"Не продается";;"0";"'0.00";"Нет фото в карточке товара";"2026-07-17 13:51:35";"Одежда";"Пальто";"'31.20";"'6.2";"0";"0";"0";"0";"0";"49999,00";"49999,00";;"5%";;"Изображение: Нет фотографии товара. Вы можете поставлять товары без фото на склад, но покупатели не увидят товар на сайте. Для загрузки карточки на сайт добавьте фото товара по нашим правилам"
"356580Y22N 100 56";"5541979794";"5113600904";"2085303202168";"Пальто женское зимнее на синтепоне NortFolk";"'15";"NortFolk";"Не продается";;"0";"'0.00";"Нет фото в карточке товара";"2026-07-17 13:51:35";"Одежда";"Пальто";"'31.20";"'6.2";"0";"0";"0";"0";"0";"49999,00";"49999,00";;"5%";;"Изображение: Нет фотографии товара. Вы можете поставлять товары без фото на склад, но покупатели не увидят товар на сайте. Для загрузки карточки на сайт добавьте фото товара по нашим правилам"
"845790N20N 98 44";"5541979800";"5113601109";"2085303210347";"Пальто женское на синтепоне NortFolk";"'15";"NortFolk";"Не продается";;"0";"'0.00";"Нет фото в карточке товара";"2026-07-17 13:51:35";"Одежда";"Пальто";"'31.20";"'6.2";"0";"0";"0";"0";"0";"49999,00";"49999,00";;"5%";;"Изображение: Нет фотографии товара. Вы можете поставлять товары без фото на склад, но покупатели не увидят товар на сайте. Для загрузки карточки на сайт добавьте фото товара по нашим правилам"
"906581N16N 99 56";"5541979815";"5113604203";"2085303188660";"Пальто мужское демисезонное на тонком синтепоне NortFolk";"'15";"NortFolk";"Не продается";;"0";"'0.00";"Нет фото в карточке товара";"2026-07-17 13:51:35";"Одежда";"Пальто";"'31.20";"'6.2";"0";"0";"0";"0";"0";"49999,00";"49999,00";;"5%";;"Изображение: Нет фотографии товара. Вы можете поставлять товары без фото на склад, но покупатели не увидят товар на сайте. Для загрузки карточки на сайт добавьте фото товара по нашим правилам"
"906581N16N 77-2 52";"5541979816";"5113602114";"2085303188578";"Пальто мужское демисезонное на тонком синтепоне NortFolk";"'15";"NortFolk";"Не продается";;"0";"'0.00";"Нет фото в карточке товара";"2026-07-17 13:51:35";"Одежда";"Пальто";"'31.20";"'6.2";"0";"0";"0";"0";"0";"49999,00";"49999,00";;"5%";;"Изображение: Нет фотографии товара. Вы можете поставлять товары без фото на склад, но покупатели не увидят товар на сайте. Для загрузки карточки на сайт добавьте фото товара по нашим правилам"
"320580Y20N 25 46";"5541979817";"5113600934";"2085303202519";"Пальто женское зимнее на синтепоне NortFolk";"'19.5";"NortFolk";"Продается";;"0";"'0.00";;"2026-07-17 13:51:35";"Одежда";"Пальто";"'26.00";"'5.2";"3";"0";"0";"0";"0";"30160,00";"49999,00";;"5%";;
"906581N16N 99 54";"5541979846";"5113602671";"2085303188653";"Пальто мужское демисезонное на тонком синтепоне NortFolk";"'15";"NortFolk";"Не продается";;"0";"'0.00";"Нет фото в карточке товара";"2026-07-17 13:51:36";"Одежда";"Пальто";"'31.20";"'6.2";"0";"0";"0";"0";"0";"49999,00";"49999,00";;"5%";;"Изображение: Нет фотографии товара. Вы можете поставлять товары без фото на склад, но покупатели не увидят товар на сайте. Для загрузки карточки на сайт добавьте фото товара по нашим правилам"
"906581N16N 36 56";"5541979849";"5113601948";"2085303188738";"Пальто мужское демисезонное на тонком синтепоне NortFolk";"'15";"NortFolk";"Не продается";;"0";"'0.00";"Нет фото в карточке товара";"2026-07-17 13:51:36";"Одежда";"Пальто";"'31.20";"'6.2";"0";"0";"0";"0";"0";"49999,00";"49999,00";;"5%";;"Изображение: Нет фотографии товара. Вы можете поставлять товары без фото на склад, но покупатели не увидят товар на сайте. Для загрузки карточки на сайт добавьте фото товара по нашим правилам"
"320580Y20N 265/265 48";"5541979862";"5113601269";"2085303202984";"Пальто женское зимнее на синтепоне NortFolk";"'28.5";"NortFolk";"Продается";;"0";"'0.00";;"2026-07-17 13:51:36";"Одежда";"Пальто";"'26.00";"'5.2";"3";"0";"0";"0";"0";"30160,00";"49999,00";;"5%";;
"906581N16N 255 54";"5541979868";"5113604558";"2085303188790";"Пальто мужское демисезонное на тонком синтепоне NortFolk";"'15";"NortFolk";"Не продается";;"0";"'0.00";"Нет фото в карточке товара";"2026-07-17 13:51:36";"Одежда";"Пальто";"'31.20";"'6.2";"0";"0";"0";"0";"0";"49999,00";"49999,00";;"5%";;"Изображение: Нет фотографии товара. Вы можете поставлять товары без фото на склад, но покупатели не увидят товар на сайте. Для загрузки карточки на сайт добавьте фото товара по нашим правилам"
"906581N16N 75 46";"5541979876";"5113601942";"2085303188820";"Пальто мужское демисезонное на тонком синтепоне NortFolk";"'15";"NortFolk";"Не продается";;"0";"'0.00";"Нет фото в карточке товара";"2026-07-17 13:51:36";"Одежда";"Пальто";"'31.20";"'6.2";"0";"0";"0";"0";"0";"49999,00";"49999,00";;"5%";;"Изображение: Нет фотографии товара. Вы можете поставлять товары без фото на склад, но покупатели не увидят товар на сайте. Для загрузки карточки на сайт добавьте фото товара по нашим правилам"
"845790N20N 79 44";"5541980261";"5113601891";"2085303093162";"Пальто женское на синтепоне NortFolk";"'15";"NortFolk";"Не продается";;"0";"'0.00";"Нет фото в карточке товара";"2026-07-17 13:51:39";"Одежда";"Пальто";"'31.20";"'6.2";"0";"0";"0";"0";"0";"49999,00";"49999,00";;"5%";;"Изображение: Нет фотографии товара. Вы можете поставлять товары без фото на склад, но покупатели не увидят товар на сайте. Для загрузки карточки на сайт добавьте фото товара по нашим правилам"
"433590Y21N 36/21 52";"5542405523";"5113951742";"2085302913089";"Куртка женская с утеплителем синтепух";"'15";"NortFolk";"Не продается";;"0";"'0.00";"Нет фото в карточке товара";"2026-07-17 14:48:05";"Одежда";"Куртка";"'22.75";"'4.6";"0";"0";"0";"0";"0";"49999,00";"49999,00";;"5%";;"Изображение: Нет фотографии товара. Вы можете поставлять товары без фото на склад, но покупатели не увидят товар на сайте. Для загрузки карточки на сайт добавьте фото товара по нашим правилам"
"332580N21N 98 58";"5542405524";"5113952316";"2085303181326";"Куртка женская с утеплителем синтепух";"'15";"NortFolk";"Не продается";;"0";"'0.00";"Нет фото в карточке товара";"2026-07-17 14:48:05";"Одежда";"Куртка";"'22.75";"'4.6";"0";"0";"0";"0";"0";"49999,00";"49999,00";;"5%";;"Изображение: Нет фотографии товара. Вы можете поставлять товары без фото на склад, но покупатели не увидят товар на сайте. Для загрузки карточки на сайт добавьте фото товара по нашим правилам"
"626280Y20N 14 54";"5542405525";"5113949890";"2085302852463";"Куртка женская на синтепоне";"'15";"NortFolk";"Не продается";;"0";"'0.00";"Нет фото в карточке товара";"2026-07-17 14:48:05";"Одежда";"Куртка";"'22.75";"'4.6";"0";"0";"0";"0";"0";"49999,00";"49999,00";;"5%";;"Изображение: Нет фотографии товара. Вы можете поставлять товары без фото на склад, но покупатели не увидят товар на сайте. Для загрузки карточки на сайт добавьте фото товара по нашим правилам"
"310580Y21NB FS 68";"5542405526";"5113952886";"2085303197945";"Куртка женская с утеплителем синтепух";"'15";"NortFolk";"Не продается";;"0";"'0.00";"Нет фото в карточке товара";"2026-07-17 14:48:05";"Одежда";"Куртка";"'22.75";"'4.6";"0";"0";"0";"0";"0";"49999,00";"49999,00";;"5%";;"Изображение: Нет фотографии товара. Вы можете поставлять товары без фото на склад, но покупатели не увидят товар на сайте. Для загрузки карточки на сайт добавьте фото товара по нашим правилам"
"302580Y15N 225-1 48";"5542405528";"5113949374";"2085303198300";"Куртка женская на синтепоне";"'7.5";"NortFolk";"Не продается";;"0";"'0.00";"Нет фото в карточке товара";"2026-07-17 14:48:05";"Одежда";"Куртка";"'22.75";"'4.6";"0";"0";"0";"0";"0";"49999,00";"49999,00";;"5%";;"Изображение: Нет фотографии товара. Вы можете поставлять товары без фото на склад, но покупатели не увидят товар на сайте. Для загрузки карточки на сайт добавьте фото товара по нашим правилам"
"302580Y15N 98 56";"5542405529";"5113950336";"2085303198508";"Куртка женская на синтепоне";"'7.5";"NortFolk";"Не продается";;"0";"'0.00";"Нет фото в карточке товара";"2026-07-17 14:48:05";"Одежда";"Куртка";"'22.75";"'4.6";"0";"0";"0";"0";"0";"49999,00";"49999,00";;"5%";;"Изображение: Нет фотографии товара. Вы можете поставлять товары без фото на склад, но покупатели не увидят товар на сайте. Для загрузки карточки на сайт добавьте фото товара по нашим правилам"
"231160Y21N 21 58";"5542405531";"5113948768";"2085303165715";"Куртка женская с утеплителем синтепух";"'15";"NortFolk";"Не продается";;"0";"'0.00";"Нет фото в карточке товара";"2026-07-17 14:48:05";"Одежда";"Куртка";"'22.75";"'4.6";"0";"0";"0";"0";"0";"49999,00";"49999,00";;"5%";;"Изображение: Нет фотографии товара. Вы можете поставлять товары без фото на склад, но покупатели не увидят товар на сайте. Для загрузки карточки на сайт добавьте фото товара по нашим правилам"
"310580Y21N FS 48";"5542405534";"5113950874";"2085303197525";"Куртка женская с утеплителем синтепух";"'15";"NortFolk";"Не продается";;"0";"'0.00";"Нет фото в карточке товара";"2026-07-17 14:48:05";"Одежда";"Куртка";"'22.75";"'4.6";"0";"0";"0";"0";"0";"49999,00";"49999,00";;"5%";;"Изображение: Нет фотографии товара. Вы можете поставлять товары без фото на склад, но покупатели не увидят товар на сайте. Для загрузки карточки на сайт добавьте фото товара по нашим правилам"
"310580Y21N FS 58";"5542405536";"5113949412";"2085303197570";"Куртка женская с утеплителем синтепух";"'15";"NortFolk";"Не продается";;"0";"'0.00";"Нет фото в карточке товара";"2026-07-17 14:48:05";"Одежда";"Куртка";"'22.75";"'4.6";"0";"0";"0";"0";"0";"49999,00";"49999,00";;"5%";;"Изображение: Нет фотографии товара. Вы можете поставлять товары без фото на склад, но покупатели не увидят товар на сайте. Для загрузки карточки на сайт добавьте фото товара по нашим правилам"
"332580N21N 255/100 46";"5542405539";"5113950272";"2085303181425";"Куртка женская с утеплителем синтепух";"'15";"NortFolk";"Не продается";;"0";"'0.00";"Нет фото в карточке товара";"2026-07-17 14:48:05";"Одежда";"Куртка";"'22.75";"'4.6";"0";"0";"0";"0";"0";"49999,00";"49999,00";;"5%";;"Изображение: Нет фотографии товара. Вы можете поставлять товары без фото на склад, но покупатели не увидят товар на сайте. Для загрузки карточки на сайт добавьте фото товара по нашим правилам"
"682581F21N 99 52";"5542405550";"5113950363";"2085303168846";"Куртка мужская с утеплителем синтепух";"'19.5";"NortFolk";"Продается";;"0";"'0.00";;"2026-07-17 14:48:05";"Одежда";"Куртка";"'22.75";"'4.6";"5";"0";"0";"0";"0";"49999,00";"49999,00";;"5%";;
"231160Y21N 98 48";"5542405554";"5113949138";"2085303165586";"Куртка женская с утеплителем синтепух";"'15";"NortFolk";"Не продается";;"0";"'0.00";"Нет фото в карточке товара";"2026-07-17 14:48:05";"Одежда";"Куртка";"'22.75";"'4.6";"0";"0";"0";"0";"0";"49999,00";"49999,00";;"5%";;"Изображение: Нет фотографии товара. Вы можете поставлять товары без фото на склад, но покупатели не увидят товар на сайте. Для загрузки карточки на сайт добавьте фото товара по нашим правилам"
"231160Y21N 21 44";"5542405557";"5113950452";"2085303165647";"Куртка женская с утеплителем синтепух";"'15";"NortFolk";"Не продается";;"0";"'0.00";"Нет фото в карточке товара";"2026-07-17 14:48:05";"Одежда";"Куртка";"'22.75";"'4.6";"0";"0";"0";"0";"0";"49999,00";"49999,00";;"5%";;"Изображение: Нет фотографии товара. Вы можете поставлять товары без фото на склад, но покупатели не увидят товар на сайте. Для загрузки карточки на сайт добавьте фото товара по нашим правилам"
"310580Y21N 25 52";"5542405558";"5113952285";"2085303197624";"Куртка женская с утеплителем синтепух";"'15";"NortFolk";"Не продается";;"0";"'0.00";"Нет фото в карточке товара";"2026-07-17 14:48:05";"Одежда";"Куртка";"'22.75";"'4.6";"0";"0";"0";"0";"0";"49999,00";"49999,00";;"5%";;"Изображение: Нет фотографии товара. Вы можете поставлять товары без фото на склад, но покупатели не увидят товар на сайте. Для загрузки карточки на сайт добавьте фото товара по нашим правилам"
"310580Y21N 260 46";"5542405563";"5113948958";"2085303197839";"Куртка женская с утеплителем синтепух";"'15";"NortFolk";"Не продается";;"0";"'0.00";"Нет фото в карточке товара";"2026-07-17 14:48:05";"Одежда";"Куртка";"'22.75";"'4.6";"0";"0";"0";"0";"0";"49999,00";"49999,00";;"5%";;"Изображение: Нет фотографии товара. Вы можете поставлять товары без фото на склад, но покупатели не увидят товар на сайте. Для загрузки карточки на сайт добавьте фото товара по нашим правилам"
"231160Y21N 98 54";"5542405565";"5113948943";"2085303165616";"Куртка женская с утеплителем синтепух";"'15";"NortFolk";"Не продается";;"0";"'0.00";"Нет фото в карточке товара";"2026-07-17 14:48:05";"Одежда";"Куртка";"'22.75";"'4.6";"0";"0";"0";"0";"0";"49999,00";"49999,00";;"5%";;"Изображение: Нет фотографии товара. Вы можете поставлять товары без фото на склад, но покупатели не увидят товар на сайте. Для загрузки карточки на сайт добавьте фото товара по нашим правилам"
"302580Y15N 25 48";"5542405571";"5113950687";"2085303198386";"Куртка женская на синтепоне";"'7.5";"NortFolk";"Не продается";;"0";"'0.00";"Нет фото в карточке товара";"2026-07-17 14:48:05";"Одежда";"Куртка";"'22.75";"'4.6";"0";"0";"0";"0";"0";"49999,00";"49999,00";;"5%";;"Изображение: Нет фотографии товара. Вы можете поставлять товары без фото на склад, но покупатели не увидят товар на сайте. Для загрузки карточки на сайт добавьте фото товара по нашим правилам"
"302580Y15N 25 44";"5542405572";"5113949490";"2085303198362";"Куртка женская на синтепоне";"'7.5";"NortFolk";"Не продается";;"0";"'0.00";"Нет фото в карточке товара";"2026-07-17 14:48:05";"Одежда";"Куртка";"'22.75";"'4.6";"0";"0";"0";"0";"0";"49999,00";"49999,00";;"5%";;"Изображение: Нет фотографии товара. Вы можете поставлять товары без фото на склад, но покупатели не увидят товар на сайте. Для загрузки карточки на сайт добавьте фото товара по нашим правилам"
"231160Y21N 21 50";"5542405575";"5113949058";"2085303165678";"Куртка женская с утеплителем синтепух";"'15";"NortFolk";"Не продается";;"0";"'0.00";"Нет фото в карточке товара";"2026-07-17 14:48:05";"Одежда";"Куртка";"'22.75";"'4.6";"0";"0";"0";"0";"0";"49999,00";"49999,00";;"5%";;"Изображение: Нет фотографии товара. Вы можете поставлять товары без фото на склад, но покупатели не увидят товар на сайте. Для загрузки карточки на сайт добавьте фото товара по нашим правилам"
"211160Y21N 22 44";"5542405597";"5113949185";"2085303112245";"Куртка женская с утеплителем синтепух";"'15";"NortFolk";"Не продается";;"0";"'0.00";"Нет фото в карточке товара";"2026-07-17 14:48:05";"Одежда";"Куртка";"'22.75";"'4.6";"0";"0";"0";"0";"0";"49999,00";"49999,00";;"5%";;"Изображение: Нет фотографии товара. Вы можете поставлять товары без фото на склад, но покупатели не увидят товар на сайте. Для загрузки карточки на сайт добавьте фото товара по нашим правилам"
"302580Y15N FS 54";"5542405598";"5113952384";"2085303198256";"Куртка женская на синтепоне";"'7.5";"NortFolk";"Не продается";;"0";"'0.00";"Нет фото в карточке товара";"2026-07-17 14:48:05";"Одежда";"Куртка";"'22.75";"'4.6";"0";"0";"0";"0";"0";"49999,00";"49999,00";;"5%";;"Изображение: Нет фотографии товара. Вы можете поставлять товары без фото на склад, но покупатели не увидят товар на сайте. Для загрузки карточки на сайт добавьте фото товара по нашим правилам"
"302580Y15N 225-1 58";"5542405601";"5113949298";"2085303198355";"Куртка женская на синтепоне";"'7.5";"NortFolk";"Не продается";;"0";"'0.00";"Нет фото в карточке товара";"2026-07-17 14:48:05";"Одежда";"Куртка";"'22.75";"'4.6";"0";"0";"0";"0";"0";"49999,00";"49999,00";;"5%";;"Изображение: Нет фотографии товара. Вы можете поставлять товары без фото на склад, но покупатели не увидят товар на сайте. Для загрузки карточки на сайт добавьте фото товара по нашим правилам"
"310580Y21NB 260 62";"5542405613";"5113949830";"2085303198157";"Куртка женская с утеплителем синтепух";"'15";"NortFolk";"Не продается";;"0";"'0.00";"Нет фото в карточке товара";"2026-07-17 14:48:06";"Одежда";"Куртка";"'22.75";"'4.6";"0";"0";"0";"0";"0";"49999,00";"49999,00";;"5%";;"Изображение: Нет фотографии товара. Вы можете поставлять товары без фото на склад, но покупатели не увидят товар на сайте. Для загрузки карточки на сайт добавьте фото товара по нашим правилам"
"310580Y21N 25 58";"5542405614";"5113952210";"2085303197655";"Куртка женская с утеплителем синтепух";"'15";"NortFolk";"Не продается";;"0";"'0.00";"Нет фото в карточке товара";"2026-07-17 14:48:06";"Одежда";"Куртка";"'22.75";"'4.6";"0";"0";"0";"0";"0";"49999,00";"49999,00";;"5%";;"Изображение: Нет фотографии товара. Вы можете поставлять товары без фото на склад, но покупатели не увидят товар на сайте. Для загрузки карточки на сайт добавьте фото товара по нашим правилам"
"310580Y21N 67 50";"5542405615";"5113950355";"2085303197778";"Куртка женская с утеплителем синтепух";"'15";"NortFolk";"Не продается";;"0";"'0.00";"Нет фото в карточке товара";"2026-07-17 14:48:06";"Одежда";"Куртка";"'22.75";"'4.6";"0";"0";"0";"0";"0";"49999,00";"49999,00";;"5%";;"Изображение: Нет фотографии товара. Вы можете поставлять товары без фото на склад, но покупатели не увидят товар на сайте. Для загрузки карточки на сайт добавьте фото товара по нашим правилам"
"310580Y21N 260 56";"5542405617";"5113949681";"2085303197884";"Куртка женская с утеплителем синтепух";"'15";"NortFolk";"Не продается";;"0";"'0.00";"Нет фото в карточке товара";"2026-07-17 14:48:06";"Одежда";"Куртка";"'22.75";"'4.6";"0";"0";"0";"0";"0";"49999,00";"49999,00";;"5%";;"Изображение: Нет фотографии товара. Вы можете поставлять товары без фото на склад, но покупатели не увидят товар на сайте. Для загрузки карточки на сайт добавьте фото товара по нашим правилам"
"302580Y15N 25 52";"5542405619";"5113949888";"2085303198409";"Куртка женская на синтепоне";"'7.5";"NortFolk";"Не продается";;"0";"'0.00";"Нет фото в карточке товара";"2026-07-17 14:48:06";"Одежда";"Куртка";"'22.75";"'4.6";"0";"0";"0";"0";"0";"49999,00";"49999,00";;"5%";;"Изображение: Нет фотографии товара. Вы можете поставлять товары без фото на склад, но покупатели не увидят товар на сайте. Для загрузки карточки на сайт добавьте фото товара по нашим правилам"
"310580Y21NB 25 68";"5542405620";"5113951726";"2085303198003";"Куртка женская с утеплителем синтепух";"'15";"NortFolk";"Не продается";;"0";"'0.00";"Нет фото в карточке товара";"2026-07-17 14:48:06";"Одежда";"Куртка";"'22.75";"'4.6";"0";"0";"0";"0";"0";"49999,00";"49999,00";;"5%";;"Изображение: Нет фотографии товара. Вы можете поставлять товары без фото на склад, но покупатели не увидят товар на сайте. Для загрузки карточки на сайт добавьте фото товара по нашим правилам"
"231160Y21N 98 58";"5542405621";"5113949284";"2085303165630";"Куртка женская с утеплителем синтепух";"'15";"NortFolk";"Не продается";;"0";"'0.00";"Нет фото в карточке товара";"2026-07-17 14:48:06";"Одежда";"Куртка";"'22.75";"'4.6";"0";"0";"0";"0";"0";"49999,00";"49999,00";;"5%";;"Изображение: Нет фотографии товара. Вы можете поставлять товары без фото на склад, но покупатели не увидят товар на сайте. Для загрузки карточки на сайт добавьте фото товара по нашим правилам"
"211160Y21N 22 54";"5542405622";"5113953441";"2085303112290";"Куртка женская с утеплителем синтепух";"'15";"NortFolk";"Не продается";;"0";"'0.00";"Нет фото в карточке товара";"2026-07-17 14:48:06";"Одежда";"Куртка";"'22.75";"'4.6";"0";"0";"0";"0";"0";"49999,00";"49999,00";;"5%";;"Изображение: Нет фотографии товара. Вы можете поставлять товары без фото на склад, но покупатели не увидят товар на сайте. Для загрузки карточки на сайт добавьте фото товара по нашим правилам"
"310580Y21N 99 58";"5542405623";"5113949278";"2085303197730";"Куртка женская с утеплителем синтепух";"'15";"NortFolk";"Не продается";;"0";"'0.00";"Нет фото в карточке товара";"2026-07-17 14:48:06";"Одежда";"Куртка";"'22.75";"'4.6";"0";"0";"0";"0";"0";"49999,00";"49999,00";;"5%";;"Изображение: Нет фотографии товара. Вы можете поставлять товары без фото на склад, но покупатели не увидят товар на сайте. Для загрузки карточки на сайт добавьте фото товара по нашим правилам"
"310580Y21NB 260 60";"5542405625";"5113952061";"2085303198140";"Куртка женская с утеплителем синтепух";"'15";"NortFolk";"Не продается";;"0";"'0.00";"Нет фото в карточке товара";"2026-07-17 14:48:06";"Одежда";"Куртка";"'22.75";"'4.6";"0";"0";"0";"0";"0";"49999,00";"49999,00";;"5%";;"Изображение: Нет фотографии товара. Вы можете поставлять товары без фото на склад, но покупатели не увидят товар на сайте. Для загрузки карточки на сайт добавьте фото товара по нашим правилам"
"332580N21N 255/17 50";"5542405626";"5113952111";"2085303181609";"Куртка женская с утеплителем синтепух";"'15";"NortFolk";"Не продается";;"0";"'0.00";"Нет фото в карточке товара";"2026-07-17 14:48:06";"Одежда";"Куртка";"'22.75";"'4.6";"0";"0";"0";"0";"0";"49999,00";"49999,00";;"5%";;"Изображение: Нет фотографии товара. Вы можете поставлять товары без фото на склад, но покупатели не увидят товар на сайте. Для загрузки карточки на сайт добавьте фото товара по нашим правилам"
"682581F21N 168 50";"5542405627";"5113949289";"2085303168891";"Куртка мужская с утеплителем синтепух";"'15";"NortFolk";"Не продается";;"0";"'0.00";"Нет фото в карточке товара";"2026-07-17 14:48:06";"Одежда";"Куртка";"'22.75";"'4.6";"0";"0";"0";"0";"0";"49999,00";"49999,00";;"5%";;"Изображение: Нет фотографии товара. Вы можете поставлять товары без фото на склад, но покупатели не увидят товар на сайте. Для загрузки карточки на сайт добавьте фото товара по нашим правилам"
"302580Y15N 260 44";"5542405628";"5113949311";"2085303198522";"Куртка женская на синтепоне";"'7.5";"NortFolk";"Не продается";;"0";"'0.00";"Нет фото в карточке товара";"2026-07-17 14:48:06";"Одежда";"Куртка";"'22.75";"'4.6";"0";"0";"0";"0";"0";"49999,00";"49999,00";;"5%";;"Изображение: Нет фотографии товара. Вы можете поставлять товары без фото на склад, но покупатели не увидят товар на сайте. Для загрузки карточки на сайт добавьте фото товара по нашим правилам"
"310580Y21N FS 46";"5542405629";"5113950980";"2085303197518";"Куртка женская с утеплителем синтепух";"'15";"NortFolk";"Не продается";;"0";"'0.00";"Нет фото в карточке товара";"2026-07-17 14:48:06";"Одежда";"Куртка";"'22.75";"'4.6";"0";"0";"0";"0";"0";"49999,00";"49999,00";;"5%";;"Изображение: Нет фотографии товара. Вы можете поставлять товары без фото на склад, но покупатели не увидят товар на сайте. Для загрузки карточки на сайт добавьте фото товара по нашим правилам"
"310580Y21NB 67 64";"5542405631";"5113950579";"2085303198102";"Куртка женская с утеплителем синтепух";"'15";"NortFolk";"Не продается";;"0";"'0.00";"Нет фото в карточке товара";"2026-07-17 14:48:06";"Одежда";"Куртка";"'22.75";"'4.6";"0";"0";"0";"0";"0";"49999,00";"49999,00";;"5%";;"Изображение: Нет фотографии товара. Вы можете поставлять товары без фото на склад, но покупатели не увидят товар на сайте. Для загрузки карточки на сайт добавьте фото товара по нашим правилам"
"310580Y21N 25 44";"5542405632";"5113952242";"2085303197587";"Куртка женская с утеплителем синтепух";"'15";"NortFolk";"Не продается";;"0";"'0.00";"Нет фото в карточке товара";"2026-07-17 14:48:06";"Одежда";"Куртка";"'22.75";"'4.6";"0";"0";"0";"0";"0";"49999,00";"49999,00";;"5%";;"Изображение: Нет фотографии товара. Вы можете поставлять товары без фото на склад, но покупатели не увидят товар на сайте. Для загрузки карточки на сайт добавьте фото товара по нашим правилам"
"302580Y15N FS 48";"5542405633";"5113950189";"2085303198225";"Куртка женская на синтепоне";"'7.5";"NortFolk";"Не продается";;"0";"'0.00";"Нет фото в карточке товара";"2026-07-17 14:48:06";"Одежда";"Куртка";"'22.75";"'4.6";"0";"0";"0";"0";"0";"49999,00";"49999,00";;"5%";;"Изображение: Нет фотографии товара. Вы можете поставлять товары без фото на склад, но покупатели не увидят товар на сайте. Для загрузки карточки на сайт добавьте фото товара по нашим правилам"
"682581F21N 99 46";"5542405634";"5113950956";"2085303168815";"Куртка мужская с утеплителем синтепух";"'19.5";"NortFolk";"Готов к продаже";;"0";"'0.00";;"2026-07-17 14:48:06";"Одежда";"Куртка";"'22.75";"'4.6";"0";"0";"0";"0";"0";"49999,00";"49999,00";;"5%";;
"332580N21N 255/17 44";"5542405635";"5113952240";"2085303181579";"Куртка женская с утеплителем синтепух";"'15";"NortFolk";"Не продается";;"0";"'0.00";"Нет фото в карточке товара";"2026-07-17 14:48:06";"Одежда";"Куртка";"'22.75";"'4.6";"0";"0";"0";"0";"0";"49999,00";"49999,00";;"5%";;"Изображение: Нет фотографии товара. Вы можете поставлять товары без фото на склад, но покупатели не увидят товар на сайте. Для загрузки карточки на сайт добавьте фото товара по нашим правилам"
"332580N21N 05 54";"5542405636";"5113948781";"2085303181388";"Куртка женская с утеплителем синтепух";"'15";"NortFolk";"Не продается";;"0";"'0.00";"Нет фото в карточке товара";"2026-07-17 14:48:06";"Одежда";"Куртка";"'22.75";"'4.6";"0";"0";"0";"0";"0";"49999,00";"49999,00";;"5%";;"Изображение: Нет фотографии товара. Вы можете поставлять товары без фото на склад, но покупатели не увидят товар на сайте. Для загрузки карточки на сайт добавьте фото товара по нашим правилам"
"310580Y21NB FS 60";"5542405637";"5113949156";"2085303197907";"Куртка женская с утеплителем синтепух";"'15";"NortFolk";"Не продается";;"0";"'0.00";"Нет фото в карточке товара";"2026-07-17 14:48:06";"Одежда";"Куртка";"'22.75";"'4.6";"0";"0";"0";"0";"0";"49999,00";"49999,00";;"5%";;"Изображение: Нет фотографии товара. Вы можете поставлять товары без фото на склад, но покупатели не увидят товар на сайте. Для загрузки карточки на сайт добавьте фото товара по нашим правилам"
"332580N21N 98 48";"5542405638";"5113950134";"2085303181272";"Куртка женская с утеплителем синтепух";"'15";"NortFolk";"Не продается";;"0";"'0.00";"Нет фото в карточке товара";"2026-07-17 14:48:06";"Одежда";"Куртка";"'22.75";"'4.6";"0";"0";"0";"0";"0";"49999,00";"49999,00";;"5%";;"Изображение: Нет фотографии товара. Вы можете поставлять товары без фото на склад, но покупатели не увидят товар на сайте. Для загрузки карточки на сайт добавьте фото товара по нашим правилам"
"332580N21N 255/100 56";"5542405639";"5113951532";"2085303181470";"Куртка женская с утеплителем синтепух";"'15";"NortFolk";"Не продается";;"0";"'0.00";"Нет фото в карточке товара";"2026-07-17 14:48:06";"Одежда";"Куртка";"'22.75";"'4.6";"0";"0";"0";"0";"0";"49999,00";"49999,00";;"5%";;"Изображение: Нет фотографии товара. Вы можете поставлять товары без фото на склад, но покупатели не увидят товар на сайте. Для загрузки карточки на сайт добавьте фото товара по нашим правилам"
"332580N21N 67 52";"5542405640";"5113950631";"2085303181531";"Куртка женская с утеплителем синтепух";"'15";"NortFolk";"Не продается";;"0";"'0.00";"Нет фото в карточке товара";"2026-07-17 14:48:06";"Одежда";"Куртка";"'22.75";"'4.6";"0";"0";"0";"0";"0";"49999,00";"49999,00";;"5%";;"Изображение: Нет фотографии товара. Вы можете поставлять товары без фото на склад, но покупатели не увидят товар на сайте. Для загрузки карточки на сайт добавьте фото товара по нашим правилам"
"332580N21N 17 50";"5542405641";"5113953814";"2085303181685";"Куртка женская с утеплителем синтепух";"'15";"NortFolk";"Не продается";;"0";"'0.00";"Нет фото в карточке товара";"2026-07-17 14:48:06";"Одежда";"Куртка";"'22.75";"'4.6";"0";"0";"0";"0";"0";"49999,00";"49999,00";;"5%";;"Изображение: Нет фотографии товара. Вы можете поставлять товары без фото на склад, но покупатели не увидят товар на сайте. Для загрузки карточки на сайт добавьте фото товара по нашим правилам"
"682581F21N 25 48";"5542405642";"5113952162";"2085303168686";"Парка мужская с натуральным мехом и утеплителем синтепух";"'37.5";"NortFolk";"Продается";;"0";"'0.00";;"2026-07-17 14:48:06";"Одежда";"Куртка";"'22.75";"'4.6";"2";"0";"0";"0";"0";"49999,00";"49999,00";;"5%";;
"433590Y21NB 36/21 62";"5542405643";"5113950802";"2085303091793";"Куртка женская с утеплителем синтепух";"'15";"NortFolk";"Не продается";;"0";"'0.00";"Нет фото в карточке товара";"2026-07-17 14:48:06";"Одежда";"Куртка";"'22.75";"'4.6";"0";"0";"0";"0";"0";"49999,00";"49999,00";;"5%";;"Изображение: Нет фотографии товара. Вы можете поставлять товары без фото на склад, но покупатели не увидят товар на сайте. Для загрузки карточки на сайт добавьте фото товара по нашим правилам"
"SU19757 BF132 56";"5542405644";"5113953351";"2085302908757";"Куртка мужская с утеплителем синтепух";"'7.5";"Shark Force";"Не продается";;"0";"'0.00";"Нет фото в карточке товара";"2026-07-17 14:48:06";"Одежда";"Куртка";"'22.75";"'4.6";"0";"0";"0";"0";"0";"49999,00";"49999,00";;"5%";;"Изображение: Нет фотографии товара. Вы можете поставлять товары без фото на склад, но покупатели не увидят товар на сайте. Для загрузки карточки на сайт добавьте фото товара по нашим правилам"
"332580N21N 67 44";"5542405645";"5113949376";"2085303181494";"Куртка женская с утеплителем синтепух";"'15";"NortFolk";"Не продается";;"0";"'0.00";"Нет фото в карточке товара";"2026-07-17 14:48:06";"Одежда";"Куртка";"'22.75";"'4.6";"0";"0";"0";"0";"0";"49999,00";"49999,00";;"5%";;"Изображение: Нет фотографии товара. Вы можете поставлять товары без фото на склад, но покупатели не увидят товар на сайте. Для загрузки карточки на сайт добавьте фото товара по нашим правилам"
"310580Y21N 25 50";"5542405647";"5113949496";"2085303197617";"Куртка женская с утеплителем синтепух";"'15";"NortFolk";"Не продается";;"0";"'0.00";"Нет фото в карточке товара";"2026-07-17 14:48:06";"Одежда";"Куртка";"'22.75";"'4.6";"0";"0";"0";"0";"0";"49999,00";"49999,00";;"5%";;"Изображение: Нет фотографии товара. Вы можете поставлять товары без фото на склад, но покупатели не увидят товар на сайте. Для загрузки карточки на сайт добавьте фото товара по нашим правилам"
"231160Y21N 21 46";"5542405648";"5113949718";"2085303165654";"Куртка женская с утеплителем синтепух";"'15";"NortFolk";"Не продается";;"0";"'0.00";"Нет фото в карточке товара";"2026-07-17 14:48:06";"Одежда";"Куртка";"'22.75";"'4.6";"0";"0";"0";"0";"0";"49999,00";"49999,00";;"5%";;"Изображение: Нет фотографии товара. Вы можете поставлять товары без фото на склад, но покупатели не увидят товар на сайте. Для загрузки карточки на сайт добавьте фото товара по нашим правилам"
"302580Y15N 25 58";"5542405650";"5113949427";"2085303198430";"Куртка женская на синтепоне";"'7.5";"NortFolk";"Не продается";;"0";"'0.00";"Нет фото в карточке товара";"2026-07-17 14:48:06";"Одежда";"Куртка";"'22.75";"'4.6";"0";"0";"0";"0";"0";"49999,00";"49999,00";;"5%";;"Изображение: Нет фотографии товара. Вы можете поставлять товары без фото на склад, но покупатели не увидят товар на сайте. Для загрузки карточки на сайт добавьте фото товара по нашим правилам"
"332580N21N 98 50";"5542405651";"5113949379";"2085303181289";"Куртка женская с утеплителем синтепух";"'15";"NortFolk";"Не продается";;"0";"'0.00";"Нет фото в карточке товара";"2026-07-17 14:48:06";"Одежда";"Куртка";"'22.75";"'4.6";"0";"0";"0";"0";"0";"49999,00";"49999,00";;"5%";;"Изображение: Нет фотографии товара. Вы можете поставлять товары без фото на склад, но покупатели не увидят товар на сайте. Для загрузки карточки на сайт добавьте фото товара по нашим правилам"
"310580Y21NB 67 68";"5542405652";"5113949144";"2085303198126";"Куртка женская с утеплителем синтепух";"'15";"NortFolk";"Не продается";;"0";"'0.00";"Нет фото в карточке товара";"2026-07-17 14:48:06";"Одежда";"Куртка";"'22.75";"'4.6";"0";"0";"0";"0";"0";"49999,00";"49999,00";;"5%";;"Изображение: Нет фотографии товара. Вы можете поставлять товары без фото на склад, но покупатели не увидят товар на сайте. Для загрузки карточки на сайт добавьте фото товара по нашим правилам"
"310580Y21NB 99 68";"5542405653";"5113950542";"2085303198065";"Куртка женская с утеплителем синтепух";"'15";"NortFolk";"Не продается";;"0";"'0.00";"Нет фото в карточке товара";"2026-07-17 14:48:06";"Одежда";"Куртка";"'22.75";"'4.6";"0";"0";"0";"0";"0";"49999,00";"49999,00";;"5%";;"Изображение: Нет фотографии товара. Вы можете поставлять товары без фото на склад, но покупатели не увидят товар на сайте. Для загрузки карточки на сайт добавьте фото товара по нашим правилам"
"302580Y15N FS 56";"5542405654";"5113949653";"2085303198263";"Куртка женская на синтепоне";"'7.5";"NortFolk";"Не продается";;"0";"'0.00";"Нет фото в карточке товара";"2026-07-17 14:48:06";"Одежда";"Куртка";"'22.75";"'4.6";"0";"0";"0";"0";"0";"49999,00";"49999,00";;"5%";;"Изображение: Нет фотографии товара. Вы можете поставлять товары без фото на склад, но покупатели не увидят товар на сайте. Для загрузки карточки на сайт добавьте фото товара по нашим правилам"
"332580N21N 255/17 54";"5542405655";"5113951616";"2085303181623";"Куртка женская с утеплителем синтепух";"'15";"NortFolk";"Не продается";;"0";"'0.00";"Нет фото в карточке товара";"2026-07-17 14:48:06";"Одежда";"Куртка";"'22.75";"'4.6";"0";"0";"0";"0";"0";"49999,00";"49999,00";;"5%";;"Изображение: Нет фотографии товара. Вы можете поставлять товары без фото на склад, но покупатели не увидят товар на сайте. Для загрузки карточки на сайт добавьте фото товара по нашим правилам"
"310580Y21N 260 44";"5542405657";"5113950356";"2085303197822";"Куртка женская с утеплителем синтепух";"'15";"NortFolk";"Не продается";;"0";"'0.00";"Нет фото в карточке товара";"2026-07-17 14:48:06";"Одежда";"Куртка";"'22.75";"'4.6";"0";"0";"0";"0";"0";"49999,00";"49999,00";;"5%";;"Изображение: Нет фотографии товара. Вы можете поставлять товары без фото на склад, но покупатели не увидят товар на сайте. Для загрузки карточки на сайт добавьте фото товара по нашим правилам"
"682581F21N 168 52";"5542405659";"5113952175";"2085303168907";"Куртка мужская с утеплителем синтепух";"'15";"NortFolk";"Не продается";;"0";"'0.00";"Нет фото в карточке товара";"2026-07-17 14:48:06";"Одежда";"Куртка";"'22.75";"'4.6";"0";"0";"0";"0";"0";"49999,00";"49999,00";;"5%";;"Изображение: Нет фотографии товара. Вы можете поставлять товары без фото на склад, но покупатели не увидят товар на сайте. Для загрузки карточки на сайт добавьте фото товара по нашим правилам"
"332580N21N 255/100 48";"5542405660";"5113952337";"2085303181432";"Куртка женская с утеплителем синтепух";"'15";"NortFolk";"Не продается";;"0";"'0.00";"Нет фото в карточке товара";"2026-07-17 14:48:06";"Одежда";"Куртка";"'22.75";"'4.6";"0";"0";"0";"0";"0";"49999,00";"49999,00";;"5%";;"Изображение: Нет фотографии товара. Вы можете поставлять товары без фото на склад, но покупатели не увидят товар на сайте. Для загрузки карточки на сайт добавьте фото товара по нашим правилам"
"682581F21N 168 54";"5542405662";"5113951070";"2085303168914";"Куртка мужская с утеплителем синтепух";"'15";"NortFolk";"Не продается";;"0";"'0.00";"Нет фото в карточке товара";"2026-07-17 14:48:06";"Одежда";"Куртка";"'22.75";"'4.6";"0";"0";"0";"0";"0";"49999,00";"49999,00";;"5%";;"Изображение: Нет фотографии товара. Вы можете поставлять товары без фото на склад, но покупатели не увидят товар на сайте. Для загрузки карточки на сайт добавьте фото товара по нашим правилам"
"433590Y21N 36/21 46";"5542405664";"5113951775";"2085302913058";"Куртка женская с утеплителем синтепух";"'15";"NortFolk";"Не продается";;"0";"'0.00";"Нет фото в карточке товара";"2026-07-17 14:48:06";"Одежда";"Куртка";"'22.75";"'4.6";"0";"0";"0";"0";"0";"49999,00";"49999,00";;"5%";;"Изображение: Нет фотографии товара. Вы можете поставлять товары без фото на склад, но покупатели не увидят товар на сайте. Для загрузки карточки на сайт добавьте фото товара по нашим правилам"
"302580Y15N 98 48";"5542405665";"5113949194";"2085303198461";"Куртка женская на синтепоне";"'7.5";"NortFolk";"Не продается";;"0";"'0.00";"Нет фото в карточке товара";"2026-07-17 14:48:06";"Одежда";"Куртка";"'22.75";"'4.6";"0";"0";"0";"0";"0";"49999,00";"49999,00";;"5%";;"Изображение: Нет фотографии товара. Вы можете поставлять товары без фото на склад, но покупатели не увидят товар на сайте. Для загрузки карточки на сайт добавьте фото товара по нашим правилам"
"724D928U MG042 52";"5542405667";"5113950621";"2085303211603";"Куртка мужская с утеплителем синтепух";"'12";"Shark Force";"Продается";;"0";"'0.00";;"2026-07-17 14:48:06";"Одежда";"Куртка";"'22.75";"'4.6";"5";"0";"0";"0";"0";"39950,00";"49999,00";;"5%";;
"433590Y21NB 18/18 60";"5542405668";"5113949338";"2085302762878";"Куртка женская с утеплителем синтепух";"'15";"NortFolk";"Не продается";;"0";"'0.00";"Нет фото в карточке товара";"2026-07-17 14:48:06";"Одежда";"Куртка";"'22.75";"'4.6";"0";"0";"0";"0";"0";"49999,00";"49999,00";;"5%";;"Изображение: Нет фотографии товара. Вы можете поставлять товары без фото на склад, но покупатели не увидят товар на сайте. Для загрузки карточки на сайт добавьте фото товара по нашим правилам"
"302580Y15N 25 54";"5542405669";"5113951149";"2085303198416";"Куртка женская на синтепоне";"'7.5";"NortFolk";"Не продается";;"0";"'0.00";"Нет фото в карточке товара";"2026-07-17 14:48:06";"Одежда";"Куртка";"'22.75";"'4.6";"0";"0";"0";"0";"0";"49999,00";"49999,00";;"5%";;"Изображение: Нет фотографии товара. Вы можете поставлять товары без фото на склад, но покупатели не увидят товар на сайте. Для загрузки карточки на сайт добавьте фото товара по нашим правилам"
"310580Y21N 25 56";"5542405670";"5113949041";"2085303197648";"Куртка женская с утеплителем синтепух";"'15";"NortFolk";"Не продается";;"0";"'0.00";"Нет фото в карточке товара";"2026-07-17 14:48:06";"Одежда";"Куртка";"'22.75";"'4.6";"0";"0";"0";"0";"0";"49999,00";"49999,00";;"5%";;"Изображение: Нет фотографии товара. Вы можете поставлять товары без фото на склад, но покупатели не увидят товар на сайте. Для загрузки карточки на сайт добавьте фото товара по нашим правилам"
"310580Y21NB 99 62";"5542405671";"5113952333";"2085303198034";"Куртка женская с утеплителем синтепух";"'15";"NortFolk";"Не продается";;"0";"'0.00";"Нет фото в карточке товара";"2026-07-17 14:48:06";"Одежда";"Куртка";"'22.75";"'4.6";"0";"0";"0";"0";"0";"49999,00";"49999,00";;"5%";;"Изображение: Нет фотографии товара. Вы можете поставлять товары без фото на склад, но покупатели не увидят товар на сайте. Для загрузки карточки на сайт добавьте фото товара по нашим правилам"
"332580N21N 05 44";"5542405672";"5113951729";"2085303181333";"Куртка женская с утеплителем синтепух";"'15";"NortFolk";"Не продается";;"0";"'0.00";"Нет фото в карточке товара";"2026-07-17 14:48:06";"Одежда";"Куртка";"'22.75";"'4.6";"0";"0";"0";"0";"0";"49999,00";"49999,00";;"5%";;"Изображение: Нет фотографии товара. Вы можете поставлять товары без фото на склад, но покупатели не увидят товар на сайте. Для загрузки карточки на сайт добавьте фото товара по нашим правилам"
"626280Y20N FS 46";"5542405673";"5113953231";"2085302852104";"Куртка женская на синтепоне";"'15";"NortFolk";"Не продается";;"0";"'0.00";"Нет фото в карточке товара";"2026-07-17 14:48:06";"Одежда";"Куртка";"'22.75";"'4.6";"0";"0";"0";"0";"0";"49999,00";"49999,00";;"5%";;"Изображение: Нет фотографии товара. Вы можете поставлять товары без фото на склад, но покупатели не увидят товар на сайте. Для загрузки карточки на сайт добавьте фото товара по нашим правилам"
"310580Y21NB 25 60";"5542405674";"5113953075";"2085303197969";"Куртка женская с утеплителем синтепух";"'15";"NortFolk";"Не продается";;"0";"'0.00";"Нет фото в карточке товара";"2026-07-17 14:48:06";"Одежда";"Куртка";"'22.75";"'4.6";"0";"0";"0";"0";"0";"49999,00";"49999,00";;"5%";;"Изображение: Нет фотографии товара. Вы можете поставлять товары без фото на склад, но покупатели не увидят товар на сайте. Для загрузки карточки на сайт добавьте фото товара по нашим правилам"
"332580N21N 05 48";"5542405675";"5113949344";"2085303181357";"Куртка женская с утеплителем синтепух";"'15";"NortFolk";"Не продается";;"0";"'0.00";"Нет фото в карточке товара";"2026-07-17 14:48:06";"Одежда";"Куртка";"'22.75";"'4.6";"0";"0";"0";"0";"0";"49999,00";"49999,00";;"5%";;"Изображение: Нет фотографии товара. Вы можете поставлять товары без фото на склад, но покупатели не увидят товар на сайте. Для загрузки карточки на сайт добавьте фото товара по нашим правилам"
"332580N21N 67 48";"5542405676";"5113950070";"2085303181517";"Куртка женская с утеплителем синтепух";"'15";"NortFolk";"Не продается";;"0";"'0.00";"Нет фото в карточке товара";"2026-07-17 14:48:06";"Одежда";"Куртка";"'22.75";"'4.6";"0";"0";"0";"0";"0";"49999,00";"49999,00";;"5%";;"Изображение: Нет фотографии товара. Вы можете поставлять товары без фото на склад, но покупатели не увидят товар на сайте. Для загрузки карточки на сайт добавьте фото товара по нашим правилам"
"211160Y21N 22 46";"5542405677";"5113949631";"2085303112252";"Куртка женская с утеплителем синтепух";"'15";"NortFolk";"Не продается";;"0";"'0.00";"Нет фото в карточке товара";"2026-07-17 14:48:06";"Одежда";"Куртка";"'22.75";"'4.6";"0";"0";"0";"0";"0";"49999,00";"49999,00";;"5%";;"Изображение: Нет фотографии товара. Вы можете поставлять товары без фото на склад, но покупатели не увидят товар на сайте. Для загрузки карточки на сайт добавьте фото товара по нашим правилам"
"310580Y21N 99 50";"5542405679";"5113950237";"2085303197693";"Куртка женская с утеплителем синтепух";"'15";"NortFolk";"Не продается";;"0";"'0.00";"Нет фото в карточке товара";"2026-07-17 14:48:06";"Одежда";"Куртка";"'22.75";"'4.6";"0";"0";"0";"0";"0";"49999,00";"49999,00";;"5%";;"Изображение: Нет фотографии товара. Вы можете поставлять товары без фото на склад, но покупатели не увидят товар на сайте. Для загрузки карточки на сайт добавьте фото товара по нашим правилам"
"626280Y20N 14 46";"5542405680";"5113949337";"2085302852425";"Куртка женская на синтепоне";"'15";"NortFolk";"Не продается";;"0";"'0.00";"Нет фото в карточке товара";"2026-07-17 14:48:06";"Одежда";"Куртка";"'22.75";"'4.6";"0";"0";"0";"0";"0";"49999,00";"49999,00";;"5%";;"Изображение: Нет фотографии товара. Вы можете поставлять товары без фото на склад, но покупатели не увидят товар на сайте. Для загрузки карточки на сайт добавьте фото товара по нашим правилам"
"302580Y15N 225-1 46";"5542405682";"5113950692";"2085303198294";"Куртка женская на синтепоне";"'7.5";"NortFolk";"Не продается";;"0";"'0.00";"Нет фото в карточке товара";"2026-07-17 14:48:06";"Одежда";"Куртка";"'22.75";"'4.6";"0";"0";"0";"0";"0";"49999,00";"49999,00";;"5%";;"Изображение: Нет фотографии товара. Вы можете поставлять товары без фото на склад, но покупатели не увидят товар на сайте. Для загрузки карточки на сайт добавьте фото товара по нашим правилам"
"302580Y15N 25 46";"5542405683";"5113950471";"2085303198379";"Куртка женская на синтепоне";"'7.5";"NortFolk";"Не продается";;"0";"'0.00";"Нет фото в карточке товара";"2026-07-17 14:48:06";"Одежда";"Куртка";"'22.75";"'4.6";"0";"0";"0";"0";"0";"49999,00";"49999,00";;"5%";;"Изображение: Нет фотографии товара. Вы можете поставлять товары без фото на склад, но покупатели не увидят товар на сайте. Для загрузки карточки на сайт добавьте фото товара по нашим правилам"
"332580N21N 67 56";"5542405684";"5113949395";"2085303181555";"Куртка женская с утеплителем синтепух";"'15";"NortFolk";"Не продается";;"0";"'0.00";"Нет фото в карточке товара";"2026-07-17 14:48:06";"Одежда";"Куртка";"'22.75";"'4.6";"0";"0";"0";"0";"0";"49999,00";"49999,00";;"5%";;"Изображение: Нет фотографии товара. Вы можете поставлять товары без фото на склад, но покупатели не увидят товар на сайте. Для загрузки карточки на сайт добавьте фото товара по нашим правилам"
"682581F21N 25 50";"5542405685";"5113948967";"2085303168693";"Парка мужская с натуральным мехом и утеплителем синтепух";"'37.5";"NortFolk";"Продается";;"0";"'0.00";;"2026-07-17 14:48:06";"Одежда";"Куртка";"'22.75";"'4.6";"3";"0";"0";"0";"0";"49999,00";"49999,00";;"5%";;
"332580N21N 255/100 52";"5542405686";"5113950170";"2085303181456";"Куртка женская с утеплителем синтепух";"'15";"NortFolk";"Не продается";;"0";"'0.00";"Нет фото в карточке товара";"2026-07-17 14:48:06";"Одежда";"Куртка";"'22.75";"'4.6";"0";"0";"0";"0";"0";"49999,00";"49999,00";;"5%";;"Изображение: Нет фотографии товара. Вы можете поставлять товары без фото на склад, но покупатели не увидят товар на сайте. Для загрузки карточки на сайт добавьте фото товара по нашим правилам"
"433590Y21N 36/21 54";"5542405687";"5113951590";"2085302913096";"Куртка женская с утеплителем синтепух";"'15";"NortFolk";"Не продается";;"0";"'0.00";"Нет фото в карточке товара";"2026-07-17 14:48:06";"Одежда";"Куртка";"'22.75";"'4.6";"0";"0";"0";"0";"0";"49999,00";"49999,00";;"5%";;"Изображение: Нет фотографии товара. Вы можете поставлять товары без фото на склад, но покупатели не увидят товар на сайте. Для загрузки карточки на сайт добавьте фото товара по нашим правилам"
"310580Y21N 99 54";"5542405688";"5113949866";"2085303197716";"Куртка женская с утеплителем синтепух";"'15";"NortFolk";"Не продается";;"0";"'0.00";"Нет фото в карточке товара";"2026-07-17 14:48:06";"Одежда";"Куртка";"'22.75";"'4.6";"0";"0";"0";"0";"0";"49999,00";"49999,00";;"5%";;"Изображение: Нет фотографии товара. Вы можете поставлять товары без фото на склад, но покупатели не увидят товар на сайте. Для загрузки карточки на сайт добавьте фото товара по нашим правилам"
"310580Y21NB 99 66";"5542405692";"5113953202";"2085303198058";"Куртка женская с утеплителем синтепух";"'15";"NortFolk";"Не продается";;"0";"'0.00";"Нет фото в карточке товара";"2026-07-17 14:48:06";"Одежда";"Куртка";"'22.75";"'4.6";"0";"0";"0";"0";"0";"49999,00";"49999,00";;"5%";;"Изображение: Нет фотографии товара. Вы можете поставлять товары без фото на склад, но покупатели не увидят товар на сайте. Для загрузки карточки на сайт добавьте фото товара по нашим правилам"
"332580N21N 17 58";"5542405693";"5113950119";"2085303181722";"Куртка женская с утеплителем синтепух";"'15";"NortFolk";"Не продается";;"0";"'0.00";"Нет фото в карточке товара";"2026-07-17 14:48:06";"Одежда";"Куртка";"'22.75";"'4.6";"0";"0";"0";"0";"0";"49999,00";"49999,00";;"5%";;"Изображение: Нет фотографии товара. Вы можете поставлять товары без фото на склад, но покупатели не увидят товар на сайте. Для загрузки карточки на сайт добавьте фото товара по нашим правилам"
"310580Y21NB 25 62";"5542405694";"5113949307";"2085303197976";"Куртка женская с утеплителем синтепух";"'15";"NortFolk";"Не продается";;"0";"'0.00";"Нет фото в карточке товара";"2026-07-17 14:48:06";"Одежда";"Куртка";"'22.75";"'4.6";"0";"0";"0";"0";"0";"49999,00";"49999,00";;"5%";;"Изображение: Нет фотографии товара. Вы можете поставлять товары без фото на склад, но покупатели не увидят товар на сайте. Для загрузки карточки на сайт добавьте фото товара по нашим правилам"
"310580Y21NB FS 66";"5542405695";"5113951669";"2085303197938";"Куртка женская с утеплителем синтепух";"'15";"NortFolk";"Не продается";;"0";"'0.00";"Нет фото в карточке товара";"2026-07-17 14:48:06";"Одежда";"Куртка";"'22.75";"'4.6";"0";"0";"0";"0";"0";"49999,00";"49999,00";;"5%";;"Изображение: Нет фотографии товара. Вы можете поставлять товары без фото на склад, но покупатели не увидят товар на сайте. Для загрузки карточки на сайт добавьте фото товара по нашим правилам"
"211160Y21N 22 56";"5542405697";"5113949046";"2085303112306";"Куртка женская с утеплителем синтепух";"'15";"NortFolk";"Не продается";;"0";"'0.00";"Нет фото в карточке товара";"2026-07-17 14:48:06";"Одежда";"Куртка";"'22.75";"'4.6";"0";"0";"0";"0";"0";"49999,00";"49999,00";;"5%";;"Изображение: Нет фотографии товара. Вы можете поставлять товары без фото на склад, но покупатели не увидят товар на сайте. Для загрузки карточки на сайт добавьте фото товара по нашим правилам"
"724D928U MG01 50";"5542405698";"5113950347";"2085303211535";"Куртка мужская с утеплителем синтепух";"'21";"Shark Force";"Продается";;"0";"'0.00";;"2026-07-17 14:48:06";"Одежда";"Куртка";"'22.75";"'4.6";"3";"0";"0";"0";"0";"39950,00";"49999,00";;"5%";;
"332580N21N 17 44";"5542405699";"5113952269";"2085303181654";"Куртка женская с утеплителем синтепух";"'15";"NortFolk";"Не продается";;"0";"'0.00";"Нет фото в карточке товара";"2026-07-17 14:48:06";"Одежда";"Куртка";"'22.75";"'4.6";"0";"0";"0";"0";"0";"49999,00";"49999,00";;"5%";;"Изображение: Нет фотографии товара. Вы можете поставлять товары без фото на склад, но покупатели не увидят товар на сайте. Для загрузки карточки на сайт добавьте фото товара по нашим правилам"
"310580Y21NB 67 62";"5542405700";"5113952130";"2085303198096";"Куртка женская с утеплителем синтепух";"'15";"NortFolk";"Не продается";;"0";"'0.00";"Нет фото в карточке товара";"2026-07-17 14:48:06";"Одежда";"Куртка";"'22.75";"'4.6";"0";"0";"0";"0";"0";"49999,00";"49999,00";;"5%";;"Изображение: Нет фотографии товара. Вы можете поставлять товары без фото на склад, но покупатели не увидят товар на сайте. Для загрузки карточки на сайт добавьте фото товара по нашим правилам"
"302580Y15N 98 44";"5542405701";"5113950342";"2085303198447";"Куртка женская на синтепоне";"'7.5";"NortFolk";"Не продается";;"0";"'0.00";"Нет фото в карточке товара";"2026-07-17 14:48:06";"Одежда";"Куртка";"'22.75";"'4.6";"0";"0";"0";"0";"0";"49999,00";"49999,00";;"5%";;"Изображение: Нет фотографии товара. Вы можете поставлять товары без фото на склад, но покупатели не увидят товар на сайте. Для загрузки карточки на сайт добавьте фото товара по нашим правилам"
"231160Y21N 98 44";"5542405702";"5113950458";"2085303165562";"Куртка женская с утеплителем синтепух";"'15";"NortFolk";"Не продается";;"0";"'0.00";"Нет фото в карточке товара";"2026-07-17 14:48:06";"Одежда";"Куртка";"'22.75";"'4.6";"0";"0";"0";"0";"0";"49999,00";"49999,00";;"5%";;"Изображение: Нет фотографии товара. Вы можете поставлять товары без фото на склад, но покупатели не увидят товар на сайте. Для загрузки карточки на сайт добавьте фото товара по нашим правилам"
"433590Y21N 36/21 50";"5542405703";"5113949208";"2085302913072";"Куртка женская с утеплителем синтепух";"'15";"NortFolk";"Не продается";;"0";"'0.00";"Нет фото в карточке товара";"2026-07-17 14:48:06";"Одежда";"Куртка";"'22.75";"'4.6";"0";"0";"0";"0";"0";"49999,00";"49999,00";;"5%";;"Изображение: Нет фотографии товара. Вы можете поставлять товары без фото на склад, но покупатели не увидят товар на сайте. Для загрузки карточки на сайт добавьте фото товара по нашим правилам"
"433590Y21NB 36/21 60";"5542405704";"5113950333";"2085303091786";"Куртка женская с утеплителем синтепух";"'15";"NortFolk";"Не продается";;"0";"'0.00";"Нет фото в карточке товара";"2026-07-17 14:48:06";"Одежда";"Куртка";"'22.75";"'4.6";"0";"0";"0";"0";"0";"49999,00";"49999,00";;"5%";;"Изображение: Нет фотографии товара. Вы можете поставлять товары без фото на склад, но покупатели не увидят товар на сайте. Для загрузки карточки на сайт добавьте фото товара по нашим правилам"
"310580Y21NB 99 64";"5542405705";"5113949198";"2085303198041";"Куртка женская с утеплителем синтепух";"'15";"NortFolk";"Не продается";;"0";"'0.00";"Нет фото в карточке товара";"2026-07-17 14:48:06";"Одежда";"Куртка";"'22.75";"'4.6";"0";"0";"0";"0";"0";"49999,00";"49999,00";;"5%";;"Изображение: Нет фотографии товара. Вы можете поставлять товары без фото на склад, но покупатели не увидят товар на сайте. Для загрузки карточки на сайт добавьте фото товара по нашим правилам"
"211160Y21N 22 48";"5542405706";"5113949314";"2085303112269";"Куртка женская с утеплителем синтепух";"'15";"NortFolk";"Не продается";;"0";"'0.00";"Нет фото в карточке товара";"2026-07-17 14:48:06";"Одежда";"Куртка";"'22.75";"'4.6";"0";"0";"0";"0";"0";"49999,00";"49999,00";;"5%";;"Изображение: Нет фотографии товара. Вы можете поставлять товары без фото на склад, но покупатели не увидят товар на сайте. Для загрузки карточки на сайт добавьте фото товара по нашим правилам"
"231160Y21N 21 54";"5542405708";"5113949382";"2085303165692";"Куртка женская с утеплителем синтепух";"'15";"NortFolk";"Не продается";;"0";"'0.00";"Нет фото в карточке товара";"2026-07-17 14:48:06";"Одежда";"Куртка";"'22.75";"'4.6";"0";"0";"0";"0";"0";"49999,00";"49999,00";;"5%";;"Изображение: Нет фотографии товара. Вы можете поставлять товары без фото на склад, но покупатели не увидят товар на сайте. Для загрузки карточки на сайт добавьте фото товара по нашим правилам"
"433590Y21N 36/21 44";"5542405709";"5113949414";"2085302913041";"Куртка женская с утеплителем синтепух";"'15";"NortFolk";"Не продается";;"0";"'0.00";"Нет фото в карточке товара";"2026-07-17 14:48:06";"Одежда";"Куртка";"'22.75";"'4.6";"0";"0";"0";"0";"0";"49999,00";"49999,00";;"5%";;"Изображение: Нет фотографии товара. Вы можете поставлять товары без фото на склад, но покупатели не увидят товар на сайте. Для загрузки карточки на сайт добавьте фото товара по нашим правилам"
"682581F21N 100 50";"5542405710";"5113950582";"2085303168624";"Куртка мужская с утеплителем синтепух";"'19.5";"NortFolk";"Продается";;"0";"'0.00";;"2026-07-17 14:48:06";"Одежда";"Куртка";"'22.75";"'4.6";"2";"0";"0";"0";"0";"49999,00";"49999,00";;"5%";;
"433590Y21N 36/21 42";"5542405711";"5113949002";"2085302998253";"Куртка женская с утеплителем синтепух";"'15";"NortFolk";"Не продается";;"0";"'0.00";"Нет фото в карточке товара";"2026-07-17 14:48:06";"Одежда";"Куртка";"'22.75";"'4.6";"0";"0";"0";"0";"0";"49999,00";"49999,00";;"5%";;"Изображение: Нет фотографии товара. Вы можете поставлять товары без фото на склад, но покупатели не увидят товар на сайте. Для загрузки карточки на сайт добавьте фото товара по нашим правилам"
"682581F21N 25 46";"5542405713";"5113953076";"2085303168679";"Парка мужская с натуральным мехом и утеплителем синтепух";"'37.5";"NortFolk";"Готов к продаже";;"0";"'0.00";;"2026-07-17 14:48:06";"Одежда";"Куртка";"'22.75";"'4.6";"0";"0";"0";"0";"0";"49999,00";"49999,00";;"5%";;
"310580Y21N 67 48";"5542405714";"5113949124";"2085303197761";"Куртка женская с утеплителем синтепух";"'15";"NortFolk";"Не продается";;"0";"'0.00";"Нет фото в карточке товара";"2026-07-17 14:48:06";"Одежда";"Куртка";"'22.75";"'4.6";"0";"0";"0";"0";"0";"49999,00";"49999,00";;"5%";;"Изображение: Нет фотографии товара. Вы можете поставлять товары без фото на склад, но покупатели не увидят товар на сайте. Для загрузки карточки на сайт добавьте фото товара по нашим правилам"
"682581F21N 25 58";"5542405715";"5113952920";"2085303168730";"Парка мужская с натуральным мехом и утеплителем синтепух";"'37.5";"NortFolk";"Продается";;"0";"'0.00";;"2026-07-17 14:48:06";"Одежда";"Куртка";"'22.75";"'4.6";"2";"0";"0";"0";"0";"49999,00";"49999,00";;"5%";;
"332580N21N 17 54";"5542405716";"5113949835";"2085303181708";"Куртка женская с утеплителем синтепух";"'15";"NortFolk";"Не продается";;"0";"'0.00";"Нет фото в карточке товара";"2026-07-17 14:48:06";"Одежда";"Куртка";"'22.75";"'4.6";"0";"0";"0";"0";"0";"49999,00";"49999,00";;"5%";;"Изображение: Нет фотографии товара. Вы можете поставлять товары без фото на склад, но покупатели не увидят товар на сайте. Для загрузки карточки на сайт добавьте фото товара по нашим правилам"
"332580N21N 255/100 44";"5542405717";"5113950799";"2085303181418";"Куртка женская с утеплителем синтепух";"'15";"NortFolk";"Не продается";;"0";"'0.00";"Нет фото в карточке товара";"2026-07-17 14:48:06";"Одежда";"Куртка";"'22.75";"'4.6";"0";"0";"0";"0";"0";"49999,00";"49999,00";;"5%";;"Изображение: Нет фотографии товара. Вы можете поставлять товары без фото на склад, но покупатели не увидят товар на сайте. Для загрузки карточки на сайт добавьте фото товара по нашим правилам"
"831790Y22N 21 56";"5542405718";"5113952498";"2085303026429";"Куртка зимняя NortFolk на синтепоне с верблюжьей шерстью";"'27.5";"NortFolk";"Не продается";;"0";"'0.00";"Нет фото в карточке товара";"2026-07-17 14:48:06";"Одежда";"Куртка";"'22.75";"'4.6";"0";"0";"0";"0";"0";"49999,00";"49999,00";;"5%";;"Изображение: Нет фотографии товара. Вы можете поставлять товары без фото на склад, но покупатели не увидят товар на сайте. Для загрузки карточки на сайт добавьте фото товара по нашим правилам"
"332580N21N 255/100 50";"5542405719";"5113953338";"2085303181449";"Куртка женская с утеплителем синтепух";"'15";"NortFolk";"Не продается";;"0";"'0.00";"Нет фото в карточке товара";"2026-07-17 14:48:06";"Одежда";"Куртка";"'22.75";"'4.6";"0";"0";"0";"0";"0";"49999,00";"49999,00";;"5%";;"Изображение: Нет фотографии товара. Вы можете поставлять товары без фото на склад, но покупатели не увидят товар на сайте. Для загрузки карточки на сайт добавьте фото товара по нашим правилам"
"231160Y21N 98 50";"5542405720";"5113950264";"2085303165593";"Куртка женская с утеплителем синтепух";"'15";"NortFolk";"Не продается";;"0";"'0.00";"Нет фото в карточке товара";"2026-07-17 14:48:06";"Одежда";"Куртка";"'22.75";"'4.6";"0";"0";"0";"0";"0";"49999,00";"49999,00";;"5%";;"Изображение: Нет фотографии товара. Вы можете поставлять товары без фото на склад, но покупатели не увидят товар на сайте. Для загрузки карточки на сайт добавьте фото товара по нашим правилам"
"302580Y15N 98 50";"5542405721";"5113953309";"2085303198478";"Куртка женская на синтепоне";"'7.5";"NortFolk";"Не продается";;"0";"'0.00";"Нет фото в карточке товара";"2026-07-17 14:48:06";"Одежда";"Куртка";"'22.75";"'4.6";"0";"0";"0";"0";"0";"49999,00";"49999,00";;"5%";;"Изображение: Нет фотографии товара. Вы можете поставлять товары без фото на склад, но покупатели не увидят товар на сайте. Для загрузки карточки на сайт добавьте фото товара по нашим правилам"
"310580Y21N 25 46";"5542405722";"5113949363";"2085303197594";"Куртка женская с утеплителем синтепух";"'15";"NortFolk";"Не продается";;"0";"'0.00";"Нет фото в карточке товара";"2026-07-17 14:48:06";"Одежда";"Куртка";"'22.75";"'4.6";"0";"0";"0";"0";"0";"49999,00";"49999,00";;"5%";;"Изображение: Нет фотографии товара. Вы можете поставлять товары без фото на склад, но покупатели не увидят товар на сайте. Для загрузки карточки на сайт добавьте фото товара по нашим правилам"
"310580Y21N FS 44";"5542405723";"5113950204";"2085303197501";"Куртка женская с утеплителем синтепух";"'15";"NortFolk";"Не продается";;"0";"'0.00";"Нет фото в карточке товара";"2026-07-17 14:48:06";"Одежда";"Куртка";"'22.75";"'4.6";"0";"0";"0";"0";"0";"49999,00";"49999,00";;"5%";;"Изображение: Нет фотографии товара. Вы можете поставлять товары без фото на склад, но покупатели не увидят товар на сайте. Для загрузки карточки на сайт добавьте фото товара по нашим правилам"
"302580Y15N 260 58";"5542405724";"5113950228";"2085303198591";"Куртка женская на синтепоне";"'7.5";"NortFolk";"Не продается";;"0";"'0.00";"Нет фото в карточке товара";"2026-07-17 14:48:06";"Одежда";"Куртка";"'22.75";"'4.6";"0";"0";"0";"0";"0";"49999,00";"49999,00";;"5%";;"Изображение: Нет фотографии товара. Вы можете поставлять товары без фото на склад, но покупатели не увидят товар на сайте. Для загрузки карточки на сайт добавьте фото товара по нашим правилам"
"302580Y15N FS 46";"5542405725";"5113949125";"2085303198218";"Куртка женская на синтепоне";"'7.5";"NortFolk";"Не продается";;"0";"'0.00";"Нет фото в карточке товара";"2026-07-17 14:48:06";"Одежда";"Куртка";"'22.75";"'4.6";"0";"0";"0";"0";"0";"49999,00";"49999,00";;"5%";;"Изображение: Нет фотографии товара. Вы можете поставлять товары без фото на склад, но покупатели не увидят товар на сайте. Для загрузки карточки на сайт добавьте фото товара по нашим правилам"
"310580Y21N 99 56";"5542405726";"5113949322";"2085303197723";"Куртка женская с утеплителем синтепух";"'15";"NortFolk";"Не продается";;"0";"'0.00";"Нет фото в карточке товара";"2026-07-17 14:48:06";"Одежда";"Куртка";"'22.75";"'4.6";"0";"0";"0";"0";"0";"49999,00";"49999,00";;"5%";;"Изображение: Нет фотографии товара. Вы можете поставлять товары без фото на склад, но покупатели не увидят товар на сайте. Для загрузки карточки на сайт добавьте фото товара по нашим правилам"
"310580Y21N 67 52";"5542405727";"5113950552";"2085303197785";"Куртка женская с утеплителем синтепух";"'15";"NortFolk";"Не продается";;"0";"'0.00";"Нет фото в карточке товара";"2026-07-17 14:48:06";"Одежда";"Куртка";"'22.75";"'4.6";"0";"0";"0";"0";"0";"49999,00";"49999,00";;"5%";;"Изображение: Нет фотографии товара. Вы можете поставлять товары без фото на склад, но покупатели не увидят товар на сайте. Для загрузки карточки на сайт добавьте фото товара по нашим правилам"
"302580Y15N FS 58";"5542405728";"5113949100";"2085303198270";"Куртка женская на синтепоне";"'7.5";"NortFolk";"Не продается";;"0";"'0.00";"Нет фото в карточке товара";"2026-07-17 14:48:06";"Одежда";"Куртка";"'22.75";"'4.6";"0";"0";"0";"0";"0";"49999,00";"49999,00";;"5%";;"Изображение: Нет фотографии товара. Вы можете поставлять товары без фото на склад, но покупатели не увидят товар на сайте. Для загрузки карточки на сайт добавьте фото товара по нашим правилам"
"302580Y15N 260 48";"5542405729";"5113951857";"2085303198546";"Куртка женская на синтепоне";"'7.5";"NortFolk";"Не продается";;"0";"'0.00";"Нет фото в карточке товара";"2026-07-17 14:48:06";"Одежда";"Куртка";"'22.75";"'4.6";"0";"0";"0";"0";"0";"49999,00";"49999,00";;"5%";;"Изображение: Нет фотографии товара. Вы можете поставлять товары без фото на склад, но покупатели не увидят товар на сайте. Для загрузки карточки на сайт добавьте фото товара по нашим правилам"
"302580Y15N 98 58";"5542405730";"5113950145";"2085303198515";"Куртка женская на синтепоне";"'7.5";"NortFolk";"Не продается";;"0";"'0.00";"Нет фото в карточке товара";"2026-07-17 14:48:06";"Одежда";"Куртка";"'22.75";"'4.6";"0";"0";"0";"0";"0";"49999,00";"49999,00";;"5%";;"Изображение: Нет фотографии товара. Вы можете поставлять товары без фото на склад, но покупатели не увидят товар на сайте. Для загрузки карточки на сайт добавьте фото товара по нашим правилам"
"310580Y21N 99 44";"5542405731";"5113949413";"2085303197662";"Куртка женская с утеплителем синтепух";"'15";"NortFolk";"Не продается";;"0";"'0.00";"Нет фото в карточке товара";"2026-07-17 14:48:06";"Одежда";"Куртка";"'22.75";"'4.6";"0";"0";"0";"0";"0";"49999,00";"49999,00";;"5%";;"Изображение: Нет фотографии товара. Вы можете поставлять товары без фото на склад, но покупатели не увидят товар на сайте. Для загрузки карточки на сайт добавьте фото товара по нашим правилам"
"332580N21N 255/17 58";"5542405732";"5113949334";"2085303181647";"Куртка женская с утеплителем синтепух";"'15";"NortFolk";"Не продается";;"0";"'0.00";"Нет фото в карточке товара";"2026-07-17 14:48:06";"Одежда";"Куртка";"'22.75";"'4.6";"0";"0";"0";"0";"0";"49999,00";"49999,00";;"5%";;"Изображение: Нет фотографии товара. Вы можете поставлять товары без фото на склад, но покупатели не увидят товар на сайте. Для загрузки карточки на сайт добавьте фото товара по нашим правилам"
"682581F21N 99 48";"5542405734";"5113951691";"2085303168822";"Куртка мужская с утеплителем синтепух";"'19.5";"NortFolk";"Продается";;"0";"'0.00";;"2026-07-17 14:48:06";"Одежда";"Куртка";"'22.75";"'4.6";"2";"0";"0";"0";"0";"49999,00";"49999,00";;"5%";;
"302580Y15N 25 56";"5542405735";"5113948896";"2085303198423";"Куртка женская на синтепоне";"'7.5";"NortFolk";"Не продается";;"0";"'0.00";"Нет фото в карточке товара";"2026-07-17 14:48:06";"Одежда";"Куртка";"'22.75";"'4.6";"0";"0";"0";"0";"0";"49999,00";"49999,00";;"5%";;"Изображение: Нет фотографии товара. Вы можете поставлять товары без фото на склад, но покупатели не увидят товар на сайте. Для загрузки карточки на сайт добавьте фото товара по нашим правилам"
"724D928U MG01 52";"5542405737";"5113952382";"2085303211542";"Куртка мужская с утеплителем синтепух";"'21";"Shark Force";"Продается";;"0";"'0.00";;"2026-07-17 14:48:06";"Одежда";"Куртка";"'22.75";"'4.6";"5";"0";"0";"0";"0";"39950,00";"49999,00";;"5%";;
"310580Y21N 260 50";"5542405738";"5113952555";"2085303197853";"Куртка женская с утеплителем синтепух";"'15";"NortFolk";"Не продается";;"0";"'0.00";"Нет фото в карточке товара";"2026-07-17 14:48:06";"Одежда";"Куртка";"'22.75";"'4.6";"0";"0";"0";"0";"0";"49999,00";"49999,00";;"5%";;"Изображение: Нет фотографии товара. Вы можете поставлять товары без фото на склад, но покупатели не увидят товар на сайте. Для загрузки карточки на сайт добавьте фото товара по нашим правилам"
"682581F21N 99 50";"5542405739";"5113950879";"2085303168839";"Куртка мужская с утеплителем синтепух";"'19.5";"NortFolk";"Продается";;"0";"'0.00";;"2026-07-17 14:48:06";"Одежда";"Куртка";"'22.75";"'4.6";"3";"0";"0";"0";"0";"49999,00";"49999,00";;"5%";;
"310580Y21NB 25 70";"5542405741";"5113949737";"2085303198010";"Куртка женская с утеплителем синтепух";"'15";"NortFolk";"Не продается";;"0";"'0.00";"Нет фото в карточке товара";"2026-07-17 14:48:06";"Одежда";"Куртка";"'22.75";"'4.6";"0";"0";"0";"0";"0";"49999,00";"49999,00";;"5%";;"Изображение: Нет фотографии товара. Вы можете поставлять товары без фото на склад, но покупатели не увидят товар на сайте. Для загрузки карточки на сайт добавьте фото товара по нашим правилам"
"682581F21N 100 56";"5542405742";"5113951743";"2085303168655";"Куртка мужская с утеплителем синтепух";"'19.5";"NortFolk";"Продается";;"0";"'0.00";;"2026-07-17 14:48:06";"Одежда";"Куртка";"'22.75";"'4.6";"3";"0";"0";"0";"0";"49999,00";"49999,00";;"5%";;
"231160Y21N 21 56";"5542405743";"5113950966";"2085303165708";"Куртка женская с утеплителем синтепух";"'15";"NortFolk";"Не продается";;"0";"'0.00";"Нет фото в карточке товара";"2026-07-17 14:48:06";"Одежда";"Куртка";"'22.75";"'4.6";"0";"0";"0";"0";"0";"49999,00";"49999,00";;"5%";;"Изображение: Нет фотографии товара. Вы можете поставлять товары без фото на склад, но покупатели не увидят товар на сайте. Для загрузки карточки на сайт добавьте фото товара по нашим правилам"
"332580N21N 17 46";"5542405744";"5113951058";"2085303181661";"Куртка женская с утеплителем синтепух";"'15";"NortFolk";"Не продается";;"0";"'0.00";"Нет фото в карточке товара";"2026-07-17 14:48:06";"Одежда";"Куртка";"'22.75";"'4.6";"0";"0";"0";"0";"0";"49999,00";"49999,00";;"5%";;"Изображение: Нет фотографии товара. Вы можете поставлять товары без фото на склад, но покупатели не увидят товар на сайте. Для загрузки карточки на сайт добавьте фото товара по нашим правилам"
"433590Y21NB 18/18 66";"5542405745";"5113949349";"2085302762908";"Куртка женская с утеплителем синтепух";"'15";"NortFolk";"Не продается";;"0";"'0.00";"Нет фото в карточке товара";"2026-07-17 14:48:06";"Одежда";"Куртка";"'22.75";"'4.6";"0";"0";"0";"0";"0";"49999,00";"49999,00";;"5%";;"Изображение: Нет фотографии товара. Вы можете поставлять товары без фото на склад, но покупатели не увидят товар на сайте. Для загрузки карточки на сайт добавьте фото товара по нашим правилам"
"310580Y21N FS 50";"5542405746";"5113950427";"2085303197532";"Куртка женская с утеплителем синтепух";"'15";"NortFolk";"Не продается";;"0";"'0.00";"Нет фото в карточке товара";"2026-07-17 14:48:06";"Одежда";"Куртка";"'22.75";"'4.6";"0";"0";"0";"0";"0";"49999,00";"49999,00";;"5%";;"Изображение: Нет фотографии товара. Вы можете поставлять товары без фото на склад, но покупатели не увидят товар на сайте. Для загрузки карточки на сайт добавьте фото товара по нашим правилам"
"310580Y21NB 67 70";"5542405747";"5113950533";"2085303198133";"Куртка женская с утеплителем синтепух";"'15";"NortFolk";"Не продается";;"0";"'0.00";"Нет фото в карточке товара";"2026-07-17 14:48:06";"Одежда";"Куртка";"'22.75";"'4.6";"0";"0";"0";"0";"0";"49999,00";"49999,00";;"5%";;"Изображение: Нет фотографии товара. Вы можете поставлять товары без фото на склад, но покупатели не увидят товар на сайте. Для загрузки карточки на сайт добавьте фото товара по нашим правилам"
"310580Y21NB 260 66";"5542405748";"5113948850";"2085303198171";"Куртка женская с утеплителем синтепух";"'15";"NortFolk";"Не продается";;"0";"'0.00";"Нет фото в карточке товара";"2026-07-17 14:48:06";"Одежда";"Куртка";"'22.75";"'4.6";"0";"0";"0";"0";"0";"49999,00";"49999,00";;"5%";;"Изображение: Нет фотографии товара. Вы можете поставлять товары без фото на склад, но покупатели не увидят товар на сайте. Для загрузки карточки на сайт добавьте фото товара по нашим правилам"
"310580Y21N FS 54";"5542405749";"5113951682";"2085303197556";"Куртка женская с утеплителем синтепух";"'15";"NortFolk";"Не продается";;"0";"'0.00";"Нет фото в карточке товара";"2026-07-17 14:48:06";"Одежда";"Куртка";"'22.75";"'4.6";"0";"0";"0";"0";"0";"49999,00";"49999,00";;"5%";;"Изображение: Нет фотографии товара. Вы можете поставлять товары без фото на склад, но покупатели не увидят товар на сайте. Для загрузки карточки на сайт добавьте фото товара по нашим правилам"
"231160Y21N 98 56";"5542405750";"5113950212";"2085303165623";"Куртка женская с утеплителем синтепух";"'15";"NortFolk";"Не продается";;"0";"'0.00";"Нет фото в карточке товара";"2026-07-17 14:48:06";"Одежда";"Куртка";"'22.75";"'4.6";"0";"0";"0";"0";"0";"49999,00";"49999,00";;"5%";;"Изображение: Нет фотографии товара. Вы можете поставлять товары без фото на склад, но покупатели не увидят товар на сайте. Для загрузки карточки на сайт добавьте фото товара по нашим правилам"
"332580N21N 98 54";"5542405752";"5113949106";"2085303181302";"Куртка женская с утеплителем синтепух";"'15";"NortFolk";"Не продается";;"0";"'0.00";"Нет фото в карточке товара";"2026-07-17 14:48:06";"Одежда";"Куртка";"'22.75";"'4.6";"0";"0";"0";"0";"0";"49999,00";"49999,00";;"5%";;"Изображение: Нет фотографии товара. Вы можете поставлять товары без фото на склад, но покупатели не увидят товар на сайте. Для загрузки карточки на сайт добавьте фото товара по нашим правилам"
"724D928U MG0156 50";"5542405753";"5113950744";"2085303211658";"Куртка мужская с утеплителем синтепух";"'12";"Shark Force";"Продается";;"0";"'0.00";;"2026-07-17 14:48:06";"Одежда";"Куртка";"'22.75";"'4.6";"3";"0";"0";"0";"0";"39950,00";"49999,00";;"5%";;
"332580N21N 05 46";"5542405754";"5113949717";"2085303181340";"Куртка женская с утеплителем синтепух";"'15";"NortFolk";"Не продается";;"0";"'0.00";"Нет фото в карточке товара";"2026-07-17 14:48:06";"Одежда";"Куртка";"'22.75";"'4.6";"0";"0";"0";"0";"0";"49999,00";"49999,00";;"5%";;"Изображение: Нет фотографии товара. Вы можете поставлять товары без фото на склад, но покупатели не увидят товар на сайте. Для загрузки карточки на сайт добавьте фото товара по нашим правилам"
"211160Y21N 22 58";"5542405755";"5113948812";"2085303112313";"Куртка женская с утеплителем синтепух";"'15";"NortFolk";"Не продается";;"0";"'0.00";"Нет фото в карточке товара";"2026-07-17 14:48:06";"Одежда";"Куртка";"'22.75";"'4.6";"0";"0";"0";"0";"0";"49999,00";"49999,00";;"5%";;"Изображение: Нет фотографии товара. Вы можете поставлять товары без фото на склад, но покупатели не увидят товар на сайте. Для загрузки карточки на сайт добавьте фото товара по нашим правилам"
"310580Y21N 99 52";"5542405756";"5113950140";"2085303197709";"Куртка женская с утеплителем синтепух";"'15";"NortFolk";"Не продается";;"0";"'0.00";"Нет фото в карточке товара";"2026-07-17 14:48:06";"Одежда";"Куртка";"'22.75";"'4.6";"0";"0";"0";"0";"0";"49999,00";"49999,00";;"5%";;"Изображение: Нет фотографии товара. Вы можете поставлять товары без фото на склад, но покупатели не увидят товар на сайте. Для загрузки карточки на сайт добавьте фото товара по нашим правилам"
"433590Y21NB 18/18 68";"5542405757";"5113950809";"2085302762915";"Куртка женская с утеплителем синтепух";"'15";"NortFolk";"Не продается";;"0";"'0.00";"Нет фото в карточке товара";"2026-07-17 14:48:06";"Одежда";"Куртка";"'22.75";"'4.6";"0";"0";"0";"0";"0";"49999,00";"49999,00";;"5%";;"Изображение: Нет фотографии товара. Вы можете поставлять товары без фото на склад, но покупатели не увидят товар на сайте. Для загрузки карточки на сайт добавьте фото товара по нашим правилам"
"682581F21N 99 54";"5542405758";"5113950345";"2085303168853";"Куртка мужская с утеплителем синтепух";"'19.5";"NortFolk";"Продается";;"0";"'0.00";;"2026-07-17 14:48:06";"Одежда";"Куртка";"'22.75";"'4.6";"4";"0";"0";"0";"0";"49999,00";"49999,00";;"5%";;
"332580N21N 255/17 48";"5542405759";"5113952244";"2085303181593";"Куртка женская с утеплителем синтепух";"'15";"NortFolk";"Не продается";;"0";"'0.00";"Нет фото в карточке товара";"2026-07-17 14:48:06";"Одежда";"Куртка";"'22.75";"'4.6";"0";"0";"0";"0";"0";"49999,00";"49999,00";;"5%";;"Изображение: Нет фотографии товара. Вы можете поставлять товары без фото на склад, но покупатели не увидят товар на сайте. Для загрузки карточки на сайт добавьте фото товара по нашим правилам"
"302580Y15N 260 46";"5542405760";"5113951019";"2085303198539";"Куртка женская на синтепоне";"'7.5";"NortFolk";"Не продается";;"0";"'0.00";"Нет фото в карточке товара";"2026-07-17 14:48:06";"Одежда";"Куртка";"'22.75";"'4.6";"0";"0";"0";"0";"0";"49999,00";"49999,00";;"5%";;"Изображение: Нет фотографии товара. Вы можете поставлять товары без фото на склад, но покупатели не увидят товар на сайте. Для загрузки карточки на сайт добавьте фото товара по нашим правилам"
"682581F21N 80 58";"5542405763";"5113950578";"2085303168808";"Куртка мужская с утеплителем синтепух";"'37.5";"NortFolk";"Продается";;"0";"'0.00";;"2026-07-17 14:48:06";"Одежда";"Куртка";"'22.75";"'4.6";"2";"0";"0";"0";"0";"49999,00";"49999,00";;"5%";;
"682581F21N 100 46";"5542405765";"5113950169";"2085303168600";"Куртка мужская с утеплителем синтепух";"'19.5";"NortFolk";"Готов к продаже";;"0";"'0.00";;"2026-07-17 14:48:06";"Одежда";"Куртка";"'22.75";"'4.6";"0";"0";"0";"0";"0";"49999,00";"49999,00";;"5%";;
"737951N10C 97 46";"5542405766";"5113949231";"2085302780704";"Куртка мужская на тонком синтепоне";"'15";"NortFolk";"Не продается";;"0";"'0.00";"Нет фото в карточке товара";"2026-07-17 14:48:06";"Одежда";"Куртка";"'22.75";"'4.6";"0";"0";"0";"0";"0";"49999,00";"49999,00";;"5%";;"Изображение: Нет фотографии товара. Вы можете поставлять товары без фото на склад, но покупатели не увидят товар на сайте. Для загрузки карточки на сайт добавьте фото товара по нашим правилам"
"302580Y15N 260 52";"5542405767";"5113950639";"2085303198560";"Куртка женская на синтепоне";"'7.5";"NortFolk";"Не продается";;"0";"'0.00";"Нет фото в карточке товара";"2026-07-17 14:48:06";"Одежда";"Куртка";"'22.75";"'4.6";"0";"0";"0";"0";"0";"49999,00";"49999,00";;"5%";;"Изображение: Нет фотографии товара. Вы можете поставлять товары без фото на склад, но покупатели не увидят товар на сайте. Для загрузки карточки на сайт добавьте фото товара по нашим правилам"
"332580N21N 05 56";"5542405768";"5113949836";"2085303181395";"Куртка женская с утеплителем синтепух";"'15";"NortFolk";"Не продается";;"0";"'0.00";"Нет фото в карточке товара";"2026-07-17 14:48:06";"Одежда";"Куртка";"'22.75";"'4.6";"0";"0";"0";"0";"0";"49999,00";"49999,00";;"5%";;"Изображение: Нет фотографии товара. Вы можете поставлять товары без фото на склад, но покупатели не увидят товар на сайте. Для загрузки карточки на сайт добавьте фото товара по нашим правилам"
"310580Y21N 67 44";"5542405769";"5113949736";"2085303197747";"Куртка женская с утеплителем синтепух";"'15";"NortFolk";"Не продается";;"0";"'0.00";"Нет фото в карточке товара";"2026-07-17 14:48:06";"Одежда";"Куртка";"'22.75";"'4.6";"0";"0";"0";"0";"0";"49999,00";"49999,00";;"5%";;"Изображение: Нет фотографии товара. Вы можете поставлять товары без фото на склад, но покупатели не увидят товар на сайте. Для загрузки карточки на сайт добавьте фото товара по нашим правилам"
"626280Y20N 14 50";"5542405772";"5113950111";"2085302852449";"Куртка женская на синтепоне";"'15";"NortFolk";"Не продается";;"0";"'0.00";"Нет фото в карточке товара";"2026-07-17 14:48:06";"Одежда";"Куртка";"'22.75";"'4.6";"0";"0";"0";"0";"0";"49999,00";"49999,00";;"5%";;"Изображение: Нет фотографии товара. Вы можете поставлять товары без фото на склад, но покупатели не увидят товар на сайте. Для загрузки карточки на сайт добавьте фото товара по нашим правилам"
"302580Y15N FS 50";"5542405773";"5113951897";"2085303198232";"Куртка женская на синтепоне";"'7.5";"NortFolk";"Не продается";;"0";"'0.00";"Нет фото в карточке товара";"2026-07-17 14:48:06";"Одежда";"Куртка";"'22.75";"'4.6";"0";"0";"0";"0";"0";"49999,00";"49999,00";;"5%";;"Изображение: Нет фотографии товара. Вы можете поставлять товары без фото на склад, но покупатели не увидят товар на сайте. Для загрузки карточки на сайт добавьте фото товара по нашим правилам"
"332580N21N 17 56";"5542405774";"5113951593";"2085303181715";"Куртка женская с утеплителем синтепух";"'15";"NortFolk";"Не продается";;"0";"'0.00";"Нет фото в карточке товара";"2026-07-17 14:48:06";"Одежда";"Куртка";"'22.75";"'4.6";"0";"0";"0";"0";"0";"49999,00";"49999,00";;"5%";;"Изображение: Нет фотографии товара. Вы можете поставлять товары без фото на склад, но покупатели не увидят товар на сайте. Для загрузки карточки на сайт добавьте фото товара по нашим правилам"
"310580Y21N 67 56";"5542405775";"5113948811";"2085303197808";"Куртка женская с утеплителем синтепух";"'15";"NortFolk";"Не продается";;"0";"'0.00";"Нет фото в карточке товара";"2026-07-17 14:48:06";"Одежда";"Куртка";"'22.75";"'4.6";"0";"0";"0";"0";"0";"49999,00";"49999,00";;"5%";;"Изображение: Нет фотографии товара. Вы можете поставлять товары без фото на склад, но покупатели не увидят товар на сайте. Для загрузки карточки на сайт добавьте фото товара по нашим правилам"
"332580N21N 98 52";"5542405776";"5113952353";"2085303181296";"Куртка женская с утеплителем синтепух";"'15";"NortFolk";"Не продается";;"0";"'0.00";"Нет фото в карточке товара";"2026-07-17 14:48:06";"Одежда";"Куртка";"'22.75";"'4.6";"0";"0";"0";"0";"0";"49999,00";"49999,00";;"5%";;"Изображение: Нет фотографии товара. Вы можете поставлять товары без фото на склад, но покупатели не увидят товар на сайте. Для загрузки карточки на сайт добавьте фото товара по нашим правилам"
"626280Y20N 14 58";"5542405777";"5113950740";"2085302852487";"Куртка женская на синтепоне";"'15";"NortFolk";"Не продается";;"0";"'0.00";"Нет фото в карточке товара";"2026-07-17 14:48:06";"Одежда";"Куртка";"'22.75";"'4.6";"0";"0";"0";"0";"0";"49999,00";"49999,00";;"5%";;"Изображение: Нет фотографии товара. Вы можете поставлять товары без фото на склад, но покупатели не увидят товар на сайте. Для загрузки карточки на сайт добавьте фото товара по нашим правилам"
"310580Y21N 99 48";"5542405778";"5113949222";"2085303197686";"Куртка женская с утеплителем синтепух";"'15";"NortFolk";"Не продается";;"0";"'0.00";"Нет фото в карточке товара";"2026-07-17 14:48:06";"Одежда";"Куртка";"'22.75";"'4.6";"0";"0";"0";"0";"0";"49999,00";"49999,00";;"5%";;"Изображение: Нет фотографии товара. Вы можете поставлять товары без фото на склад, но покупатели не увидят товар на сайте. Для загрузки карточки на сайт добавьте фото товара по нашим правилам"
"332580N21N 98 44";"5542405779";"5113949411";"2085303181258";"Куртка женская с утеплителем синтепух";"'15";"NortFolk";"Не продается";;"0";"'0.00";"Нет фото в карточке товара";"2026-07-17 14:48:06";"Одежда";"Куртка";"'22.75";"'4.6";"0";"0";"0";"0";"0";"49999,00";"49999,00";;"5%";;"Изображение: Нет фотографии товара. Вы можете поставлять товары без фото на склад, но покупатели не увидят товар на сайте. Для загрузки карточки на сайт добавьте фото товара по нашим правилам"
"310580Y21NB FS 64";"5542405780";"5113952313";"2085303197921";"Куртка женская с утеплителем синтепух";"'15";"NortFolk";"Не продается";;"0";"'0.00";"Нет фото в карточке товара";"2026-07-17 14:48:06";"Одежда";"Куртка";"'22.75";"'4.6";"0";"0";"0";"0";"0";"49999,00";"49999,00";;"5%";;"Изображение: Нет фотографии товара. Вы можете поставлять товары без фото на склад, но покупатели не увидят товар на сайте. Для загрузки карточки на сайт добавьте фото товара по нашим правилам"
"682581F21N 100 54";"5542405781";"5113952437";"2085303168648";"Куртка мужская с утеплителем синтепух";"'19.5";"NortFolk";"Продается";;"0";"'0.00";;"2026-07-17 14:48:06";"Одежда";"Куртка";"'22.75";"'4.6";"4";"0";"0";"0";"0";"49999,00";"49999,00";;"5%";;
"626280Y20N FS 44";"5542405782";"5113949543";"2085302852098";"Куртка женская на синтепоне";"'15";"NortFolk";"Не продается";;"0";"'0.00";"Нет фото в карточке товара";"2026-07-17 14:48:06";"Одежда";"Куртка";"'22.75";"'4.6";"0";"0";"0";"0";"0";"49999,00";"49999,00";;"5%";;"Изображение: Нет фотографии товара. Вы можете поставлять товары без фото на склад, но покупатели не увидят товар на сайте. Для загрузки карточки на сайт добавьте фото товара по нашим правилам"
"310580Y21NB FS 70";"5542405783";"5113949347";"2085303197952";"Куртка женская с утеплителем синтепух";"'15";"NortFolk";"Не продается";;"0";"'0.00";"Нет фото в карточке товара";"2026-07-17 14:48:06";"Одежда";"Куртка";"'22.75";"'4.6";"0";"0";"0";"0";"0";"49999,00";"49999,00";;"5%";;"Изображение: Нет фотографии товара. Вы можете поставлять товары без фото на склад, но покупатели не увидят товар на сайте. Для загрузки карточки на сайт добавьте фото товара по нашим правилам"
"302580Y15N FS 44";"5542405784";"5113951902";"2085303198201";"Куртка женская на синтепоне";"'7.5";"NortFolk";"Не продается";;"0";"'0.00";"Нет фото в карточке товара";"2026-07-17 14:48:06";"Одежда";"Куртка";"'22.75";"'4.6";"0";"0";"0";"0";"0";"49999,00";"49999,00";;"5%";;"Изображение: Нет фотографии товара. Вы можете поставлять товары без фото на склад, но покупатели не увидят товар на сайте. Для загрузки карточки на сайт добавьте фото товара по нашим правилам"
"302580Y15N 225-1 52";"5542405785";"5113951895";"2085303198324";"Куртка женская на синтепоне";"'7.5";"NortFolk";"Не продается";;"0";"'0.00";"Нет фото в карточке товара";"2026-07-17 14:48:06";"Одежда";"Куртка";"'22.75";"'4.6";"0";"0";"0";"0";"0";"49999,00";"49999,00";;"5%";;"Изображение: Нет фотографии товара. Вы можете поставлять товары без фото на склад, но покупатели не увидят товар на сайте. Для загрузки карточки на сайт добавьте фото товара по нашим правилам"
"332580N21N 98 56";"5542405787";"5113949306";"2085303181319";"Куртка женская с утеплителем синтепух";"'15";"NortFolk";"Не продается";;"0";"'0.00";"Нет фото в карточке товара";"2026-07-17 14:48:06";"Одежда";"Куртка";"'22.75";"'4.6";"0";"0";"0";"0";"0";"49999,00";"49999,00";;"5%";;"Изображение: Нет фотографии товара. Вы можете поставлять товары без фото на склад, но покупатели не увидят товар на сайте. Для загрузки карточки на сайт добавьте фото товара по нашим правилам"
"302580Y15N 225-1 44";"5542405788";"5113949013";"2085303198287";"Куртка женская на синтепоне";"'7.5";"NortFolk";"Не продается";;"0";"'0.00";"Нет фото в карточке товара";"2026-07-17 14:48:06";"Одежда";"Куртка";"'22.75";"'4.6";"0";"0";"0";"0";"0";"49999,00";"49999,00";;"5%";;"Изображение: Нет фотографии товара. Вы можете поставлять товары без фото на склад, но покупатели не увидят товар на сайте. Для загрузки карточки на сайт добавьте фото товара по нашим правилам"
"724D928U MG0156 54";"5542405789";"5113953142";"2085303211672";"Куртка мужская с утеплителем синтепух";"'12";"Shark Force";"Продается";;"0";"'0.00";;"2026-07-17 14:48:06";"Одежда";"Куртка";"'22.75";"'4.6";"4";"0";"0";"0";"0";"39950,00";"49999,00";;"5%";;
"310580Y21NB 99 60";"5542405791";"5113950415";"2085303198027";"Куртка женская с утеплителем синтепух";"'15";"NortFolk";"Не продается";;"0";"'0.00";"Нет фото в карточке товара";"2026-07-17 14:48:06";"Одежда";"Куртка";"'22.75";"'4.6";"0";"0";"0";"0";"0";"49999,00";"49999,00";;"5%";;"Изображение: Нет фотографии товара. Вы можете поставлять товары без фото на склад, но покупатели не увидят товар на сайте. Для загрузки карточки на сайт добавьте фото товара по нашим правилам"
"302580Y15N 225-1 50";"5542405793";"5113949186";"2085303198317";"Куртка женская на синтепоне";"'7.5";"NortFolk";"Не продается";;"0";"'0.00";"Нет фото в карточке товара";"2026-07-17 14:48:06";"Одежда";"Куртка";"'22.75";"'4.6";"0";"0";"0";"0";"0";"49999,00";"49999,00";;"5%";;"Изображение: Нет фотографии товара. Вы можете поставлять товары без фото на склад, но покупатели не увидят товар на сайте. Для загрузки карточки на сайт добавьте фото товара по нашим правилам"
"332580N21N 67 46";"5542405794";"5113949286";"2085303181500";"Куртка женская с утеплителем синтепух";"'15";"NortFolk";"Не продается";;"0";"'0.00";"Нет фото в карточке товара";"2026-07-17 14:48:06";"Одежда";"Куртка";"'22.75";"'4.6";"0";"0";"0";"0";"0";"49999,00";"49999,00";;"5%";;"Изображение: Нет фотографии товара. Вы можете поставлять товары без фото на склад, но покупатели не увидят товар на сайте. Для загрузки карточки на сайт добавьте фото товара по нашим правилам"
"310580Y21N FS 56";"5542405795";"5113950620";"2085303197563";"Куртка женская с утеплителем синтепух";"'15";"NortFolk";"Не продается";;"0";"'0.00";"Нет фото в карточке товара";"2026-07-17 14:48:06";"Одежда";"Куртка";"'22.75";"'4.6";"0";"0";"0";"0";"0";"49999,00";"49999,00";;"5%";;"Изображение: Нет фотографии товара. Вы можете поставлять товары без фото на склад, но покупатели не увидят товар на сайте. Для загрузки карточки на сайт добавьте фото товара по нашим правилам"
"831790Y22N 24-1 50";"5542405796";"5113949341";"2085303026153";"Куртка зимняя NortFolk на синтепоне с верблюжьей шерстью";"'27.5";"NortFolk";"Не продается";;"0";"'0.00";"Нет фото в карточке товара";"2026-07-17 14:48:06";"Одежда";"Куртка";"'22.75";"'4.6";"0";"0";"0";"0";"0";"49999,00";"49999,00";;"5%";;"Изображение: Нет фотографии товара. Вы можете поставлять товары без фото на склад, но покупатели не увидят товар на сайте. Для загрузки карточки на сайт добавьте фото товара по нашим правилам"
"332580N21N 67 58";"5542405797";"5113949618";"2085303181562";"Куртка женская с утеплителем синтепух";"'15";"NortFolk";"Не продается";;"0";"'0.00";"Нет фото в карточке товара";"2026-07-17 14:48:06";"Одежда";"Куртка";"'22.75";"'4.6";"0";"0";"0";"0";"0";"49999,00";"49999,00";;"5%";;"Изображение: Нет фотографии товара. Вы можете поставлять товары без фото на склад, но покупатели не увидят товар на сайте. Для загрузки карточки на сайт добавьте фото товара по нашим правилам"
"433590Y21N 36/21 48";"5542405799";"5113949172";"2085302913065";"Куртка женская с утеплителем синтепух";"'15";"NortFolk";"Не продается";;"0";"'0.00";"Нет фото в карточке товара";"2026-07-17 14:48:06";"Одежда";"Куртка";"'22.75";"'4.6";"0";"0";"0";"0";"0";"49999,00";"49999,00";;"5%";;"Изображение: Нет фотографии товара. Вы можете поставлять товары без фото на склад, но покупатели не увидят товар на сайте. Для загрузки карточки на сайт добавьте фото товара по нашим правилам"
"682581F21N 100 48";"5542405800";"5113949656";"2085303168617";"Куртка мужская с утеплителем синтепух";"'19.5";"NortFolk";"Продается";;"0";"'0.00";;"2026-07-17 14:48:06";"Одежда";"Куртка";"'22.75";"'4.6";"2";"0";"0";"0";"0";"49999,00";"49999,00";;"5%";;
"332580N21N 255/17 52";"5542405801";"5113949299";"2085303181616";"Куртка женская с утеплителем синтепух";"'15";"NortFolk";"Не продается";;"0";"'0.00";"Нет фото в карточке товара";"2026-07-17 14:48:06";"Одежда";"Куртка";"'22.75";"'4.6";"0";"0";"0";"0";"0";"49999,00";"49999,00";;"5%";;"Изображение: Нет фотографии товара. Вы можете поставлять товары без фото на склад, но покупатели не увидят товар на сайте. Для загрузки карточки на сайт добавьте фото товара по нашим правилам"
"332580N21N 05 50";"5542405802";"5113950800";"2085303181364";"Куртка женская с утеплителем синтепух";"'15";"NortFolk";"Не продается";;"0";"'0.00";"Нет фото в карточке товара";"2026-07-17 14:48:06";"Одежда";"Куртка";"'22.75";"'4.6";"0";"0";"0";"0";"0";"49999,00";"49999,00";;"5%";;"Изображение: Нет фотографии товара. Вы можете поставлять товары без фото на склад, но покупатели не увидят товар на сайте. Для загрузки карточки на сайт добавьте фото товара по нашим правилам"
"831790Y22N 24-1 44";"5542405805";"5113950388";"2085303026122";"Куртка зимняя NortFolk на синтепоне с верблюжьей шерстью";"'27.5";"NortFolk";"Не продается";;"0";"'0.00";"Нет фото в карточке товара";"2026-07-17 14:48:06";"Одежда";"Куртка";"'22.75";"'4.6";"0";"0";"0";"0";"0";"49999,00";"49999,00";;"5%";;"Изображение: Нет фотографии товара. Вы можете поставлять товары без фото на склад, но покупатели не увидят товар на сайте. Для загрузки карточки на сайт добавьте фото товара по нашим правилам"
"302580Y15N 260 50";"5542405806";"5113950970";"2085303198553";"Куртка женская на синтепоне";"'7.5";"NortFolk";"Не продается";;"0";"'0.00";"Нет фото в карточке товара";"2026-07-17 14:48:06";"Одежда";"Куртка";"'22.75";"'4.6";"0";"0";"0";"0";"0";"49999,00";"49999,00";;"5%";;"Изображение: Нет фотографии товара. Вы можете поставлять товары без фото на склад, но покупатели не увидят товар на сайте. Для загрузки карточки на сайт добавьте фото товара по нашим правилам"
"682581F21N 100 58";"5542405807";"5113950796";"2085303168662";"Куртка мужская с утеплителем синтепух";"'19.5";"NortFolk";"Продается";;"0";"'0.00";;"2026-07-17 14:48:06";"Одежда";"Куртка";"'22.75";"'4.6";"2";"0";"0";"0";"0";"49999,00";"49999,00";;"5%";;
"831790Y22N 24-1 58";"5542405808";"5113949182";"2085303026191";"Куртка зимняя NortFolk на синтепоне с верблюжьей шерстью";"'27.5";"NortFolk";"Не продается";;"0";"'0.00";"Нет фото в карточке товара";"2026-07-17 14:48:06";"Одежда";"Куртка";"'22.75";"'4.6";"0";"0";"0";"0";"0";"49999,00";"49999,00";;"5%";;"Изображение: Нет фотографии товара. Вы можете поставлять товары без фото на склад, но покупатели не увидят товар на сайте. Для загрузки карточки на сайт добавьте фото товара по нашим правилам"
"310580Y21N 25 48";"5542405809";"5113950812";"2085303197600";"Куртка женская с утеплителем синтепух";"'15";"NortFolk";"Не продается";;"0";"'0.00";"Нет фото в карточке товара";"2026-07-17 14:48:06";"Одежда";"Куртка";"'22.75";"'4.6";"0";"0";"0";"0";"0";"49999,00";"49999,00";;"5%";;"Изображение: Нет фотографии товара. Вы можете поставлять товары без фото на склад, но покупатели не увидят товар на сайте. Для загрузки карточки на сайт добавьте фото товара по нашим правилам"
"310580Y21N 25 54";"5542405810";"5113952267";"2085303197631";"Куртка женская с утеплителем синтепух";"'15";"NortFolk";"Не продается";;"0";"'0.00";"Нет фото в карточке товара";"2026-07-17 14:48:06";"Одежда";"Куртка";"'22.75";"'4.6";"0";"0";"0";"0";"0";"49999,00";"49999,00";;"5%";;"Изображение: Нет фотографии товара. Вы можете поставлять товары без фото на склад, но покупатели не увидят товар на сайте. Для загрузки карточки на сайт добавьте фото товара по нашим правилам"
"332580N21N 255/17 56";"5542405811";"5113948771";"2085303181630";"Куртка женская с утеплителем синтепух";"'15";"NortFolk";"Не продается";;"0";"'0.00";"Нет фото в карточке товара";"2026-07-17 14:48:06";"Одежда";"Куртка";"'22.75";"'4.6";"0";"0";"0";"0";"0";"49999,00";"49999,00";;"5%";;"Изображение: Нет фотографии товара. Вы можете поставлять товары без фото на склад, но покупатели не увидят товар на сайте. Для загрузки карточки на сайт добавьте фото товара по нашим правилам"
"332580N21N 98 46";"5542405813";"5113949696";"2085303181265";"Куртка женская с утеплителем синтепух";"'15";"NortFolk";"Не продается";;"0";"'0.00";"Нет фото в карточке товара";"2026-07-17 14:48:06";"Одежда";"Куртка";"'22.75";"'4.6";"0";"0";"0";"0";"0";"49999,00";"49999,00";;"5%";;"Изображение: Нет фотографии товара. Вы можете поставлять товары без фото на склад, но покупатели не увидят товар на сайте. Для загрузки карточки на сайт добавьте фото товара по нашим правилам"
"433590Y21NB 18/18 70";"5542405814";"5113952295";"2085302762922";"Куртка женская с утеплителем синтепух";"'15";"NortFolk";"Не продается";;"0";"'0.00";"Нет фото в карточке товара";"2026-07-17 14:48:06";"Одежда";"Куртка";"'22.75";"'4.6";"0";"0";"0";"0";"0";"49999,00";"49999,00";;"5%";;"Изображение: Нет фотографии товара. Вы можете поставлять товары без фото на склад, но покупатели не увидят товар на сайте. Для загрузки карточки на сайт добавьте фото товара по нашим правилам"
"302580Y15N 98 54";"5542405816";"5113950456";"2085303198492";"Куртка женская на синтепоне";"'7.5";"NortFolk";"Не продается";;"0";"'0.00";"Нет фото в карточке товара";"2026-07-17 14:48:06";"Одежда";"Куртка";"'22.75";"'4.6";"0";"0";"0";"0";"0";"49999,00";"49999,00";;"5%";;"Изображение: Нет фотографии товара. Вы можете поставлять товары без фото на склад, но покупатели не увидят товар на сайте. Для загрузки карточки на сайт добавьте фото товара по нашим правилам"
"302580Y15N 260 54";"5542405817";"5113952493";"2085303198577";"Куртка женская на синтепоне";"'7.5";"NortFolk";"Не продается";;"0";"'0.00";"Нет фото в карточке товара";"2026-07-17 14:48:06";"Одежда";"Куртка";"'22.75";"'4.6";"0";"0";"0";"0";"0";"49999,00";"49999,00";;"5%";;"Изображение: Нет фотографии товара. Вы можете поставлять товары без фото на склад, но покупатели не увидят товар на сайте. Для загрузки карточки на сайт добавьте фото товара по нашим правилам"
"310580Y21N 67 46";"5542405818";"5113948773";"2085303197754";"Куртка женская с утеплителем синтепух";"'15";"NortFolk";"Не продается";;"0";"'0.00";"Нет фото в карточке товара";"2026-07-17 14:48:06";"Одежда";"Куртка";"'22.75";"'4.6";"0";"0";"0";"0";"0";"49999,00";"49999,00";;"5%";;"Изображение: Нет фотографии товара. Вы можете поставлять товары без фото на склад, но покупатели не увидят товар на сайте. Для загрузки карточки на сайт добавьте фото товара по нашим правилам"
"310580Y21N 260 58";"5542405819";"5113949843";"2085303197891";"Куртка женская с утеплителем синтепух";"'15";"NortFolk";"Не продается";;"0";"'0.00";"Нет фото в карточке товара";"2026-07-17 14:48:06";"Одежда";"Куртка";"'22.75";"'4.6";"0";"0";"0";"0";"0";"49999,00";"49999,00";;"5%";;"Изображение: Нет фотографии товара. Вы можете поставлять товары без фото на склад, но покупатели не увидят товар на сайте. Для загрузки карточки на сайт добавьте фото товара по нашим правилам"
"310580Y21NB 25 66";"5542405821";"5113952491";"2085303197990";"Куртка женская с утеплителем синтепух";"'15";"NortFolk";"Не продается";;"0";"'0.00";"Нет фото в карточке товара";"2026-07-17 14:48:06";"Одежда";"Куртка";"'22.75";"'4.6";"0";"0";"0";"0";"0";"49999,00";"49999,00";;"5%";;"Изображение: Нет фотографии товара. Вы можете поставлять товары без фото на склад, но покупатели не увидят товар на сайте. Для загрузки карточки на сайт добавьте фото товара по нашим правилам"
"211160Y21N 22 52";"5542405822";"5113949242";"2085303112283";"Куртка женская с утеплителем синтепух";"'15";"NortFolk";"Не продается";;"0";"'0.00";"Нет фото в карточке товара";"2026-07-17 14:48:06";"Одежда";"Куртка";"'22.75";"'4.6";"0";"0";"0";"0";"0";"49999,00";"49999,00";;"5%";;"Изображение: Нет фотографии товара. Вы можете поставлять товары без фото на склад, но покупатели не увидят товар на сайте. Для загрузки карточки на сайт добавьте фото товара по нашим правилам"
"302580Y15N 98 52";"5542405823";"5113952356";"2085303198485";"Куртка женская на синтепоне";"'7.5";"NortFolk";"Не продается";;"0";"'0.00";"Нет фото в карточке товара";"2026-07-17 14:48:06";"Одежда";"Куртка";"'22.75";"'4.6";"0";"0";"0";"0";"0";"49999,00";"49999,00";;"5%";;"Изображение: Нет фотографии товара. Вы можете поставлять товары без фото на склад, но покупатели не увидят товар на сайте. Для загрузки карточки на сайт добавьте фото товара по нашим правилам"
"231160Y21N 98 52";"5542405824";"5113953362";"2085303165609";"Куртка женская с утеплителем синтепух";"'15";"NortFolk";"Не продается";;"0";"'0.00";"Нет фото в карточке товара";"2026-07-17 14:48:06";"Одежда";"Куртка";"'22.75";"'4.6";"0";"0";"0";"0";"0";"49999,00";"49999,00";;"5%";;"Изображение: Нет фотографии товара. Вы можете поставлять товары без фото на склад, но покупатели не увидят товар на сайте. Для загрузки карточки на сайт добавьте фото товара по нашим правилам"
"310580Y21NB 260 70";"5542405826";"5113949290";"2085303198195";"Куртка женская с утеплителем синтепух";"'15";"NortFolk";"Не продается";;"0";"'0.00";"Нет фото в карточке товара";"2026-07-17 14:48:06";"Одежда";"Куртка";"'22.75";"'4.6";"0";"0";"0";"0";"0";"49999,00";"49999,00";;"5%";;"Изображение: Нет фотографии товара. Вы можете поставлять товары без фото на склад, но покупатели не увидят товар на сайте. Для загрузки карточки на сайт добавьте фото товара по нашим правилам"
"310580Y21N 67 58";"5542405827";"5113950679";"2085303197815";"Куртка женская с утеплителем синтепух";"'15";"NortFolk";"Не продается";;"0";"'0.00";"Нет фото в карточке товара";"2026-07-17 14:48:06";"Одежда";"Куртка";"'22.75";"'4.6";"0";"0";"0";"0";"0";"49999,00";"49999,00";;"5%";;"Изображение: Нет фотографии товара. Вы можете поставлять товары без фото на склад, но покупатели не увидят товар на сайте. Для загрузки карточки на сайт добавьте фото товара по нашим правилам"
"332580N21N 67 54";"5542405828";"5113949488";"2085303181548";"Куртка женская с утеплителем синтепух";"'15";"NortFolk";"Не продается";;"0";"'0.00";"Нет фото в карточке товара";"2026-07-17 14:48:06";"Одежда";"Куртка";"'22.75";"'4.6";"0";"0";"0";"0";"0";"49999,00";"49999,00";;"5%";;"Изображение: Нет фотографии товара. Вы можете поставлять товары без фото на склад, но покупатели не увидят товар на сайте. Для загрузки карточки на сайт добавьте фото товара по нашим правилам"
"310580Y21N FS 52";"5542405829";"5113951153";"2085303197549";"Куртка женская с утеплителем синтепух";"'15";"NortFolk";"Не продается";;"0";"'0.00";"Нет фото в карточке товара";"2026-07-17 14:48:06";"Одежда";"Куртка";"'22.75";"'4.6";"0";"0";"0";"0";"0";"49999,00";"49999,00";;"5%";;"Изображение: Нет фотографии товара. Вы можете поставлять товары без фото на склад, но покупатели не увидят товар на сайте. Для загрузки карточки на сайт добавьте фото товара по нашим правилам"
"626280Y20N 14 52";"5542405830";"5113950133";"2085302852456";"Куртка женская на синтепоне";"'15";"NortFolk";"Не продается";;"0";"'0.00";"Нет фото в карточке товара";"2026-07-17 14:48:06";"Одежда";"Куртка";"'22.75";"'4.6";"0";"0";"0";"0";"0";"49999,00";"49999,00";;"5%";;"Изображение: Нет фотографии товара. Вы можете поставлять товары без фото на склад, но покупатели не увидят товар на сайте. Для загрузки карточки на сайт добавьте фото товара по нашим правилам"
"310580Y21N 67 54";"5542405832";"5113950293";"2085303197792";"Куртка женская с утеплителем синтепух";"'15";"NortFolk";"Не продается";;"0";"'0.00";"Нет фото в карточке товара";"2026-07-17 14:48:06";"Одежда";"Куртка";"'22.75";"'4.6";"0";"0";"0";"0";"0";"49999,00";"49999,00";;"5%";;"Изображение: Нет фотографии товара. Вы можете поставлять товары без фото на склад, но покупатели не увидят товар на сайте. Для загрузки карточки на сайт добавьте фото товара по нашим правилам"
"302580Y15N 98 46";"5542405838";"5113950249";"2085303198454";"Куртка женская на синтепоне";"'7.5";"NortFolk";"Не продается";;"0";"'0.00";"Нет фото в карточке товара";"2026-07-17 14:48:07";"Одежда";"Куртка";"'22.75";"'4.6";"0";"0";"0";"0";"0";"49999,00";"49999,00";;"5%";;"Изображение: Нет фотографии товара. Вы можете поставлять товары без фото на склад, но покупатели не увидят товар на сайте. Для загрузки карточки на сайт добавьте фото товара по нашим правилам"
"SU19757 BF2 58";"5542405839";"5113951855";"2085302918435";"Куртка мужская с утеплителем синтепух";"'7.5";"Shark Force";"Не продается";;"0";"'0.00";"Нет фото в карточке товара";"2026-07-17 14:48:07";"Одежда";"Куртка";"'22.75";"'4.6";"0";"0";"0";"0";"0";"49999,00";"49999,00";;"5%";;"Изображение: Нет фотографии товара. Вы можете поставлять товары без фото на склад, но покупатели не увидят товар на сайте. Для загрузки карточки на сайт добавьте фото товара по нашим правилам"
"332580N21N 05 52";"5542405840";"5113951963";"2085303181371";"Куртка женская с утеплителем синтепух";"'15";"NortFolk";"Не продается";;"0";"'0.00";"Нет фото в карточке товара";"2026-07-17 14:48:07";"Одежда";"Куртка";"'22.75";"'4.6";"0";"0";"0";"0";"0";"49999,00";"49999,00";;"5%";;"Изображение: Нет фотографии товара. Вы можете поставлять товары без фото на склад, но покупатели не увидят товар на сайте. Для загрузки карточки на сайт добавьте фото товара по нашим правилам"
"831790Y22N 21 48";"5542405841";"5113952190";"2085303026382";"Куртка зимняя NortFolk на синтепоне с верблюжьей шерстью";"'27.5";"NortFolk";"Не продается";;"0";"'0.00";"Нет фото в карточке товара";"2026-07-17 14:48:07";"Одежда";"Куртка";"'22.75";"'4.6";"0";"0";"0";"0";"0";"49999,00";"49999,00";;"5%";;"Изображение: Нет фотографии товара. Вы можете поставлять товары без фото на склад, но покупатели не увидят товар на сайте. Для загрузки карточки на сайт добавьте фото товара по нашим правилам"
"682581F21N 80 56";"5542405842";"5113949329";"2085303168792";"Куртка мужская с утеплителем синтепух";"'37.5";"NortFolk";"Продается";;"0";"'0.00";;"2026-07-17 14:48:07";"Одежда";"Куртка";"'22.75";"'4.6";"3";"0";"0";"0";"0";"49999,00";"49999,00";;"5%";;
"211160Y21N 22 50";"5542405843";"5113950909";"2085303112276";"Куртка женская с утеплителем синтепух";"'15";"NortFolk";"Не продается";;"0";"'0.00";"Нет фото в карточке товара";"2026-07-17 14:48:07";"Одежда";"Куртка";"'22.75";"'4.6";"0";"0";"0";"0";"0";"49999,00";"49999,00";;"5%";;"Изображение: Нет фотографии товара. Вы можете поставлять товары без фото на склад, но покупатели не увидят товар на сайте. Для загрузки карточки на сайт добавьте фото товара по нашим правилам"
"302580Y15N 25 50";"5542405844";"5113951065";"2085303198393";"Куртка женская на синтепоне";"'7.5";"NortFolk";"Не продается";;"0";"'0.00";"Нет фото в карточке товара";"2026-07-17 14:48:07";"Одежда";"Куртка";"'22.75";"'4.6";"0";"0";"0";"0";"0";"49999,00";"49999,00";;"5%";;"Изображение: Нет фотографии товара. Вы можете поставлять товары без фото на склад, но покупатели не увидят товар на сайте. Для загрузки карточки на сайт добавьте фото товара по нашим правилам"
"682581F21N 25 56";"5542405846";"5113953585";"2085303168723";"Парка мужская с натуральным мехом и утеплителем синтепух";"'37.5";"NortFolk";"Продается";;"0";"'0.00";;"2026-07-17 14:48:07";"Одежда";"Куртка";"'22.75";"'4.6";"3";"0";"0";"0";"0";"49999,00";"49999,00";;"5%";;
"302580Y15N 260 56";"5542405847";"5113949227";"2085303198584";"Куртка женская на синтепоне";"'7.5";"NortFolk";"Не продается";;"0";"'0.00";"Нет фото в карточке товара";"2026-07-17 14:48:07";"Одежда";"Куртка";"'22.75";"'4.6";"0";"0";"0";"0";"0";"49999,00";"49999,00";;"5%";;"Изображение: Нет фотографии товара. Вы можете поставлять товары без фото на склад, но покупатели не увидят товар на сайте. Для загрузки карточки на сайт добавьте фото товара по нашим правилам"
"737951N10CB 90 70";"5542405848";"5113952421";"2085302783033";"Куртка мужская на тонком синтепоне";"'15";"NortFolk";"Не продается";;"0";"'0.00";"Нет фото в карточке товара";"2026-07-17 14:48:07";"Одежда";"Куртка";"'22.75";"'4.6";"0";"0";"0";"0";"0";"49999,00";"49999,00";;"5%";;"Изображение: Нет фотографии товара. Вы можете поставлять товары без фото на склад, но покупатели не увидят товар на сайте. Для загрузки карточки на сайт добавьте фото товара по нашим правилам"
"682581F21N 25 52";"5542405849";"5113952219";"2085303168709";"Парка мужская с натуральным мехом и утеплителем синтепух";"'37.5";"NortFolk";"Продается";;"0";"'0.00";;"2026-07-17 14:48:07";"Одежда";"Куртка";"'22.75";"'4.6";"5";"0";"0";"0";"0";"49999,00";"49999,00";;"5%";;
"724D928U MG0156 48";"5542405850";"5113953883";"2085303211641";"Куртка мужская с утеплителем синтепух";"'12";"Shark Force";"Продается";;"0";"'0.00";;"2026-07-17 14:48:07";"Одежда";"Куртка";"'22.75";"'4.6";"2";"0";"0";"0";"0";"39950,00";"49999,00";;"5%";;
"682581F21N 99 56";"5542405852";"5113951197";"2085303168860";"Куртка мужская с утеплителем синтепух";"'19.5";"NortFolk";"Продается";;"0";"'0.00";;"2026-07-17 14:48:07";"Одежда";"Куртка";"'22.75";"'4.6";"3";"0";"0";"0";"0";"49999,00";"49999,00";;"5%";;
"231160Y21N 21 48";"5542405854";"5113952389";"2085303165661";"Куртка женская с утеплителем синтепух";"'15";"NortFolk";"Не продается";;"0";"'0.00";"Нет фото в карточке товара";"2026-07-17 14:48:07";"Одежда";"Куртка";"'22.75";"'4.6";"0";"0";"0";"0";"0";"49999,00";"49999,00";;"5%";;"Изображение: Нет фотографии товара. Вы можете поставлять товары без фото на склад, но покупатели не увидят товар на сайте. Для загрузки карточки на сайт добавьте фото товара по нашим правилам"
"724D928U MG042 50";"5542405855";"5113949367";"2085303211597";"Куртка мужская с утеплителем синтепух";"'12";"Shark Force";"Продается";;"0";"'0.00";;"2026-07-17 14:48:07";"Одежда";"Куртка";"'22.75";"'4.6";"3";"0";"0";"0";"0";"39950,00";"49999,00";;"5%";;
"831790Y22N 21 58";"5542405856";"5113949876";"2085303026436";"Куртка зимняя NortFolk на синтепоне с верблюжьей шерстью";"'27.5";"NortFolk";"Не продается";;"0";"'0.00";"Нет фото в карточке товара";"2026-07-17 14:48:07";"Одежда";"Куртка";"'22.75";"'4.6";"0";"0";"0";"0";"0";"49999,00";"49999,00";;"5%";;"Изображение: Нет фотографии товара. Вы можете поставлять товары без фото на склад, но покупатели не увидят товар на сайте. Для загрузки карточки на сайт добавьте фото товара по нашим правилам"
"SU19757 BF28 48";"5542405857";"5113951903";"2085302833011";"Куртка мужская с утеплителем синтепух";"'7.5";"Shark Force";"Не продается";;"0";"'0.00";"Нет фото в карточке товара";"2026-07-17 14:48:07";"Одежда";"Куртка";"'22.75";"'4.6";"0";"0";"0";"0";"0";"49999,00";"49999,00";;"5%";;"Изображение: Нет фотографии товара. Вы можете поставлять товары без фото на склад, но покупатели не увидят товар на сайте. Для загрузки карточки на сайт добавьте фото товара по нашим правилам"
"724D928U MG01 58";"5542405858";"5113949868";"2085303211573";"Куртка мужская с утеплителем синтепух";"'21";"Shark Force";"Продается";;"0";"'0.00";;"2026-07-17 14:48:07";"Одежда";"Куртка";"'22.75";"'4.6";"2";"0";"0";"0";"0";"39950,00";"49999,00";;"5%";;
"433590Y21NB 18/18 64";"5542405860";"5113952225";"2085302762892";"Куртка женская с утеплителем синтепух";"'15";"NortFolk";"Не продается";;"0";"'0.00";"Нет фото в карточке товара";"2026-07-17 14:48:07";"Одежда";"Куртка";"'22.75";"'4.6";"0";"0";"0";"0";"0";"49999,00";"49999,00";;"5%";;"Изображение: Нет фотографии товара. Вы можете поставлять товары без фото на склад, но покупатели не увидят товар на сайте. Для загрузки карточки на сайт добавьте фото товара по нашим правилам"
"SU19757 BF151 58";"5542405861";"5113949385";"2085302918428";"Куртка мужская с утеплителем синтепух";"'7.5";"Shark Force";"Не продается";;"0";"'0.00";"Нет фото в карточке товара";"2026-07-17 14:48:07";"Одежда";"Куртка";"'22.75";"'4.6";"0";"0";"0";"0";"0";"49999,00";"49999,00";;"5%";;"Изображение: Нет фотографии товара. Вы можете поставлять товары без фото на склад, но покупатели не увидят товар на сайте. Для загрузки карточки на сайт добавьте фото товара по нашим правилам"
"682581F21N 25 54";"5542405863";"5113949108";"2085303168716";"Парка мужская с натуральным мехом и утеплителем синтепух";"'37.5";"NortFolk";"Продается";;"0";"'0.00";;"2026-07-17 14:48:07";"Одежда";"Куртка";"'22.75";"'4.6";"4";"0";"0";"0";"0";"49999,00";"49999,00";;"5%";;
"737951N10CB 90 66";"5542405864";"5113950632";"2085302783019";"Куртка мужская на тонком синтепоне";"'15";"NortFolk";"Не продается";;"0";"'0.00";"Нет фото в карточке товара";"2026-07-17 14:48:07";"Одежда";"Куртка";"'22.75";"'4.6";"0";"0";"0";"0";"0";"49999,00";"49999,00";;"5%";;"Изображение: Нет фотографии товара. Вы можете поставлять товары без фото на склад, но покупатели не увидят товар на сайте. Для загрузки карточки на сайт добавьте фото товара по нашим правилам"
"SU19757 BF11 48";"5542405866";"5113953325";"2085302833219";"Куртка мужская с утеплителем синтепух";"'7.5";"Shark Force";"Не продается";;"0";"'0.00";"Нет фото в карточке товара";"2026-07-17 14:48:07";"Одежда";"Куртка";"'22.75";"'4.6";"0";"0";"0";"0";"0";"49999,00";"49999,00";;"5%";;"Изображение: Нет фотографии товара. Вы можете поставлять товары без фото на склад, но покупатели не увидят товар на сайте. Для загрузки карточки на сайт добавьте фото товара по нашим правилам"
"682581F21N 99 58";"5542405867";"5113949624";"2085303168877";"Куртка мужская с утеплителем синтепух";"'19.5";"NortFolk";"Продается";;"0";"'0.00";;"2026-07-17 14:48:07";"Одежда";"Куртка";"'22.75";"'4.6";"2";"0";"0";"0";"0";"49999,00";"49999,00";;"5%";;
"SU19757 BF11 50";"5542405869";"5113950635";"2085302833226";"Куртка мужская с утеплителем синтепух";"'7.5";"Shark Force";"Не продается";;"0";"'0.00";"Нет фото в карточке товара";"2026-07-17 14:48:07";"Одежда";"Куртка";"'22.75";"'4.6";"0";"0";"0";"0";"0";"49999,00";"49999,00";;"5%";;"Изображение: Нет фотографии товара. Вы можете поставлять товары без фото на склад, но покупатели не увидят товар на сайте. Для загрузки карточки на сайт добавьте фото товара по нашим правилам"
"SU19757 BF14 44";"5542405870";"5113949201";"2085302833066";"Куртка мужская с утеплителем синтепух";"'7.5";"Shark Force";"Не продается";;"0";"'0.00";"Нет фото в карточке товара";"2026-07-17 14:48:07";"Одежда";"Куртка";"'22.75";"'4.6";"0";"0";"0";"0";"0";"49999,00";"49999,00";;"5%";;"Изображение: Нет фотографии товара. Вы можете поставлять товары без фото на склад, но покупатели не увидят товар на сайте. Для загрузки карточки на сайт добавьте фото товара по нашим правилам"
"332580N21N 67 50";"5542405871";"5113953048";"2085303181524";"Куртка женская с утеплителем синтепух";"'15";"NortFolk";"Не продается";;"0";"'0.00";"Нет фото в карточке товара";"2026-07-17 14:48:07";"Одежда";"Куртка";"'22.75";"'4.6";"0";"0";"0";"0";"0";"49999,00";"49999,00";;"5%";;"Изображение: Нет фотографии товара. Вы можете поставлять товары без фото на склад, но покупатели не увидят товар на сайте. Для загрузки карточки на сайт добавьте фото товара по нашим правилам"
"332580N21N 255/100 58";"5542405872";"5113950831";"2085303181487";"Куртка женская с утеплителем синтепух";"'15";"NortFolk";"Не продается";;"0";"'0.00";"Нет фото в карточке товара";"2026-07-17 14:48:07";"Одежда";"Куртка";"'22.75";"'4.6";"0";"0";"0";"0";"0";"49999,00";"49999,00";;"5%";;"Изображение: Нет фотографии товара. Вы можете поставлять товары без фото на склад, но покупатели не увидят товар на сайте. Для загрузки карточки на сайт добавьте фото товара по нашим правилам"
"682581F21N 80 48";"5542405876";"5113949348";"2085303168754";"Куртка мужская с утеплителем синтепух";"'37.5";"NortFolk";"Продается";;"0";"'0.00";;"2026-07-17 14:48:07";"Одежда";"Куртка";"'22.75";"'4.6";"2";"0";"0";"0";"0";"49999,00";"49999,00";;"5%";;
"737951N10C 90 46";"5542405878";"5113950219";"2085302780568";"Куртка мужская на тонком синтепоне";"'15";"NortFolk";"Не продается";;"0";"'0.00";"Нет фото в карточке товара";"2026-07-17 14:48:07";"Одежда";"Куртка";"'22.75";"'4.6";"0";"0";"0";"0";"0";"49999,00";"49999,00";;"5%";;"Изображение: Нет фотографии товара. Вы можете поставлять товары без фото на склад, но покупатели не увидят товар на сайте. Для загрузки карточки на сайт добавьте фото товара по нашим правилам"
"332580N21N 17 52";"5542405880";"5113949303";"2085303181692";"Куртка женская с утеплителем синтепух";"'15";"NortFolk";"Не продается";;"0";"'0.00";"Нет фото в карточке товара";"2026-07-17 14:48:07";"Одежда";"Куртка";"'22.75";"'4.6";"0";"0";"0";"0";"0";"49999,00";"49999,00";;"5%";;"Изображение: Нет фотографии товара. Вы можете поставлять товары без фото на склад, но покупатели не увидят товар на сайте. Для загрузки карточки на сайт добавьте фото товара по нашим правилам"
"SU19757 BF151 46";"5542405881";"5113949154";"2085302833325";"Куртка мужская с утеплителем синтепух";"'7.5";"Shark Force";"Не продается";;"0";"'0.00";"Нет фото в карточке товара";"2026-07-17 14:48:07";"Одежда";"Куртка";"'22.75";"'4.6";"0";"0";"0";"0";"0";"49999,00";"49999,00";;"5%";;"Изображение: Нет фотографии товара. Вы можете поставлять товары без фото на склад, но покупатели не увидят товар на сайте. Для загрузки карточки на сайт добавьте фото товара по нашим правилам"
"831790Y22N 21 50";"5542405882";"5113949722";"2085303026399";"Куртка зимняя NortFolk на синтепоне с верблюжьей шерстью";"'27.5";"NortFolk";"Не продается";;"0";"'0.00";"Нет фото в карточке товара";"2026-07-17 14:48:07";"Одежда";"Куртка";"'22.75";"'4.6";"0";"0";"0";"0";"0";"49999,00";"49999,00";;"5%";;"Изображение: Нет фотографии товара. Вы можете поставлять товары без фото на склад, но покупатели не увидят товар на сайте. Для загрузки карточки на сайт добавьте фото товара по нашим правилам"
"682581F21N 80 50";"5542405883";"5113950382";"2085303168761";"Куртка мужская с утеплителем синтепух";"'37.5";"NortFolk";"Продается";;"0";"'0.00";;"2026-07-17 14:48:07";"Одежда";"Куртка";"'22.75";"'4.6";"3";"0";"0";"0";"0";"49999,00";"49999,00";;"5%";;
"SU19757 BF2 48";"5542405888";"5113950252";"2085302833394";"Куртка мужская с утеплителем синтепух";"'7.5";"Shark Force";"Не продается";;"0";"'0.00";"Нет фото в карточке товара";"2026-07-17 14:48:07";"Одежда";"Куртка";"'22.75";"'4.6";"0";"0";"0";"0";"0";"49999,00";"49999,00";;"5%";;"Изображение: Нет фотографии товара. Вы можете поставлять товары без фото на склад, но покупатели не увидят товар на сайте. Для загрузки карточки на сайт добавьте фото товара по нашим правилам"
"724D928U MG0156 58";"5542405890";"5113949408";"2085303211696";"Куртка мужская с утеплителем синтепух";"'12";"Shark Force";"Продается";;"0";"'0.00";;"2026-07-17 14:48:07";"Одежда";"Куртка";"'22.75";"'4.6";"2";"0";"0";"0";"0";"39950,00";"49999,00";;"5%";;
"SU19757 BF132 44";"5542405897";"5113949205";"2085302918299";"Куртка мужская с утеплителем синтепух";"'7.5";"Shark Force";"Не продается";;"0";"'0.00";"Нет фото в карточке товара";"2026-07-17 14:48:07";"Одежда";"Куртка";"'22.75";"'4.6";"0";"0";"0";"0";"0";"49999,00";"49999,00";;"5%";;"Изображение: Нет фотографии товара. Вы можете поставлять товары без фото на склад, но покупатели не увидят товар на сайте. Для загрузки карточки на сайт добавьте фото товара по нашим правилам"
"SU19757 BF28 46";"5542405899";"5113952194";"2085302833004";"Куртка мужская с утеплителем синтепух";"'7.5";"Shark Force";"Не продается";;"0";"'0.00";"Нет фото в карточке товара";"2026-07-17 14:48:07";"Одежда";"Куртка";"'22.75";"'4.6";"0";"0";"0";"0";"0";"49999,00";"49999,00";;"5%";;"Изображение: Нет фотографии товара. Вы можете поставлять товары без фото на склад, но покупатели не увидят товар на сайте. Для загрузки карточки на сайт добавьте фото товара по нашим правилам"
"682581F21N 80 54";"5542405901";"5113952410";"2085303168785";"Куртка мужская с утеплителем синтепух";"'37.5";"NortFolk";"Продается";;"0";"'0.00";;"2026-07-17 14:48:07";"Одежда";"Куртка";"'22.75";"'4.6";"3";"0";"0";"0";"0";"49999,00";"49999,00";;"5%";;
"310580Y21NB 99 70";"5542405902";"5113949173";"2085303198072";"Куртка женская с утеплителем синтепух";"'15";"NortFolk";"Не продается";;"0";"'0.00";"Нет фото в карточке товара";"2026-07-17 14:48:07";"Одежда";"Куртка";"'22.75";"'4.6";"0";"0";"0";"0";"0";"49999,00";"49999,00";;"5%";;"Изображение: Нет фотографии товара. Вы можете поставлять товары без фото на склад, но покупатели не увидят товар на сайте. Для загрузки карточки на сайт добавьте фото товара по нашим правилам"
"724D928U MG01 54";"5542405903";"5113951896";"2085303211559";"Куртка мужская с утеплителем синтепух";"'21";"Shark Force";"Продается";;"0";"'0.00";;"2026-07-17 14:48:07";"Одежда";"Куртка";"'22.75";"'4.6";"4";"0";"0";"0";"0";"39950,00";"49999,00";;"5%";;
"302580Y15N 225-1 56";"5542405905";"5113950167";"2085303198348";"Куртка женская на синтепоне";"'7.5";"NortFolk";"Не продается";;"0";"'0.00";"Нет фото в карточке товара";"2026-07-17 14:48:07";"Одежда";"Куртка";"'22.75";"'4.6";"0";"0";"0";"0";"0";"49999,00";"49999,00";;"5%";;"Изображение: Нет фотографии товара. Вы можете поставлять товары без фото на склад, но покупатели не увидят товар на сайте. Для загрузки карточки на сайт добавьте фото товара по нашим правилам"
"SU19757 BF3 54";"5542405907";"5113949018";"2085302833301";"Куртка мужская с утеплителем синтепух";"'7.5";"Shark Force";"Не продается";;"0";"'0.00";"Нет фото в карточке товара";"2026-07-17 14:48:07";"Одежда";"Куртка";"'22.75";"'4.6";"0";"0";"0";"0";"0";"49999,00";"49999,00";;"5%";;"Изображение: Нет фотографии товара. Вы можете поставлять товары без фото на склад, но покупатели не увидят товар на сайте. Для загрузки карточки на сайт добавьте фото товара по нашим правилам"
"310580Y21N 260 54";"5542405908";"5113950724";"2085303197877";"Куртка женская с утеплителем синтепух";"'15";"NortFolk";"Не продается";;"0";"'0.00";"Нет фото в карточке товара";"2026-07-17 14:48:07";"Одежда";"Куртка";"'22.75";"'4.6";"0";"0";"0";"0";"0";"49999,00";"49999,00";;"5%";;"Изображение: Нет фотографии товара. Вы можете поставлять товары без фото на склад, но покупатели не увидят товар на сайте. Для загрузки карточки на сайт добавьте фото товара по нашим правилам"
"332580N21N 255/100 54";"5542405911";"5113949184";"2085303181463";"Куртка женская с утеплителем синтепух";"'15";"NortFolk";"Не продается";;"0";"'0.00";"Нет фото в карточке товара";"2026-07-17 14:48:07";"Одежда";"Куртка";"'22.75";"'4.6";"0";"0";"0";"0";"0";"49999,00";"49999,00";;"5%";;"Изображение: Нет фотографии товара. Вы можете поставлять товары без фото на склад, но покупатели не увидят товар на сайте. Для загрузки карточки на сайт добавьте фото товара по нашим правилам"
"724D928U MG042 48";"5542405914";"5113953342";"2085303211580";"Куртка мужская с утеплителем синтепух";"'12";"Shark Force";"Продается";;"0";"'0.00";;"2026-07-17 14:48:07";"Одежда";"Куртка";"'22.75";"'4.6";"2";"0";"0";"0";"0";"39950,00";"49999,00";;"5%";;
"310580Y21N 99 46";"5542405915";"5113949689";"2085303197679";"Куртка женская с утеплителем синтепух";"'15";"NortFolk";"Не продается";;"0";"'0.00";"Нет фото в карточке товара";"2026-07-17 14:48:07";"Одежда";"Куртка";"'22.75";"'4.6";"0";"0";"0";"0";"0";"49999,00";"49999,00";;"5%";;"Изображение: Нет фотографии товара. Вы можете поставлять товары без фото на склад, но покупатели не увидят товар на сайте. Для загрузки карточки на сайт добавьте фото товара по нашим правилам"
"310580Y21NB 260 64";"5542405916";"5113952330";"2085303198164";"Куртка женская с утеплителем синтепух";"'15";"NortFolk";"Не продается";;"0";"'0.00";"Нет фото в карточке товара";"2026-07-17 14:48:07";"Одежда";"Куртка";"'22.75";"'4.6";"0";"0";"0";"0";"0";"49999,00";"49999,00";;"5%";;"Изображение: Нет фотографии товара. Вы можете поставлять товары без фото на склад, но покупатели не увидят товар на сайте. Для загрузки карточки на сайт добавьте фото товара по нашим правилам"
"724D928U MG0156 52";"5542405917";"5113949705";"2085303211665";"Куртка мужская с утеплителем синтепух";"'12";"Shark Force";"Продается";;"0";"'0.00";;"2026-07-17 14:48:07";"Одежда";"Куртка";"'22.75";"'4.6";"5";"0";"0";"0";"0";"39950,00";"49999,00";;"5%";;
"831790Y22N 24-1 52";"5542405918";"5113949743";"2085303026160";"Куртка зимняя NortFolk на синтепоне с верблюжьей шерстью";"'27.5";"NortFolk";"Не продается";;"0";"'0.00";"Нет фото в карточке товара";"2026-07-17 14:48:07";"Одежда";"Куртка";"'22.75";"'4.6";"0";"0";"0";"0";"0";"49999,00";"49999,00";;"5%";;"Изображение: Нет фотографии товара. Вы можете поставлять товары без фото на склад, но покупатели не увидят товар на сайте. Для загрузки карточки на сайт добавьте фото товара по нашим правилам"
"682581F21N 100 52";"5542405919";"5113951764";"2085303168631";"Куртка мужская с утеплителем синтепух";"'19.5";"NortFolk";"Продается";;"0";"'0.00";;"2026-07-17 14:48:07";"Одежда";"Куртка";"'22.75";"'4.6";"5";"0";"0";"0";"0";"49999,00";"49999,00";;"5%";;
"737951N10C 100 46";"5542405920";"5113952261";"2085302782838";"Куртка мужская на тонком синтепоне";"'15";"NortFolk";"Не продается";;"0";"'0.00";"Нет фото в карточке товара";"2026-07-17 14:48:07";"Одежда";"Куртка";"'22.75";"'4.6";"0";"0";"0";"0";"0";"49999,00";"49999,00";;"5%";;"Изображение: Нет фотографии товара. Вы можете поставлять товары без фото на склад, но покупатели не увидят товар на сайте. Для загрузки карточки на сайт добавьте фото товара по нашим правилам"
"310580Y21N 260 52";"5542405922";"5113952063";"2085303197860";"Куртка женская с утеплителем синтепух";"'15";"NortFolk";"Не продается";;"0";"'0.00";"Нет фото в карточке товара";"2026-07-17 14:48:07";"Одежда";"Куртка";"'22.75";"'4.6";"0";"0";"0";"0";"0";"49999,00";"49999,00";;"5%";;"Изображение: Нет фотографии товара. Вы можете поставлять товары без фото на склад, но покупатели не увидят товар на сайте. Для загрузки карточки на сайт добавьте фото товара по нашим правилам"
"332580N21N 05 58";"5542405923";"5113950270";"2085303181401";"Куртка женская с утеплителем синтепух";"'15";"NortFolk";"Не продается";;"0";"'0.00";"Нет фото в карточке товара";"2026-07-17 14:48:07";"Одежда";"Куртка";"'22.75";"'4.6";"0";"0";"0";"0";"0";"49999,00";"49999,00";;"5%";;"Изображение: Нет фотографии товара. Вы можете поставлять товары без фото на склад, но покупатели не увидят товар на сайте. Для загрузки карточки на сайт добавьте фото товара по нашим правилам"
"831790Y22N 21 52";"5542405924";"5113949193";"2085303026405";"Куртка зимняя NortFolk на синтепоне с верблюжьей шерстью";"'27.5";"NortFolk";"Не продается";;"0";"'0.00";"Нет фото в карточке товара";"2026-07-17 14:48:07";"Одежда";"Куртка";"'22.75";"'4.6";"0";"0";"0";"0";"0";"49999,00";"49999,00";;"5%";;"Изображение: Нет фотографии товара. Вы можете поставлять товары без фото на склад, но покупатели не увидят товар на сайте. Для загрузки карточки на сайт добавьте фото товара по нашим правилам"
"302580Y15N FS 52";"5542405925";"5113949626";"2085303198249";"Куртка женская на синтепоне";"'7.5";"NortFolk";"Не продается";;"0";"'0.00";"Нет фото в карточке товара";"2026-07-17 14:48:07";"Одежда";"Куртка";"'22.75";"'4.6";"0";"0";"0";"0";"0";"49999,00";"49999,00";;"5%";;"Изображение: Нет фотографии товара. Вы можете поставлять товары без фото на склад, но покупатели не увидят товар на сайте. Для загрузки карточки на сайт добавьте фото товара по нашим правилам"
"310580Y21NB 25 64";"5542405926";"5113952829";"2085303197983";"Куртка женская с утеплителем синтепух";"'15";"NortFolk";"Не продается";;"0";"'0.00";"Нет фото в карточке товара";"2026-07-17 14:48:07";"Одежда";"Куртка";"'22.75";"'4.6";"0";"0";"0";"0";"0";"49999,00";"49999,00";;"5%";;"Изображение: Нет фотографии товара. Вы можете поставлять товары без фото на склад, но покупатели не увидят товар на сайте. Для загрузки карточки на сайт добавьте фото товара по нашим правилам"
"626280Y20N 14 56";"5542405928";"5113950939";"2085302852470";"Куртка женская на синтепоне";"'15";"NortFolk";"Не продается";;"0";"'0.00";"Нет фото в карточке товара";"2026-07-17 14:48:07";"Одежда";"Куртка";"'22.75";"'4.6";"0";"0";"0";"0";"0";"49999,00";"49999,00";;"5%";;"Изображение: Нет фотографии товара. Вы можете поставлять товары без фото на склад, но покупатели не увидят товар на сайте. Для загрузки карточки на сайт добавьте фото товара по нашим правилам"
"SU19757 BF28 56";"5542405929";"5113950751";"2085302833059";"Куртка мужская с утеплителем синтепух";"'7.5";"Shark Force";"Не продается";;"0";"'0.00";"Нет фото в карточке товара";"2026-07-17 14:48:07";"Одежда";"Куртка";"'22.75";"'4.6";"0";"0";"0";"0";"0";"49999,00";"49999,00";;"5%";;"Изображение: Нет фотографии товара. Вы можете поставлять товары без фото на склад, но покупатели не увидят товар на сайте. Для загрузки карточки на сайт добавьте фото товара по нашим правилам"
"310580Y21N 260 48";"5542405930";"5113950227";"2085303197846";"Куртка женская с утеплителем синтепух";"'15";"NortFolk";"Не продается";;"0";"'0.00";"Нет фото в карточке товара";"2026-07-17 14:48:07";"Одежда";"Куртка";"'22.75";"'4.6";"0";"0";"0";"0";"0";"49999,00";"49999,00";;"5%";;"Изображение: Нет фотографии товара. Вы можете поставлять товары без фото на склад, но покупатели не увидят товар на сайте. Для загрузки карточки на сайт добавьте фото товара по нашим правилам"
"310580Y21NB 67 60";"5542405932";"5113949769";"2085303198089";"Куртка женская с утеплителем синтепух";"'15";"NortFolk";"Не продается";;"0";"'0.00";"Нет фото в карточке товара";"2026-07-17 14:48:07";"Одежда";"Куртка";"'22.75";"'4.6";"0";"0";"0";"0";"0";"49999,00";"49999,00";;"5%";;"Изображение: Нет фотографии товара. Вы можете поставлять товары без фото на склад, но покупатели не увидят товар на сайте. Для загрузки карточки на сайт добавьте фото товара по нашим правилам"
"SU19757 BF11 58";"5542405934";"5113951904";"2085302918411";"Куртка мужская с утеплителем синтепух";"'7.5";"Shark Force";"Не продается";;"0";"'0.00";"Нет фото в карточке товара";"2026-07-17 14:48:07";"Одежда";"Куртка";"'22.75";"'4.6";"0";"0";"0";"0";"0";"49999,00";"49999,00";;"5%";;"Изображение: Нет фотографии товара. Вы можете поставлять товары без фото на склад, но покупатели не увидят товар на сайте. Для загрузки карточки на сайт добавьте фото товара по нашим правилам"
"SU19757 BF3 48";"5542405938";"5113951071";"2085302833271";"Куртка мужская с утеплителем синтепух";"'7.5";"Shark Force";"Не продается";;"0";"'0.00";"Нет фото в карточке товара";"2026-07-17 14:48:07";"Одежда";"Куртка";"'22.75";"'4.6";"0";"0";"0";"0";"0";"49999,00";"49999,00";;"5%";;"Изображение: Нет фотографии товара. Вы можете поставлять товары без фото на склад, но покупатели не увидят товар на сайте. Для загрузки карточки на сайт добавьте фото товара по нашим правилам"
"332580N21N 255/17 46";"5542405940";"5113950402";"2085303181586";"Куртка женская с утеплителем синтепух";"'15";"NortFolk";"Не продается";;"0";"'0.00";"Нет фото в карточке товара";"2026-07-17 14:48:07";"Одежда";"Куртка";"'22.75";"'4.6";"0";"0";"0";"0";"0";"49999,00";"49999,00";;"5%";;"Изображение: Нет фотографии товара. Вы можете поставлять товары без фото на склад, но покупатели не увидят товар на сайте. Для загрузки карточки на сайт добавьте фото товара по нашим правилам"
"682581F21N 80 52";"5542405941";"5113952164";"2085303168778";"Куртка мужская с утеплителем синтепух";"'37.5";"NortFolk";"Продается";;"0";"'0.00";;"2026-07-17 14:48:07";"Одежда";"Куртка";"'22.75";"'4.6";"4";"0";"0";"0";"0";"49999,00";"49999,00";;"5%";;
"231160Y21N 98 46";"5542405943";"5113949364";"2085303165579";"Куртка женская с утеплителем синтепух";"'15";"NortFolk";"Не продается";;"0";"'0.00";"Нет фото в карточке товара";"2026-07-17 14:48:07";"Одежда";"Куртка";"'22.75";"'4.6";"0";"0";"0";"0";"0";"49999,00";"49999,00";;"5%";;"Изображение: Нет фотографии товара. Вы можете поставлять товары без фото на склад, но покупатели не увидят товар на сайте. Для загрузки карточки на сайт добавьте фото товара по нашим правилам"
"310580Y21NB 67 66";"5542405946";"5113949079";"2085303198119";"Куртка женская с утеплителем синтепух";"'15";"NortFolk";"Не продается";;"0";"'0.00";"Нет фото в карточке товара";"2026-07-17 14:48:07";"Одежда";"Куртка";"'22.75";"'4.6";"0";"0";"0";"0";"0";"49999,00";"49999,00";;"5%";;"Изображение: Нет фотографии товара. Вы можете поставлять товары без фото на склад, но покупатели не увидят товар на сайте. Для загрузки карточки на сайт добавьте фото товара по нашим правилам"
"433590Y21NB 18/18 62";"5542405947";"5113950830";"2085302762885";"Куртка женская с утеплителем синтепух";"'15";"NortFolk";"Не продается";;"0";"'0.00";"Нет фото в карточке товара";"2026-07-17 14:48:07";"Одежда";"Куртка";"'22.75";"'4.6";"0";"0";"0";"0";"0";"49999,00";"49999,00";;"5%";;"Изображение: Нет фотографии товара. Вы можете поставлять товары без фото на склад, но покупатели не увидят товар на сайте. Для загрузки карточки на сайт добавьте фото товара по нашим правилам"
"682581F21N 80 46";"5542405948";"5113952107";"2085303168747";"Куртка мужская с утеплителем синтепух";"'37.5";"NortFolk";"Готов к продаже";;"0";"'0.00";;"2026-07-17 14:48:07";"Одежда";"Куртка";"'22.75";"'4.6";"0";"0";"0";"0";"0";"49999,00";"49999,00";;"5%";;
"682581F21N 168 56";"5542405950";"5113952357";"2085303168921";"Куртка мужская с утеплителем синтепух";"'15";"NortFolk";"Не продается";;"0";"'0.00";"Нет фото в карточке товара";"2026-07-17 14:48:07";"Одежда";"Куртка";"'22.75";"'4.6";"0";"0";"0";"0";"0";"49999,00";"49999,00";;"5%";;"Изображение: Нет фотографии товара. Вы можете поставлять товары без фото на склад, но покупатели не увидят товар на сайте. Для загрузки карточки на сайт добавьте фото товара по нашим правилам"
"724D928U MG01 56";"5542405951";"5113949861";"2085303211566";"Куртка мужская с утеплителем синтепух";"'21";"Shark Force";"Продается";;"0";"'0.00";;"2026-07-17 14:48:07";"Одежда";"Куртка";"'22.75";"'4.6";"3";"0";"0";"0";"0";"39950,00";"49999,00";;"5%";;
"SU19757 BF3 56";"5542405953";"5113949475";"2085302833318";"Куртка мужская с утеплителем синтепух";"'7.5";"Shark Force";"Не продается";;"0";"'0.00";"Нет фото в карточке товара";"2026-07-17 14:48:07";"Одежда";"Куртка";"'22.75";"'4.6";"0";"0";"0";"0";"0";"49999,00";"49999,00";;"5%";;"Изображение: Нет фотографии товара. Вы можете поставлять товары без фото на склад, но покупатели не увидят товар на сайте. Для загрузки карточки на сайт добавьте фото товара по нашим правилам"
"332580N21N 17 48";"5542405954";"5113953028";"2085303181678";"Куртка женская с утеплителем синтепух";"'15";"NortFolk";"Не продается";;"0";"'0.00";"Нет фото в карточке товара";"2026-07-17 14:48:07";"Одежда";"Куртка";"'22.75";"'4.6";"0";"0";"0";"0";"0";"49999,00";"49999,00";;"5%";;"Изображение: Нет фотографии товара. Вы можете поставлять товары без фото на склад, но покупатели не увидят товар на сайте. Для загрузки карточки на сайт добавьте фото товара по нашим правилам"
"682581F21N 168 58";"5542405957";"5113951908";"2085303168938";"Куртка мужская с утеплителем синтепух";"'15";"NortFolk";"Не продается";;"0";"'0.00";"Нет фото в карточке товара";"2026-07-17 14:48:07";"Одежда";"Куртка";"'22.75";"'4.6";"0";"0";"0";"0";"0";"49999,00";"49999,00";;"5%";;"Изображение: Нет фотографии товара. Вы можете поставлять товары без фото на склад, но покупатели не увидят товар на сайте. Для загрузки карточки на сайт добавьте фото товара по нашим правилам"
"831790Y22N 21 54";"5542405958";"5113952165";"2085303026412";"Куртка зимняя NortFolk на синтепоне с верблюжьей шерстью";"'27.5";"NortFolk";"Не продается";;"0";"'0.00";"Нет фото в карточке товара";"2026-07-17 14:48:07";"Одежда";"Куртка";"'22.75";"'4.6";"0";"0";"0";"0";"0";"49999,00";"49999,00";;"5%";;"Изображение: Нет фотографии товара. Вы можете поставлять товары без фото на склад, но покупатели не увидят товар на сайте. Для загрузки карточки на сайт добавьте фото товара по нашим правилам"
"626280Y20N 14 48";"5542405959";"5113950424";"2085302852432";"Куртка женская на синтепоне";"'15";"NortFolk";"Не продается";;"0";"'0.00";"Нет фото в карточке товара";"2026-07-17 14:48:07";"Одежда";"Куртка";"'22.75";"'4.6";"0";"0";"0";"0";"0";"49999,00";"49999,00";;"5%";;"Изображение: Нет фотографии товара. Вы можете поставлять товары без фото на склад, но покупатели не увидят товар на сайте. Для загрузки карточки на сайт добавьте фото товара по нашим правилам"
"682581F21N 168 48";"5542405961";"5113951052";"2085303168884";"Куртка мужская с утеплителем синтепух";"'15";"NortFolk";"Не продается";;"0";"'0.00";"Нет фото в карточке товара";"2026-07-17 14:48:07";"Одежда";"Куртка";"'22.75";"'4.6";"0";"0";"0";"0";"0";"49999,00";"49999,00";;"5%";;"Изображение: Нет фотографии товара. Вы можете поставлять товары без фото на склад, но покупатели не увидят товар на сайте. Для загрузки карточки на сайт добавьте фото товара по нашим правилам"
"626280Y20N 14 44";"5542405962";"5113949090";"2085302852418";"Куртка женская на синтепоне";"'15";"NortFolk";"Не продается";;"0";"'0.00";"Нет фото в карточке товара";"2026-07-17 14:48:07";"Одежда";"Куртка";"'22.75";"'4.6";"0";"0";"0";"0";"0";"49999,00";"49999,00";;"5%";;"Изображение: Нет фотографии товара. Вы можете поставлять товары без фото на склад, но покупатели не увидят товар на сайте. Для загрузки карточки на сайт добавьте фото товара по нашим правилам"
"310580Y21NB FS 62";"5542405963";"5113949522";"2085303197914";"Куртка женская с утеплителем синтепух";"'15";"NortFolk";"Не продается";;"0";"'0.00";"Нет фото в карточке товара";"2026-07-17 14:48:07";"Одежда";"Куртка";"'22.75";"'4.6";"0";"0";"0";"0";"0";"49999,00";"49999,00";;"5%";;"Изображение: Нет фотографии товара. Вы можете поставлять товары без фото на склад, но покупатели не увидят товар на сайте. Для загрузки карточки на сайт добавьте фото товара по нашим правилам"
"737951N10CB 90 68";"5542405964";"5113949415";"2085302783026";"Куртка мужская на тонком синтепоне";"'15";"NortFolk";"Не продается";;"0";"'0.00";"Нет фото в карточке товара";"2026-07-17 14:48:07";"Одежда";"Куртка";"'22.75";"'4.6";"0";"0";"0";"0";"0";"49999,00";"49999,00";;"5%";;"Изображение: Нет фотографии товара. Вы можете поставлять товары без фото на склад, но покупатели не увидят товар на сайте. Для загрузки карточки на сайт добавьте фото товара по нашим правилам"
"831790Y22N 21 46";"5542405969";"5113950230";"2085303026375";"Куртка зимняя NortFolk на синтепоне с верблюжьей шерстью";"'27.5";"NortFolk";"Не продается";;"0";"'0.00";"Нет фото в карточке товара";"2026-07-17 14:48:07";"Одежда";"Куртка";"'22.75";"'4.6";"0";"0";"0";"0";"0";"49999,00";"49999,00";;"5%";;"Изображение: Нет фотографии товара. Вы можете поставлять товары без фото на склад, но покупатели не увидят товар на сайте. Для загрузки карточки на сайт добавьте фото товара по нашим правилам"
"SU19757 BF28 58";"5542405970";"5113949331";"2085303000795";"Куртка мужская с утеплителем синтепух";"'7.5";"Shark Force";"Не продается";;"0";"'0.00";"Нет фото в карточке товара";"2026-07-17 14:48:07";"Одежда";"Куртка";"'22.75";"'4.6";"0";"0";"0";"0";"0";"49999,00";"49999,00";;"5%";;"Изображение: Нет фотографии товара. Вы можете поставлять товары без фото на склад, но покупатели не увидят товар на сайте. Для загрузки карточки на сайт добавьте фото товара по нашим правилам"
"433590Y21NB 36/21 64";"5542405971";"5113950524";"2085303091809";"Куртка женская с утеплителем синтепух";"'15";"NortFolk";"Не продается";;"0";"'0.00";"Нет фото в карточке товара";"2026-07-17 14:48:07";"Одежда";"Куртка";"'22.75";"'4.6";"0";"0";"0";"0";"0";"49999,00";"49999,00";;"5%";;"Изображение: Нет фотографии товара. Вы можете поставлять товары без фото на склад, но покупатели не увидят товар на сайте. Для загрузки карточки на сайт добавьте фото товара по нашим правилам"
"SU19757 BF2 56";"5542405972";"5113949844";"2085302833431";"Куртка мужская с утеплителем синтепух";"'7.5";"Shark Force";"Не продается";;"0";"'0.00";"Нет фото в карточке товара";"2026-07-17 14:48:07";"Одежда";"Куртка";"'22.75";"'4.6";"0";"0";"0";"0";"0";"49999,00";"49999,00";;"5%";;"Изображение: Нет фотографии товара. Вы можете поставлять товары без фото на склад, но покупатели не увидят товар на сайте. Для загрузки карточки на сайт добавьте фото товара по нашим правилам"
"SU19757 BF3 52";"5542405973";"5113950226";"2085302833295";"Куртка мужская с утеплителем синтепух";"'7.5";"Shark Force";"Не продается";;"0";"'0.00";"Нет фото в карточке товара";"2026-07-17 14:48:07";"Одежда";"Куртка";"'22.75";"'4.6";"0";"0";"0";"0";"0";"49999,00";"49999,00";;"5%";;"Изображение: Нет фотографии товара. Вы можете поставлять товары без фото на склад, но покупатели не увидят товар на сайте. Для загрузки карточки на сайт добавьте фото товара по нашим правилам"
"831790Y22N 21 44";"5542405974";"5113949224";"2085303026368";"Куртка зимняя NortFolk на синтепоне с верблюжьей шерстью";"'27.5";"NortFolk";"Не продается";;"0";"'0.00";"Нет фото в карточке товара";"2026-07-17 14:48:07";"Одежда";"Куртка";"'22.75";"'4.6";"0";"0";"0";"0";"0";"49999,00";"49999,00";;"5%";;"Изображение: Нет фотографии товара. Вы можете поставлять товары без фото на склад, но покупатели не увидят товар на сайте. Для загрузки карточки на сайт добавьте фото товара по нашим правилам"
"SU19757 BF132 46";"5542405977";"5113950268";"2085302918305";"Куртка мужская с утеплителем синтепух";"'7.5";"Shark Force";"Не продается";;"0";"'0.00";"Нет фото в карточке товара";"2026-07-17 14:48:07";"Одежда";"Куртка";"'22.75";"'4.6";"0";"0";"0";"0";"0";"49999,00";"49999,00";;"5%";;"Изображение: Нет фотографии товара. Вы можете поставлять товары без фото на склад, но покупатели не увидят товар на сайте. Для загрузки карточки на сайт добавьте фото товара по нашим правилам"
"724D928U MG01 48";"5542405979";"5113949281";"2085303211528";"Куртка мужская с утеплителем синтепух";"'21";"Shark Force";"Продается";;"0";"'0.00";;"2026-07-17 14:48:07";"Одежда";"Куртка";"'22.75";"'4.6";"2";"0";"0";"0";"0";"39950,00";"49999,00";;"5%";;
"724D928U MG0156 56";"5542405983";"5113949279";"2085303211689";"Куртка мужская с утеплителем синтепух";"'12";"Shark Force";"Продается";;"0";"'0.00";;"2026-07-17 14:48:07";"Одежда";"Куртка";"'22.75";"'4.6";"3";"0";"0";"0";"0";"39950,00";"49999,00";;"5%";;
"SU19757 BF2 44";"5542405984";"5113952472";"2085302863827";"Куртка мужская с утеплителем синтепух";"'7.5";"Shark Force";"Не продается";;"0";"'0.00";"Нет фото в карточке товара";"2026-07-17 14:48:07";"Одежда";"Куртка";"'22.75";"'4.6";"0";"0";"0";"0";"0";"49999,00";"49999,00";;"5%";;"Изображение: Нет фотографии товара. Вы можете поставлять товары без фото на склад, но покупатели не увидят товар на сайте. Для загрузки карточки на сайт добавьте фото товара по нашим правилам"
"302580Y15N 225-1 54";"5542405989";"5113949877";"2085303198331";"Куртка женская на синтепоне";"'7.5";"NortFolk";"Не продается";;"0";"'0.00";"Нет фото в карточке товара";"2026-07-17 14:48:07";"Одежда";"Куртка";"'22.75";"'4.6";"0";"0";"0";"0";"0";"49999,00";"49999,00";;"5%";;"Изображение: Нет фотографии товара. Вы можете поставлять товары без фото на склад, но покупатели не увидят товар на сайте. Для загрузки карточки на сайт добавьте фото товара по нашим правилам"
"SU19757 BF132 58";"5542405991";"5113949436";"2085302908764";"Куртка мужская с утеплителем синтепух";"'7.5";"Shark Force";"Не продается";;"0";"'0.00";"Нет фото в карточке товара";"2026-07-17 14:48:07";"Одежда";"Куртка";"'22.75";"'4.6";"0";"0";"0";"0";"0";"49999,00";"49999,00";;"5%";;"Изображение: Нет фотографии товара. Вы можете поставлять товары без фото на склад, но покупатели не увидят товар на сайте. Для загрузки карточки на сайт добавьте фото товара по нашим правилам"
"SU19757 BF2 46";"5542405993";"5113952395";"2085302833387";"Куртка мужская с утеплителем синтепух";"'7.5";"Shark Force";"Не продается";;"0";"'0.00";"Нет фото в карточке товара";"2026-07-17 14:48:07";"Одежда";"Куртка";"'22.75";"'4.6";"0";"0";"0";"0";"0";"49999,00";"49999,00";;"5%";;"Изображение: Нет фотографии товара. Вы можете поставлять товары без фото на склад, но покупатели не увидят товар на сайте. Для загрузки карточки на сайт добавьте фото товара по нашим правилам"
"SU19757 BF42 44";"5542405994";"5113951029";"2085302863797";"Куртка мужская с утеплителем синтепух";"'7.5";"Shark Force";"Не продается";;"0";"'0.00";"Нет фото в карточке товара";"2026-07-17 14:48:07";"Одежда";"Куртка";"'22.75";"'4.6";"0";"0";"0";"0";"0";"49999,00";"49999,00";;"5%";;"Изображение: Нет фотографии товара. Вы можете поставлять товары без фото на склад, но покупатели не увидят товар на сайте. Для загрузки карточки на сайт добавьте фото товара по нашим правилам"
"310580Y21NB 260 68";"5542405995";"5113949392";"2085303198188";"Куртка женская с утеплителем синтепух";"'15";"NortFolk";"Не продается";;"0";"'0.00";"Нет фото в карточке товара";"2026-07-17 14:48:07";"Одежда";"Куртка";"'22.75";"'4.6";"0";"0";"0";"0";"0";"49999,00";"49999,00";;"5%";;"Изображение: Нет фотографии товара. Вы можете поставлять товары без фото на склад, но покупатели не увидят товар на сайте. Для загрузки карточки на сайт добавьте фото товара по нашим правилам"
"SU19757 BF151 44";"5542405997";"5113949832";"2085302863810";"Куртка мужская с утеплителем синтепух";"'7.5";"Shark Force";"Не продается";;"0";"'0.00";"Нет фото в карточке товара";"2026-07-17 14:48:07";"Одежда";"Куртка";"'22.75";"'4.6";"0";"0";"0";"0";"0";"49999,00";"49999,00";;"5%";;"Изображение: Нет фотографии товара. Вы можете поставлять товары без фото на склад, но покупатели не увидят товар на сайте. Для загрузки карточки на сайт добавьте фото товара по нашим правилам"
"724D928U MG042 58";"5542405999";"5113951142";"2085303211634";"Куртка мужская с утеплителем синтепух";"'12";"Shark Force";"Продается";;"0";"'0.00";;"2026-07-17 14:48:07";"Одежда";"Куртка";"'22.75";"'4.6";"2";"0";"0";"0";"0";"39950,00";"49999,00";;"5%";;
"231160Y21N 21 52";"5542406000";"5113949568";"2085303165685";"Куртка женская с утеплителем синтепух";"'15";"NortFolk";"Не продается";;"0";"'0.00";"Нет фото в карточке товара";"2026-07-17 14:48:07";"Одежда";"Куртка";"'22.75";"'4.6";"0";"0";"0";"0";"0";"49999,00";"49999,00";;"5%";;"Изображение: Нет фотографии товара. Вы можете поставлять товары без фото на склад, но покупатели не увидят товар на сайте. Для загрузки карточки на сайт добавьте фото товара по нашим правилам"
"SU19757 BF132 48";"5542406003";"5113951970";"2085302908719";"Куртка мужская с утеплителем синтепух";"'7.5";"Shark Force";"Не продается";;"0";"'0.00";"Нет фото в карточке товара";"2026-07-17 14:48:07";"Одежда";"Куртка";"'22.75";"'4.6";"0";"0";"0";"0";"0";"49999,00";"49999,00";;"5%";;"Изображение: Нет фотографии товара. Вы можете поставлять товары без фото на склад, но покупатели не увидят товар на сайте. Для загрузки карточки на сайт добавьте фото товара по нашим правилам"
"724D928U MG042 54";"5542406006";"5113950208";"2085303211610";"Куртка мужская с утеплителем синтепух";"'12";"Shark Force";"Продается";;"0";"'0.00";;"2026-07-17 14:48:07";"Одежда";"Куртка";"'22.75";"'4.6";"4";"0";"0";"0";"0";"39950,00";"49999,00";;"5%";;
"831790Y22N 24-1 48";"5542406007";"5113950557";"2085303026146";"Куртка зимняя NortFolk на синтепоне с верблюжьей шерстью";"'27.5";"NortFolk";"Не продается";;"0";"'0.00";"Нет фото в карточке товара";"2026-07-17 14:48:07";"Одежда";"Куртка";"'22.75";"'4.6";"0";"0";"0";"0";"0";"49999,00";"49999,00";;"5%";;"Изображение: Нет фотографии товара. Вы можете поставлять товары без фото на склад, но покупатели не увидят товар на сайте. Для загрузки карточки на сайт добавьте фото товара по нашим правилам"
"831790Y22N 24-1 54";"5542406014";"5113953019";"2085303026177";"Куртка зимняя NortFolk на синтепоне с верблюжьей шерстью";"'27.5";"NortFolk";"Не продается";;"0";"'0.00";"Нет фото в карточке товара";"2026-07-17 14:48:08";"Одежда";"Куртка";"'22.75";"'4.6";"0";"0";"0";"0";"0";"49999,00";"49999,00";;"5%";;"Изображение: Нет фотографии товара. Вы можете поставлять товары без фото на склад, но покупатели не увидят товар на сайте. Для загрузки карточки на сайт добавьте фото товара по нашим правилам"
"SU19757 BF151 48";"5542406018";"5113950848";"2085302833332";"Куртка мужская с утеплителем синтепух";"'7.5";"Shark Force";"Не продается";;"0";"'0.00";"Нет фото в карточке товара";"2026-07-17 14:48:08";"Одежда";"Куртка";"'22.75";"'4.6";"0";"0";"0";"0";"0";"49999,00";"49999,00";;"5%";;"Изображение: Нет фотографии товара. Вы можете поставлять товары без фото на склад, но покупатели не увидят товар на сайте. Для загрузки карточки на сайт добавьте фото товара по нашим правилам"
"SU19757 BF10 44";"5542406020";"5113949080";"2085302833134";"Куртка мужская с утеплителем синтепух";"'7.5";"Shark Force";"Не продается";;"0";"'0.00";"Нет фото в карточке товара";"2026-07-17 14:48:08";"Одежда";"Куртка";"'22.75";"'4.6";"0";"0";"0";"0";"0";"49999,00";"49999,00";;"5%";;"Изображение: Нет фотографии товара. Вы можете поставлять товары без фото на склад, но покупатели не увидят товар на сайте. Для загрузки карточки на сайт добавьте фото товара по нашим правилам"
"831790Y22N 24-1 56";"5542406029";"5113951912";"2085303026184";"Куртка зимняя NortFolk на синтепоне с верблюжьей шерстью";"'27.5";"NortFolk";"Не продается";;"0";"'0.00";"Нет фото в карточке товара";"2026-07-17 14:48:08";"Одежда";"Куртка";"'22.75";"'4.6";"0";"0";"0";"0";"0";"49999,00";"49999,00";;"5%";;"Изображение: Нет фотографии товара. Вы можете поставлять товары без фото на склад, но покупатели не увидят товар на сайте. Для загрузки карточки на сайт добавьте фото товара по нашим правилам"
"SU19757 BF3 50";"5542406032";"5113952630";"2085302833288";"Куртка мужская с утеплителем синтепух";"'7.5";"Shark Force";"Не продается";;"0";"'0.00";"Нет фото в карточке товара";"2026-07-17 14:48:08";"Одежда";"Куртка";"'22.75";"'4.6";"0";"0";"0";"0";"0";"49999,00";"49999,00";;"5%";;"Изображение: Нет фотографии товара. Вы можете поставлять товары без фото на склад, но покупатели не увидят товар на сайте. Для загрузки карточки на сайт добавьте фото товара по нашим правилам"
"SU19757 BF3 46";"5542406037";"5113950535";"2085302833264";"Куртка мужская с утеплителем синтепух";"'7.5";"Shark Force";"Не продается";;"0";"'0.00";"Нет фото в карточке товара";"2026-07-17 14:48:08";"Одежда";"Куртка";"'22.75";"'4.6";"0";"0";"0";"0";"0";"49999,00";"49999,00";;"5%";;"Изображение: Нет фотографии товара. Вы можете поставлять товары без фото на склад, но покупатели не увидят товар на сайте. Для загрузки карточки на сайт добавьте фото товара по нашим правилам"
"831790Y22N 24-1 46";"5542406050";"5113950173";"2085303026139";"Куртка зимняя NortFolk на синтепоне с верблюжьей шерстью";"'27.5";"NortFolk";"Не продается";;"0";"'0.00";"Нет фото в карточке товара";"2026-07-17 14:48:08";"Одежда";"Куртка";"'22.75";"'4.6";"0";"0";"0";"0";"0";"49999,00";"49999,00";;"5%";;"Изображение: Нет фотографии товара. Вы можете поставлять товары без фото на склад, но покупатели не увидят товар на сайте. Для загрузки карточки на сайт добавьте фото товара по нашим правилам"
"724D928U MG042 56";"5542406054";"5113949570";"2085303211627";"Куртка мужская с утеплителем синтепух";"'12";"Shark Force";"Продается";;"0";"'0.00";;"2026-07-17 14:48:08";"Одежда";"Куртка";"'22.75";"'4.6";"3";"0";"0";"0";"0";"39950,00";"49999,00";;"5%";;
"SU19757 BF3 44";"5542406105";"5113950257";"2085302863803";"Куртка мужская с утеплителем синтепух";"'7.5";"Shark Force";"Не продается";;"0";"'0.00";"Нет фото в карточке товара";"2026-07-17 14:48:09";"Одежда";"Куртка";"'22.75";"'4.6";"0";"0";"0";"0";"0";"49999,00";"49999,00";;"5%";;"Изображение: Нет фотографии товара. Вы можете поставлять товары без фото на склад, но покупатели не увидят товар на сайте. Для загрузки карточки на сайт добавьте фото товара по нашим правилам"
"SU19757 BF11 46";"5542406112";"5113952062";"2085302833202";"Куртка мужская с утеплителем синтепух";"'7.5";"Shark Force";"Не продается";;"0";"'0.00";"Нет фото в карточке товара";"2026-07-17 14:48:09";"Одежда";"Куртка";"'22.75";"'4.6";"0";"0";"0";"0";"0";"49999,00";"49999,00";;"5%";;"Изображение: Нет фотографии товара. Вы можете поставлять товары без фото на склад, но покупатели не увидят товар на сайте. Для загрузки карточки на сайт добавьте фото товара по нашим правилам"
"924D107 GO6 48";"5913495645";"5429103471";"2085303048278";"Парка мужская куртка удлиненная";"'27.5";"Shark Force";"Не продается";;"0";"'0.00";"Нет фото в карточке товара";"2026-08-11 10:50:51";"Одежда";"Парка";"'9.45";"'1.9";"0";"0";"0";"0";"0";"23500,00";"32500,00";;"5%";;"Изображение: Нет фотографии товара. Вы можете поставлять товары без фото на склад, но покупатели не увидят товар на сайте. Для загрузки карточки на сайт добавьте фото товара по нашим правилам"
"924D107 GO6 50";"5913532299";"5429125371";"2085303048285";"Парка мужская куртка удлиненная";"'27.5";"Shark Force";"Не продается";;"0";"'0.00";"Нет фото в карточке товара";"2026-08-11 10:53:02";"Одежда";"Парка";"'9.45";"'1.9";"0";"0";"0";"0";"0";"23500,00";"32500,00";;"5%";;"Изображение: Нет фотографии товара. Вы можете поставлять товары без фото на склад, но покупатели не увидят товар на сайте. Для загрузки карточки на сайт добавьте фото товара по нашим правилам"
"924D107 GO6 52";"5913577278";"5429166424";"2085303048292";"Парка мужская куртка удлиненная";"'27.5";"Shark Force";"Не продается";;"0";"'0.00";"Нет фото в карточке товара";"2026-08-11 10:55:37";"Одежда";"Парка";"'9.45";"'1.9";"0";"0";"0";"0";"0";"23500,00";"32500,00";;"5%";;"Изображение: Нет фотографии товара. Вы можете поставлять товары без фото на склад, но покупатели не увидят товар на сайте. Для загрузки карточки на сайт добавьте фото товара по нашим правилам"
